#
# There is insufficient memory for the Java Runtime Environment to continue.
# Native memory allocation (malloc) failed to allocate 1931856 bytes. Error detail: Chunk::new
# Possible reasons:
#   The system is out of physical RAM or swap space
#   This process is running with CompressedOops enabled, and the Java Heap may be blocking the growth of the native heap
# Possible solutions:
#   Reduce memory load on the system
#   Increase physical memory or swap space
#   Check if swap backing store is full
#   Decrease Java heap size (-Xmx/-Xms)
#   Decrease number of Java threads
#   Decrease Java thread stack sizes (-Xss)
#   Set larger code cache with -XX:ReservedCodeCacheSize=
#   JVM is running with Zero Based Compressed Oops mode in which the Java heap is
#     placed in the first 32GB address space. The Java Heap base address is the
#     maximum limit for the native heap growth. Please use -XX:HeapBaseMinAddress
#     to set the Java Heap base and to place the Java Heap above 32GB virtual address.
# This output file may be truncated or incomplete.
#
#  Out of Memory Error (arena.cpp:168), pid=1888, tid=18072
#
# JRE version: OpenJDK Runtime Environment Temurin-21.0.11+10 (21.0.11+10) (build 21.0.11+10-LTS)
# Java VM: OpenJDK 64-Bit Server VM Temurin-21.0.11+10 (21.0.11+10-LTS, mixed mode, sharing, tiered, compressed oops, compressed class ptrs, g1 gc, windows-amd64)
# No core dump will be written. Minidumps are not enabled by default on client versions of Windows
#

---------------  S U M M A R Y ------------

Command Line: --add-opens=java.base/java.lang=ALL-UNNAMED --add-opens=java.base/java.lang.invoke=ALL-UNNAMED --add-opens=java.base/java.util=ALL-UNNAMED --add-opens=java.prefs/java.util.prefs=ALL-UNNAMED --add-exports=jdk.compiler/com.sun.tools.javac.api=ALL-UNNAMED --add-exports=jdk.compiler/com.sun.tools.javac.util=ALL-UNNAMED --add-opens=java.base/java.util=ALL-UNNAMED --add-opens=java.prefs/java.util.prefs=ALL-UNNAMED --add-opens=java.base/java.nio.charset=ALL-UNNAMED --add-opens=java.base/java.net=ALL-UNNAMED --add-opens=java.base/java.util.concurrent.atomic=ALL-UNNAMED --add-opens=java.xml/javax.xml.namespace=ALL-UNNAMED -XX:MaxMetaspaceSize=1G -Xmx4G -Dfile.encoding=UTF-8 -Duser.country=IN -Duser.language=en -Duser.variant -javaagent:C:\Users\Inurum_Four\.gradle\wrapper\dists\gradle-8.14-all\c2qonpi39x1mddn7hk5gh9iqj\gradle-8.14\lib\agents\gradle-instrumentation-agent-8.14.jar org.gradle.launcher.daemon.bootstrap.GradleDaemon 8.14

Host: 12th Gen Intel(R) Core(TM) i3-12100F, 8 cores, 15G,  Windows 11 , 64 bit Build 26100 (10.0.26100.8246)
Time: Mon Aug 24 14:46:51 2026 India Standard Time elapsed time: 174.027404 seconds (0d 0h 2m 54s)

---------------  T H R E A D  ---------------

Current thread (0x000001420aebcf40):  JavaThread "C2 CompilerThread1" daemon [_thread_in_native, id=18072, stack(0x0000001020000000,0x0000001020100000) (1024K)]


Current CompileTask:
C2:174027 18908   !   4       org.codehaus.groovy.runtime.metaclass.ClosureMetaClass::invokeMethod (872 bytes)

Stack: [0x0000001020000000,0x0000001020100000]
Native frames: (J=compiled Java code, j=interpreted, Vv=VM code, C=native code)
V  [jvm.dll+0x6d7e19]
V  [jvm.dll+0x8b5096]
V  [jvm.dll+0x8b764e]
V  [jvm.dll+0x8b7d33]
V  [jvm.dll+0x284596]
V  [jvm.dll+0xc685d]
V  [jvm.dll+0xc6da1]
V  [jvm.dll+0x3bed31]
V  [jvm.dll+0x38b2b2]
V  [jvm.dll+0x38a6fa]
V  [jvm.dll+0x24c700]
V  [jvm.dll+0x24bce0]
V  [jvm.dll+0x1cb4ae]
V  [jvm.dll+0x25baad]
V  [jvm.dll+0x25a03a]
V  [jvm.dll+0x3f868e]
V  [jvm.dll+0x85fb0d]
V  [jvm.dll+0x6d664d]
C  [ucrtbase.dll+0x37b0]
C  [KERNEL32.DLL+0x2e8d7]
C  [ntdll.dll+0x8c3fc]


---------------  P R O C E S S  ---------------

Threads class SMR info:
_java_thread_list=0x0000014203c0a5f0, length=135, elements={
0x000001422885ade0, 0x0000014244a1fc40, 0x0000014244a213c0, 0x0000014244a22da0,
0x0000014244a25810, 0x0000014244a29200, 0x0000014244a29d90, 0x0000014244a2bba0,
0x0000014244a31010, 0x0000014244cbbd10, 0x0000014244c8ffc0, 0x000001427f3a9520,
0x000001427efafb40, 0x000001420011b450, 0x00000142002af480, 0x0000014200750ab0,
0x00000142007524f0, 0x0000014200753f30, 0x0000014200752b80, 0x00000142007517d0,
0x00000142007552e0, 0x0000014200751e60, 0x0000014200755970, 0x0000014200756d20,
0x0000014201d8d6f0, 0x0000014201d8e410, 0x000001427e298660, 0x0000014202c33370,
0x0000014202c2fef0, 0x0000014202c33a00, 0x0000014202c30580, 0x0000014202c34720,
0x0000014202c34db0, 0x0000014202c34090, 0x0000014202c31930, 0x0000014202c35440,
0x0000014202c35ad0, 0x0000014202c367f0, 0x0000014202c36e80, 0x0000014202c37510,
0x0000014244a99410, 0x0000014244a99aa0, 0x0000014244a9a130, 0x0000014244a98060,
0x0000014244a9bb70, 0x0000014244a9a7c0, 0x0000014244a986f0, 0x0000014244a9e2d0,
0x0000014244a9c200, 0x0000014244a9dc40, 0x0000014244a9c890, 0x0000014244a9d5b0,
0x0000014244a9cf20, 0x0000014244a9ae50, 0x0000014244a9f680, 0x0000014244a9e960,
0x000001427e29bae0, 0x000001427e29b450, 0x000001427e299380, 0x000001427e29d520,
0x000001427e29dbb0, 0x000001427e29adc0, 0x000001427e29e8d0, 0x000001427e29f5f0,
0x000001427e29fc80, 0x0000014200751140, 0x0000014200754c50, 0x00000142007573b0,
0x0000014200757a40, 0x0000014201d8f7c0, 0x0000014201d8fe50, 0x0000014201d904e0,
0x0000014201d8d060, 0x00000142002aedf0, 0x00000142002afb10, 0x00000142002ae760,
0x0000014244a9eff0, 0x0000014202c36160, 0x000001420490eb20, 0x000001420490d0e0,
0x000001420490c3c0, 0x000001420490d770, 0x000001420490de00, 0x000001420490ca50,
0x000001420490b6a0, 0x000001420490e490, 0x000001420490bd30, 0x0000014204911fa0,
0x0000014204911910, 0x0000014204912cc0, 0x0000014204910560, 0x000001420490f840,
0x000001420490fed0, 0x0000014204910bf0, 0x000001427e29ef60, 0x00000142013064d0,
0x0000014201303d70, 0x0000014201305120, 0x0000014201304400, 0x0000014201305e40,
0x0000014201304a90, 0x0000014201303050, 0x00000142012ff540, 0x0000014201301ca0,
0x00000142012ffbd0, 0x00000142012feeb0, 0x0000014201300f80, 0x00000142013008f0,
0x00000142013029c0, 0x0000014201230b60, 0x000001420122ea90, 0x000001420122e400,
0x0000014201231f10, 0x0000014201231880, 0x00000142012325a0, 0x00000142012311f0,
0x00000142012304d0, 0x000001420122f7b0, 0x000001420122f120, 0x00000142012332c0,
0x0000014201232c30, 0x000001420122fe40, 0x0000014201234670, 0x0000014201233950,
0x0000014201234d00, 0x000001420122dd70, 0x00000142044a0130, 0x0000014204696d10,
0x0000014204698de0, 0x00000142046973a0, 0x0000014204696680, 0x0000014204699470,
0x00000142046980c0, 0x0000014204699b00, 0x000001420aebcf40
}

Java Threads: ( => current thread )
  0x000001422885ade0 JavaThread "main"                              [_thread_blocked, id=16632, stack(0x000000101ba00000,0x000000101bb00000) (1024K)]
  0x0000014244a1fc40 JavaThread "Reference Handler"          daemon [_thread_blocked, id=5472, stack(0x000000101c200000,0x000000101c300000) (1024K)]
  0x0000014244a213c0 JavaThread "Finalizer"                  daemon [_thread_blocked, id=11292, stack(0x000000101c300000,0x000000101c400000) (1024K)]
  0x0000014244a22da0 JavaThread "Signal Dispatcher"          daemon [_thread_blocked, id=13520, stack(0x000000101c400000,0x000000101c500000) (1024K)]
  0x0000014244a25810 JavaThread "Attach Listener"            daemon [_thread_blocked, id=16552, stack(0x000000101c500000,0x000000101c600000) (1024K)]
  0x0000014244a29200 JavaThread "Service Thread"             daemon [_thread_blocked, id=13940, stack(0x000000101c600000,0x000000101c700000) (1024K)]
  0x0000014244a29d90 JavaThread "Monitor Deflation Thread"   daemon [_thread_blocked, id=8836, stack(0x000000101c700000,0x000000101c800000) (1024K)]
  0x0000014244a2bba0 JavaThread "C2 CompilerThread0"         daemon [_thread_blocked, id=708, stack(0x000000101c800000,0x000000101c900000) (1024K)]
  0x0000014244a31010 JavaThread "C1 CompilerThread0"         daemon [_thread_blocked, id=17800, stack(0x000000101c900000,0x000000101ca00000) (1024K)]
  0x0000014244cbbd10 JavaThread "Common-Cleaner"             daemon [_thread_blocked, id=13868, stack(0x000000101ca00000,0x000000101cb00000) (1024K)]
  0x0000014244c8ffc0 JavaThread "Notification Thread"        daemon [_thread_blocked, id=18468, stack(0x000000101cb00000,0x000000101cc00000) (1024K)]
  0x000001427f3a9520 JavaThread "Daemon health stats"               [_thread_blocked, id=1780, stack(0x000000101d200000,0x000000101d300000) (1024K)]
  0x000001427efafb40 JavaThread "Incoming local TCP Connector on port 60799"        [_thread_in_native, id=14716, stack(0x000000101d100000,0x000000101d200000) (1024K)]
  0x000001420011b450 JavaThread "Daemon periodic checks"            [_thread_blocked, id=19196, stack(0x000000101d300000,0x000000101d400000) (1024K)]
  0x00000142002af480 JavaThread "Cache worker for journal cache (C:\Users\Inurum_Four\.gradle\caches\journal-1)"        [_thread_blocked, id=1232, stack(0x000000101db00000,0x000000101dc00000) (1024K)]
  0x0000014200750ab0 JavaThread "File lock request listener"        [_thread_in_native, id=15232, stack(0x000000101dc00000,0x000000101dd00000) (1024K)]
  0x00000142007524f0 JavaThread "Cache worker for file hash cache (C:\Users\Inurum_Four\.gradle\caches\8.14\fileHashes)"        [_thread_blocked, id=19920, stack(0x000000101dd00000,0x000000101de00000) (1024K)]
  0x0000014200753f30 JavaThread "File lock release action executor"        [_thread_blocked, id=18884, stack(0x000000101e100000,0x000000101e200000) (1024K)]
  0x0000014200752b80 JavaThread "File watcher server"        daemon [_thread_in_native, id=5772, stack(0x000000101e400000,0x000000101e500000) (1024K)]
  0x00000142007517d0 JavaThread "File watcher consumer"      daemon [_thread_blocked, id=21244, stack(0x000000101e500000,0x000000101e600000) (1024K)]
  0x00000142007552e0 JavaThread "jar transforms"                    [_thread_blocked, id=6468, stack(0x000000101e800000,0x000000101e900000) (1024K)]
  0x0000014200751e60 JavaThread "jar transforms Thread 2"           [_thread_blocked, id=6740, stack(0x000000101e900000,0x000000101ea00000) (1024K)]
  0x0000014200755970 JavaThread "jar transforms Thread 3"           [_thread_blocked, id=7188, stack(0x000000101e600000,0x000000101e700000) (1024K)]
  0x0000014200756d20 JavaThread "Cache worker for file content cache (C:\Users\Inurum_Four\.gradle\caches\8.14\fileContent)"        [_thread_blocked, id=20000, stack(0x000000101ec00000,0x000000101ed00000) (1024K)]
  0x0000014201d8d6f0 JavaThread "jar transforms Thread 4"           [_thread_blocked, id=13744, stack(0x000000101ef00000,0x000000101f000000) (1024K)]
  0x0000014201d8e410 JavaThread "jar transforms Thread 5"           [_thread_blocked, id=19604, stack(0x000000101f100000,0x000000101f200000) (1024K)]
  0x000001427e298660 JavaThread "Memory manager"                    [_thread_blocked, id=3748, stack(0x0000001020900000,0x0000001020a00000) (1024K)]
  0x0000014202c33370 JavaThread "Daemon Thread 2"                   [_thread_blocked, id=10408, stack(0x000000101b700000,0x000000101b800000) (1024K)]
  0x0000014202c2fef0 JavaThread "Handler for socket connection from /127.0.0.1:60799 to /127.0.0.1:59892"        [_thread_in_native, id=21440, stack(0x000000101b800000,0x000000101b900000) (1024K)]
  0x0000014202c33a00 JavaThread "Cancel handler"                    [_thread_blocked, id=4332, stack(0x000000101b900000,0x000000101ba00000) (1024K)]
  0x0000014202c30580 JavaThread "Daemon worker Thread 2"            [_thread_in_Java, id=16496, stack(0x000000101d400000,0x000000101d500000) (1024K)]
  0x0000014202c34720 JavaThread "Asynchronous log dispatcher for DefaultDaemonConnection: socket connection from /127.0.0.1:60799 to /127.0.0.1:59892"        [_thread_blocked, id=4040, stack(0x000000101d500000,0x000000101d600000) (1024K)]
  0x0000014202c34db0 JavaThread "Stdin handler"                     [_thread_blocked, id=19596, stack(0x000000101d600000,0x000000101d700000) (1024K)]
  0x0000014202c34090 JavaThread "Daemon client event forwarder"        [_thread_blocked, id=3736, stack(0x000000101d700000,0x000000101d800000) (1024K)]
  0x0000014202c31930 JavaThread "Cache worker for file hash cache (D:\InurumFlutter\mg\driver and customer\mahilasaarthi\driver\android\.gradle\8.14\fileHashes)"        [_thread_blocked, id=20980, stack(0x000000101d800000,0x000000101d900000) (1024K)]
  0x0000014202c35440 JavaThread "Cache worker for Build Output Cleanup Cache (D:\InurumFlutter\mg\driver and customer\mahilasaarthi\driver\android\.gradle\buildOutputCleanup)"        [_thread_blocked, id=3600, stack(0x000000101d900000,0x000000101da00000) (1024K)]
  0x0000014202c35ad0 JavaThread "jar transforms Thread 6"           [_thread_blocked, id=6452, stack(0x000000101da00000,0x000000101db00000) (1024K)]
  0x0000014202c367f0 JavaThread "jar transforms Thread 7"           [_thread_blocked, id=3388, stack(0x000000101e200000,0x000000101e300000) (1024K)]
  0x0000014202c36e80 JavaThread "Cache worker for checksums cache (D:\InurumFlutter\mg\driver and customer\mahilasaarthi\driver\android\.gradle\8.14\checksums)"        [_thread_blocked, id=13292, stack(0x000000101e300000,0x000000101e400000) (1024K)]
  0x0000014202c37510 JavaThread "Cache worker for cache directory md-supplier (C:\Users\Inurum_Four\.gradle\caches\8.14\md-supplier)"        [_thread_blocked, id=15564, stack(0x000000101e700000,0x000000101e800000) (1024K)]
  0x0000014244a99410 JavaThread "Cache worker for cache directory md-rule (C:\Users\Inurum_Four\.gradle\caches\8.14\md-rule)"        [_thread_blocked, id=11792, stack(0x000000101ea00000,0x000000101eb00000) (1024K)]
  0x0000014244a99aa0 JavaThread "Cache worker for Build Output Cleanup Cache (C:\src\flutter\packages\flutter_tools\gradle\.gradle\buildOutputCleanup)"        [_thread_blocked, id=2056, stack(0x000000101eb00000,0x000000101ec00000) (1024K)]
  0x0000014244a9a130 JavaThread "Unconstrained build operations"        [_thread_blocked, id=13900, stack(0x000000101ee00000,0x000000101ef00000) (1024K)]
  0x0000014244a98060 JavaThread "Unconstrained build operations Thread 2"        [_thread_blocked, id=17324, stack(0x000000101f000000,0x000000101f100000) (1024K)]
  0x0000014244a9bb70 JavaThread "Unconstrained build operations Thread 3"        [_thread_blocked, id=18716, stack(0x000000101f200000,0x000000101f300000) (1024K)]
  0x0000014244a9a7c0 JavaThread "Unconstrained build operations Thread 4"        [_thread_blocked, id=12416, stack(0x000000101f300000,0x000000101f400000) (1024K)]
  0x0000014244a986f0 JavaThread "Unconstrained build operations Thread 5"        [_thread_blocked, id=13948, stack(0x000000101f400000,0x000000101f500000) (1024K)]
  0x0000014244a9e2d0 JavaThread "Unconstrained build operations Thread 6"        [_thread_blocked, id=1472, stack(0x000000101f500000,0x000000101f600000) (1024K)]
  0x0000014244a9c200 JavaThread "Unconstrained build operations Thread 7"        [_thread_blocked, id=5944, stack(0x000000101f600000,0x000000101f700000) (1024K)]
  0x0000014244a9dc40 JavaThread "Unconstrained build operations Thread 8"        [_thread_blocked, id=18580, stack(0x000000101f800000,0x000000101f900000) (1024K)]
  0x0000014244a9c890 JavaThread "Unconstrained build operations Thread 9"        [_thread_blocked, id=17120, stack(0x000000101f900000,0x000000101fa00000) (1024K)]
  0x0000014244a9d5b0 JavaThread "Unconstrained build operations Thread 10"        [_thread_blocked, id=20088, stack(0x000000101fa00000,0x000000101fb00000) (1024K)]
  0x0000014244a9cf20 JavaThread "Unconstrained build operations Thread 11"        [_thread_blocked, id=20332, stack(0x000000101fb00000,0x000000101fc00000) (1024K)]
  0x0000014244a9ae50 JavaThread "Unconstrained build operations Thread 12"        [_thread_blocked, id=6040, stack(0x000000101fc00000,0x000000101fd00000) (1024K)]
  0x0000014244a9f680 JavaThread "Unconstrained build operations Thread 13"        [_thread_blocked, id=17484, stack(0x000000101fd00000,0x000000101fe00000) (1024K)]
  0x0000014244a9e960 JavaThread "Unconstrained build operations Thread 14"        [_thread_blocked, id=17056, stack(0x000000101fe00000,0x000000101ff00000) (1024K)]
  0x000001427e29bae0 JavaThread "build event listener"              [_thread_blocked, id=5984, stack(0x000000101ff00000,0x0000001020000000) (1024K)]
  0x000001427e29b450 JavaThread "Execution worker"                  [_thread_blocked, id=21040, stack(0x0000001020100000,0x0000001020200000) (1024K)]
  0x000001427e299380 JavaThread "Execution worker Thread 2"         [_thread_blocked, id=21012, stack(0x0000001020200000,0x0000001020300000) (1024K)]
  0x000001427e29d520 JavaThread "Execution worker Thread 3"         [_thread_blocked, id=19080, stack(0x0000001020300000,0x0000001020400000) (1024K)]
  0x000001427e29dbb0 JavaThread "Execution worker Thread 4"         [_thread_blocked, id=20616, stack(0x0000001020400000,0x0000001020500000) (1024K)]
  0x000001427e29adc0 JavaThread "Execution worker Thread 5"         [_thread_blocked, id=15696, stack(0x0000001020500000,0x0000001020600000) (1024K)]
  0x000001427e29e8d0 JavaThread "Execution worker Thread 6"         [_thread_blocked, id=2632, stack(0x0000001020600000,0x0000001020700000) (1024K)]
  0x000001427e29f5f0 JavaThread "Execution worker Thread 7"         [_thread_blocked, id=4968, stack(0x0000001020700000,0x0000001020800000) (1024K)]
  0x000001427e29fc80 JavaThread "Cache worker for execution history cache (C:\src\flutter\packages\flutter_tools\gradle\.gradle\8.14\executionHistory)"        [_thread_blocked, id=6356, stack(0x0000001020800000,0x0000001020900000) (1024K)]
  0x0000014200751140 JavaThread "Unconstrained build operations Thread 15"        [_thread_blocked, id=20716, stack(0x000000101f700000,0x000000101f800000) (1024K)]
  0x0000014200754c50 JavaThread "Unconstrained build operations Thread 16"        [_thread_blocked, id=17164, stack(0x0000001020a00000,0x0000001020b00000) (1024K)]
  0x00000142007573b0 JavaThread "Unconstrained build operations Thread 17"        [_thread_blocked, id=10600, stack(0x0000001020b00000,0x0000001020c00000) (1024K)]
  0x0000014200757a40 JavaThread "Unconstrained build operations Thread 18"        [_thread_blocked, id=17736, stack(0x0000001020c00000,0x0000001020d00000) (1024K)]
  0x0000014201d8f7c0 JavaThread "Unconstrained build operations Thread 19"        [_thread_blocked, id=14480, stack(0x0000001020d00000,0x0000001020e00000) (1024K)]
  0x0000014201d8fe50 JavaThread "Unconstrained build operations Thread 20"        [_thread_blocked, id=13528, stack(0x0000001020e00000,0x0000001020f00000) (1024K)]
  0x0000014201d904e0 JavaThread "Unconstrained build operations Thread 21"        [_thread_blocked, id=13184, stack(0x0000001020f00000,0x0000001021000000) (1024K)]
  0x0000014201d8d060 JavaThread "Unconstrained build operations Thread 22"        [_thread_blocked, id=3040, stack(0x0000001021000000,0x0000001021100000) (1024K)]
  0x00000142002aedf0 JavaThread "Unconstrained build operations Thread 23"        [_thread_blocked, id=20952, stack(0x0000001021100000,0x0000001021200000) (1024K)]
  0x00000142002afb10 JavaThread "Unconstrained build operations Thread 24"        [_thread_blocked, id=12964, stack(0x0000001021200000,0x0000001021300000) (1024K)]
  0x00000142002ae760 JavaThread "Unconstrained build operations Thread 25"        [_thread_blocked, id=14800, stack(0x0000001021300000,0x0000001021400000) (1024K)]
  0x0000014244a9eff0 JavaThread "Unconstrained build operations Thread 26"        [_thread_blocked, id=18916, stack(0x0000001021400000,0x0000001021500000) (1024K)]
  0x0000014202c36160 JavaThread "Unconstrained build operations Thread 27"        [_thread_blocked, id=20772, stack(0x0000001021500000,0x0000001021600000) (1024K)]
  0x000001420490eb20 JavaThread "Unconstrained build operations Thread 28"        [_thread_blocked, id=20320, stack(0x0000001021600000,0x0000001021700000) (1024K)]
  0x000001420490d0e0 JavaThread "Unconstrained build operations Thread 29"        [_thread_blocked, id=12676, stack(0x0000001021700000,0x0000001021800000) (1024K)]
  0x000001420490c3c0 JavaThread "Unconstrained build operations Thread 30"        [_thread_blocked, id=19020, stack(0x0000001021800000,0x0000001021900000) (1024K)]
  0x000001420490d770 JavaThread "Unconstrained build operations Thread 31"        [_thread_blocked, id=13188, stack(0x0000001021900000,0x0000001021a00000) (1024K)]
  0x000001420490de00 JavaThread "Unconstrained build operations Thread 32"        [_thread_blocked, id=8736, stack(0x0000001021a00000,0x0000001021b00000) (1024K)]
  0x000001420490ca50 JavaThread "Unconstrained build operations Thread 33"        [_thread_blocked, id=10992, stack(0x0000001021b00000,0x0000001021c00000) (1024K)]
  0x000001420490b6a0 JavaThread "Unconstrained build operations Thread 34"        [_thread_blocked, id=13728, stack(0x0000001021c00000,0x0000001021d00000) (1024K)]
  0x000001420490e490 JavaThread "Unconstrained build operations Thread 35"        [_thread_blocked, id=6164, stack(0x0000001021d00000,0x0000001021e00000) (1024K)]
  0x000001420490bd30 JavaThread "Unconstrained build operations Thread 36"        [_thread_blocked, id=3076, stack(0x000000101ed00000,0x000000101ee00000) (1024K)]
  0x0000014204911fa0 JavaThread "Unconstrained build operations Thread 37"        [_thread_blocked, id=21384, stack(0x0000001021e00000,0x0000001021f00000) (1024K)]
  0x0000014204911910 JavaThread "Unconstrained build operations Thread 38"        [_thread_blocked, id=13612, stack(0x0000001021f00000,0x0000001022000000) (1024K)]
  0x0000014204912cc0 JavaThread "Unconstrained build operations Thread 39"        [_thread_blocked, id=4800, stack(0x0000001022000000,0x0000001022100000) (1024K)]
  0x0000014204910560 JavaThread "Unconstrained build operations Thread 40"        [_thread_blocked, id=9664, stack(0x0000001022100000,0x0000001022200000) (1024K)]
  0x000001420490f840 JavaThread "Unconstrained build operations Thread 41"        [_thread_blocked, id=18996, stack(0x0000001022200000,0x0000001022300000) (1024K)]
  0x000001420490fed0 JavaThread "Unconstrained build operations Thread 42"        [_thread_blocked, id=16432, stack(0x0000001022300000,0x0000001022400000) (1024K)]
  0x0000014204910bf0 JavaThread "Unconstrained build operations Thread 43"        [_thread_blocked, id=9128, stack(0x0000001022400000,0x0000001022500000) (1024K)]
  0x000001427e29ef60 JavaThread "Unconstrained build operations Thread 44"        [_thread_blocked, id=10468, stack(0x0000001022500000,0x0000001022600000) (1024K)]
  0x00000142013064d0 JavaThread "Unconstrained build operations Thread 45"        [_thread_blocked, id=16716, stack(0x0000001022600000,0x0000001022700000) (1024K)]
  0x0000014201303d70 JavaThread "Unconstrained build operations Thread 46"        [_thread_blocked, id=17476, stack(0x0000001022700000,0x0000001022800000) (1024K)]
  0x0000014201305120 JavaThread "Unconstrained build operations Thread 47"        [_thread_blocked, id=19936, stack(0x0000001022800000,0x0000001022900000) (1024K)]
  0x0000014201304400 JavaThread "Unconstrained build operations Thread 48"        [_thread_blocked, id=14888, stack(0x0000001022900000,0x0000001022a00000) (1024K)]
  0x0000014201305e40 JavaThread "Unconstrained build operations Thread 49"        [_thread_blocked, id=12028, stack(0x0000001022a00000,0x0000001022b00000) (1024K)]
  0x0000014201304a90 JavaThread "Unconstrained build operations Thread 50"        [_thread_blocked, id=20916, stack(0x0000001022b00000,0x0000001022c00000) (1024K)]
  0x0000014201303050 JavaThread "Unconstrained build operations Thread 51"        [_thread_blocked, id=5964, stack(0x0000001022c00000,0x0000001022d00000) (1024K)]
  0x00000142012ff540 JavaThread "Unconstrained build operations Thread 52"        [_thread_blocked, id=20756, stack(0x0000001022d00000,0x0000001022e00000) (1024K)]
  0x0000014201301ca0 JavaThread "Unconstrained build operations Thread 53"        [_thread_blocked, id=13368, stack(0x0000001022e00000,0x0000001022f00000) (1024K)]
  0x00000142012ffbd0 JavaThread "Unconstrained build operations Thread 54"        [_thread_blocked, id=6980, stack(0x0000001022f00000,0x0000001023000000) (1024K)]
  0x00000142012feeb0 JavaThread "Unconstrained build operations Thread 55"        [_thread_blocked, id=5068, stack(0x0000001023000000,0x0000001023100000) (1024K)]
  0x0000014201300f80 JavaThread "Unconstrained build operations Thread 56"        [_thread_blocked, id=15100, stack(0x0000001023100000,0x0000001023200000) (1024K)]
  0x00000142013008f0 JavaThread "Unconstrained build operations Thread 57"        [_thread_blocked, id=14564, stack(0x0000001023200000,0x0000001023300000) (1024K)]
  0x00000142013029c0 JavaThread "Unconstrained build operations Thread 58"        [_thread_blocked, id=21332, stack(0x0000001023300000,0x0000001023400000) (1024K)]
  0x0000014201230b60 JavaThread "jar transforms Thread 8"           [_thread_blocked, id=6640, stack(0x0000001023400000,0x0000001023500000) (1024K)]
  0x000001420122ea90 JavaThread "Unconstrained build operations Thread 59"        [_thread_blocked, id=14408, stack(0x0000001023500000,0x0000001023600000) (1024K)]
  0x000001420122e400 JavaThread "Unconstrained build operations Thread 60"        [_thread_blocked, id=19380, stack(0x0000001023600000,0x0000001023700000) (1024K)]
  0x0000014201231f10 JavaThread "Unconstrained build operations Thread 61"        [_thread_blocked, id=19212, stack(0x0000001023700000,0x0000001023800000) (1024K)]
  0x0000014201231880 JavaThread "Unconstrained build operations Thread 62"        [_thread_blocked, id=14508, stack(0x0000001023800000,0x0000001023900000) (1024K)]
  0x00000142012325a0 JavaThread "Unconstrained build operations Thread 63"        [_thread_blocked, id=20876, stack(0x0000001023900000,0x0000001023a00000) (1024K)]
  0x00000142012311f0 JavaThread "Unconstrained build operations Thread 64"        [_thread_blocked, id=14764, stack(0x0000001023a00000,0x0000001023b00000) (1024K)]
  0x00000142012304d0 JavaThread "Unconstrained build operations Thread 65"        [_thread_blocked, id=16500, stack(0x0000001023b00000,0x0000001023c00000) (1024K)]
  0x000001420122f7b0 JavaThread "Unconstrained build operations Thread 66"        [_thread_blocked, id=19944, stack(0x0000001023c00000,0x0000001023d00000) (1024K)]
  0x000001420122f120 JavaThread "Unconstrained build operations Thread 67"        [_thread_blocked, id=10896, stack(0x0000001023d00000,0x0000001023e00000) (1024K)]
  0x00000142012332c0 JavaThread "Unconstrained build operations Thread 68"        [_thread_blocked, id=5100, stack(0x0000001023e00000,0x0000001023f00000) (1024K)]
  0x0000014201232c30 JavaThread "Unconstrained build operations Thread 69"        [_thread_blocked, id=1904, stack(0x0000001023f00000,0x0000001024000000) (1024K)]
  0x000001420122fe40 JavaThread "Unconstrained build operations Thread 70"        [_thread_blocked, id=18392, stack(0x0000001024000000,0x0000001024100000) (1024K)]
  0x0000014201234670 JavaThread "Unconstrained build operations Thread 71"        [_thread_blocked, id=7072, stack(0x0000001024100000,0x0000001024200000) (1024K)]
  0x0000014201233950 JavaThread "Unconstrained build operations Thread 72"        [_thread_blocked, id=2024, stack(0x0000001024200000,0x0000001024300000) (1024K)]
  0x0000014201234d00 JavaThread "Unconstrained build operations Thread 73"        [_thread_blocked, id=15132, stack(0x0000001024300000,0x0000001024400000) (1024K)]
  0x000001420122dd70 JavaThread "Problems report writer"            [_thread_blocked, id=10016, stack(0x0000001024400000,0x0000001024500000) (1024K)]
  0x00000142044a0130 JavaThread "build event listener"              [_thread_blocked, id=18992, stack(0x0000001024500000,0x0000001024600000) (1024K)]
  0x0000014204696d10 JavaThread "Unconstrained build operations Thread 74"        [_thread_blocked, id=12068, stack(0x0000001024600000,0x0000001024700000) (1024K)]
  0x0000014204698de0 JavaThread "Unconstrained build operations Thread 75"        [_thread_blocked, id=10496, stack(0x0000001024700000,0x0000001024800000) (1024K)]
  0x00000142046973a0 JavaThread "Unconstrained build operations Thread 76"        [_thread_blocked, id=16860, stack(0x0000001024800000,0x0000001024900000) (1024K)]
  0x0000014204696680 JavaThread "Unconstrained build operations Thread 77"        [_thread_blocked, id=8080, stack(0x0000001024900000,0x0000001024a00000) (1024K)]
  0x0000014204699470 JavaThread "Unconstrained build operations Thread 78"        [_thread_blocked, id=13972, stack(0x0000001024a00000,0x0000001024b00000) (1024K)]
  0x00000142046980c0 JavaThread "Unconstrained build operations Thread 79"        [_thread_blocked, id=17972, stack(0x0000001024b00000,0x0000001024c00000) (1024K)]
  0x0000014204699b00 JavaThread "Unconstrained build operations Thread 80"        [_thread_blocked, id=10024, stack(0x0000001024c00000,0x0000001024d00000) (1024K)]
=>0x000001420aebcf40 JavaThread "C2 CompilerThread1"         daemon [_thread_in_native, id=18072, stack(0x0000001020000000,0x0000001020100000) (1024K)]
Total: 135

Other Threads:
  0x00000142449f8360 VMThread "VM Thread"                           [id=13856, stack(0x000000101c100000,0x000000101c200000) (1024K)]
  0x00000142449e8c70 WatcherThread "VM Periodic Task Thread"        [id=19116, stack(0x000000101c000000,0x000000101c100000) (1024K)]
  0x000001422ab175a0 WorkerThread "GC Thread#0"                     [id=1304, stack(0x000000101bb00000,0x000000101bc00000) (1024K)]
  0x0000014244d7dc90 WorkerThread "GC Thread#1"                     [id=13396, stack(0x000000101cc00000,0x000000101cd00000) (1024K)]
  0x0000014244df84f0 WorkerThread "GC Thread#2"                     [id=2936, stack(0x000000101cd00000,0x000000101ce00000) (1024K)]
  0x0000014244d29530 WorkerThread "GC Thread#3"                     [id=18156, stack(0x000000101ce00000,0x000000101cf00000) (1024K)]
  0x0000014244d298e0 WorkerThread "GC Thread#4"                     [id=2436, stack(0x000000101cf00000,0x000000101d000000) (1024K)]
  0x0000014244d29c90 WorkerThread "GC Thread#5"                     [id=20432, stack(0x000000101d000000,0x000000101d100000) (1024K)]
  0x000001420046ed80 WorkerThread "GC Thread#6"                     [id=9120, stack(0x000000101de00000,0x000000101df00000) (1024K)]
  0x0000014200594fb0 WorkerThread "GC Thread#7"                     [id=9772, stack(0x000000101df00000,0x000000101e000000) (1024K)]
  0x000001422ab299a0 ConcurrentGCThread "G1 Main Marker"            [id=13044, stack(0x000000101bc00000,0x000000101bd00000) (1024K)]
  0x000001422ab2b330 WorkerThread "G1 Conc#0"                       [id=10668, stack(0x000000101bd00000,0x000000101be00000) (1024K)]
  0x000001427e25d0a0 WorkerThread "G1 Conc#1"                       [id=17964, stack(0x000000101e000000,0x000000101e100000) (1024K)]
  0x00000142448b79b0 ConcurrentGCThread "G1 Refine#0"               [id=17456, stack(0x000000101be00000,0x000000101bf00000) (1024K)]
  0x00000142448ba1f0 ConcurrentGCThread "G1 Service"                [id=13832, stack(0x000000101bf00000,0x000000101c000000) (1024K)]
Total: 15

Threads with active compile tasks:
C2 CompilerThread0  174047 18945       4       kotlin.collections.CollectionsKt___CollectionsKt::toList (103 bytes)
C2 CompilerThread1  174047 18908   !   4       org.codehaus.groovy.runtime.metaclass.ClosureMetaClass::invokeMethod (872 bytes)
Total: 2

VM state: not at safepoint (normal execution)

VM Mutex/Monitor currently owned by a thread: None

Heap address: 0x0000000700000000, size: 4096 MB, Compressed Oops mode: Zero based, Oop shift amount: 3

CDS archive(s) mapped at: [0x0000014245000000-0x0000014245ba0000-0x0000014245ba0000), size 12189696, SharedBaseAddress: 0x0000014245000000, ArchiveRelocationMode: 1.
Compressed class space mapped at: 0x0000014246000000-0x000001427a000000, reserved size: 872415232
Narrow klass base: 0x0000014245000000, Narrow klass shift: 0, Narrow klass range: 0x100000000

GC Precious Log:
 CardTable entry size: 512
 Card Set container configuration: InlinePtr #cards 4 size 8 Array Of Cards #cards 16 size 48 Howl #buckets 8 coarsen threshold 3686 Howl Bitmap #cards 512 size 80 coarsen threshold 460 Card regions per heap region 1 cards per card region 4096
 CPUs: 8 total, 8 available
 Memory: 16197M
 Large Page Support: Disabled
 NUMA Support: Disabled
 Compressed Oops: Enabled (Zero based)
 Heap Region Size: 2M
 Heap Min Capacity: 8M
 Heap Initial Capacity: 254M
 Heap Max Capacity: 4G
 Pre-touch: Disabled
 Parallel Workers: 8
 Concurrent Workers: 2
 Concurrent Refinement Workers: 8
 Periodic GC: Disabled

Heap:
 garbage-first heap   total 413696K, used 354739K [0x0000000700000000, 0x0000000800000000)
  region size 2048K, 52 young (106496K), 7 survivors (14336K)
 Metaspace       used 116371K, committed 119424K, reserved 983040K
  class space    used 16497K, committed 17920K, reserved 851968K

Heap Regions: E=young(eden), S=young(survivor), O=old, HS=humongous(starts), HC=humongous(continues), CS=collection set, F=free, TAMS=top-at-mark-start, PB=parsable bottom
|   0|0x0000000700000000, 0x0000000700200000, 0x0000000700200000|100%|HS|  |TAMS 0x0000000700000000| PB 0x0000000700000000| Complete 
|   1|0x0000000700200000, 0x0000000700400000, 0x0000000700400000|100%|HC|  |TAMS 0x0000000700200000| PB 0x0000000700200000| Complete 
|   2|0x0000000700400000, 0x0000000700600000, 0x0000000700600000|100%| O|  |TAMS 0x0000000700400000| PB 0x0000000700400000| Untracked 
|   3|0x0000000700600000, 0x0000000700800000, 0x0000000700800000|100%| O|  |TAMS 0x0000000700600000| PB 0x0000000700600000| Untracked 
|   4|0x0000000700800000, 0x0000000700a00000, 0x0000000700a00000|100%| O|  |TAMS 0x0000000700800000| PB 0x0000000700800000| Untracked 
|   5|0x0000000700a00000, 0x0000000700c00000, 0x0000000700c00000|100%| O|  |TAMS 0x0000000700a00000| PB 0x0000000700a00000| Untracked 
|   6|0x0000000700c00000, 0x0000000700e00000, 0x0000000700e00000|100%| O|  |TAMS 0x0000000700c00000| PB 0x0000000700c00000| Untracked 
|   7|0x0000000700e00000, 0x0000000701000000, 0x0000000701000000|100%| O|  |TAMS 0x0000000700e00000| PB 0x0000000700e00000| Untracked 
|   8|0x0000000701000000, 0x0000000701200000, 0x0000000701200000|100%| O|  |TAMS 0x0000000701000000| PB 0x0000000701000000| Untracked 
|   9|0x0000000701200000, 0x0000000701400000, 0x0000000701400000|100%| O|  |TAMS 0x0000000701200000| PB 0x0000000701200000| Untracked 
|  10|0x0000000701400000, 0x0000000701600000, 0x0000000701600000|100%| O|  |TAMS 0x0000000701400000| PB 0x0000000701400000| Untracked 
|  11|0x0000000701600000, 0x00000007017ffff8, 0x0000000701800000| 99%| O|  |TAMS 0x0000000701600000| PB 0x0000000701600000| Untracked 
|  12|0x0000000701800000, 0x00000007019fb078, 0x0000000701a00000| 99%| O|  |TAMS 0x0000000701800000| PB 0x0000000701800000| Untracked 
|  13|0x0000000701a00000, 0x0000000701bff938, 0x0000000701c00000| 99%| O|  |TAMS 0x0000000701a00000| PB 0x0000000701a00000| Untracked 
|  14|0x0000000701c00000, 0x0000000701dfffe0, 0x0000000701e00000| 99%| O|  |TAMS 0x0000000701c00000| PB 0x0000000701c00000| Untracked 
|  15|0x0000000701e00000, 0x0000000702000000, 0x0000000702000000|100%| O|  |TAMS 0x0000000701e00000| PB 0x0000000701e00000| Untracked 
|  16|0x0000000702000000, 0x0000000702200000, 0x0000000702200000|100%| O|  |TAMS 0x0000000702000000| PB 0x0000000702000000| Untracked 
|  17|0x0000000702200000, 0x00000007023fffd8, 0x0000000702400000| 99%| O|  |TAMS 0x0000000702200000| PB 0x0000000702200000| Untracked 
|  18|0x0000000702400000, 0x0000000702600000, 0x0000000702600000|100%| O|  |TAMS 0x0000000702400000| PB 0x0000000702400000| Untracked 
|  19|0x0000000702600000, 0x00000007027fffd0, 0x0000000702800000| 99%| O|  |TAMS 0x0000000702600000| PB 0x0000000702600000| Untracked 
|  20|0x0000000702800000, 0x0000000702a00000, 0x0000000702a00000|100%|HS|  |TAMS 0x0000000702800000| PB 0x0000000702800000| Complete 
|  21|0x0000000702a00000, 0x0000000702c00000, 0x0000000702c00000|100%|HS|  |TAMS 0x0000000702a00000| PB 0x0000000702a00000| Complete 
|  22|0x0000000702c00000, 0x0000000702dffff8, 0x0000000702e00000| 99%| O|  |TAMS 0x0000000702c00000| PB 0x0000000702c00000| Untracked 
|  23|0x0000000702e00000, 0x0000000703000000, 0x0000000703000000|100%| O|  |TAMS 0x0000000702e00000| PB 0x0000000702e00000| Untracked 
|  24|0x0000000703000000, 0x0000000703200000, 0x0000000703200000|100%| O|  |TAMS 0x0000000703000000| PB 0x0000000703000000| Untracked 
|  25|0x0000000703200000, 0x0000000703400000, 0x0000000703400000|100%| O|  |TAMS 0x0000000703200000| PB 0x0000000703200000| Untracked 
|  26|0x0000000703400000, 0x0000000703600000, 0x0000000703600000|100%| O|  |TAMS 0x0000000703400000| PB 0x0000000703400000| Untracked 
|  27|0x0000000703600000, 0x00000007037e6060, 0x0000000703800000| 94%| O|  |TAMS 0x0000000703600000| PB 0x0000000703600000| Untracked 
|  28|0x0000000703800000, 0x0000000703a00000, 0x0000000703a00000|100%| O|  |TAMS 0x0000000703800000| PB 0x0000000703800000| Untracked 
|  29|0x0000000703a00000, 0x0000000703c00000, 0x0000000703c00000|100%| O|  |TAMS 0x0000000703a00000| PB 0x0000000703a00000| Untracked 
|  30|0x0000000703c00000, 0x0000000703e00000, 0x0000000703e00000|100%|HS|  |TAMS 0x0000000703c00000| PB 0x0000000703c00000| Complete 
|  31|0x0000000703e00000, 0x0000000704000000, 0x0000000704000000|100%| O|  |TAMS 0x0000000703e00000| PB 0x0000000703e00000| Untracked 
|  32|0x0000000704000000, 0x0000000704200000, 0x0000000704200000|100%| O|  |TAMS 0x0000000704000000| PB 0x0000000704000000| Untracked 
|  33|0x0000000704200000, 0x0000000704400000, 0x0000000704400000|100%| O|  |TAMS 0x0000000704200000| PB 0x0000000704200000| Untracked 
|  34|0x0000000704400000, 0x0000000704600000, 0x0000000704600000|100%| O|  |TAMS 0x0000000704400000| PB 0x0000000704400000| Untracked 
|  35|0x0000000704600000, 0x0000000704800000, 0x0000000704800000|100%| O|  |TAMS 0x0000000704600000| PB 0x0000000704600000| Untracked 
|  36|0x0000000704800000, 0x0000000704a00000, 0x0000000704a00000|100%| O|  |TAMS 0x0000000704800000| PB 0x0000000704800000| Untracked 
|  37|0x0000000704a00000, 0x0000000704c00000, 0x0000000704c00000|100%| O|  |TAMS 0x0000000704a00000| PB 0x0000000704a00000| Untracked 
|  38|0x0000000704c00000, 0x0000000704e00000, 0x0000000704e00000|100%| O|  |TAMS 0x0000000704c00000| PB 0x0000000704c00000| Untracked 
|  39|0x0000000704e00000, 0x0000000705000000, 0x0000000705000000|100%| O|  |TAMS 0x0000000704e00000| PB 0x0000000704e00000| Untracked 
|  40|0x0000000705000000, 0x0000000705200000, 0x0000000705200000|100%| O|  |TAMS 0x0000000705000000| PB 0x0000000705000000| Untracked 
|  41|0x0000000705200000, 0x0000000705400000, 0x0000000705400000|100%| O|  |TAMS 0x0000000705200000| PB 0x0000000705200000| Untracked 
|  42|0x0000000705400000, 0x0000000705600000, 0x0000000705600000|100%|HS|  |TAMS 0x0000000705400000| PB 0x0000000705400000| Complete 
|  43|0x0000000705600000, 0x0000000705800000, 0x0000000705800000|100%| O|  |TAMS 0x0000000705600000| PB 0x0000000705600000| Untracked 
|  44|0x0000000705800000, 0x0000000705a00000, 0x0000000705a00000|100%| O|  |TAMS 0x0000000705800000| PB 0x0000000705800000| Untracked 
|  45|0x0000000705a00000, 0x0000000705c00000, 0x0000000705c00000|100%| O|  |TAMS 0x0000000705a00000| PB 0x0000000705a00000| Untracked 
|  46|0x0000000705c00000, 0x0000000705e00000, 0x0000000705e00000|100%| O|  |TAMS 0x0000000705c00000| PB 0x0000000705c00000| Untracked 
|  47|0x0000000705e00000, 0x0000000706000000, 0x0000000706000000|100%| O|  |TAMS 0x0000000705e00000| PB 0x0000000705e00000| Untracked 
|  48|0x0000000706000000, 0x0000000706200000, 0x0000000706200000|100%| O|  |TAMS 0x0000000706000000| PB 0x0000000706000000| Untracked 
|  49|0x0000000706200000, 0x0000000706400000, 0x0000000706400000|100%| O|  |TAMS 0x0000000706200000| PB 0x0000000706200000| Untracked 
|  50|0x0000000706400000, 0x0000000706600000, 0x0000000706600000|100%| O|  |TAMS 0x0000000706400000| PB 0x0000000706400000| Untracked 
|  51|0x0000000706600000, 0x0000000706800000, 0x0000000706800000|100%| O|  |TAMS 0x0000000706600000| PB 0x0000000706600000| Untracked 
|  52|0x0000000706800000, 0x0000000706a00000, 0x0000000706a00000|100%| O|  |TAMS 0x0000000706800000| PB 0x0000000706800000| Untracked 
|  53|0x0000000706a00000, 0x0000000706c00000, 0x0000000706c00000|100%| O|  |TAMS 0x0000000706a00000| PB 0x0000000706a00000| Untracked 
|  54|0x0000000706c00000, 0x0000000706e00000, 0x0000000706e00000|100%| O|  |TAMS 0x0000000706c00000| PB 0x0000000706c00000| Untracked 
|  55|0x0000000706e00000, 0x0000000707000000, 0x0000000707000000|100%| O|  |TAMS 0x0000000706e00000| PB 0x0000000706e00000| Untracked 
|  56|0x0000000707000000, 0x0000000707200000, 0x0000000707200000|100%| O|  |TAMS 0x0000000707000000| PB 0x0000000707000000| Untracked 
|  57|0x0000000707200000, 0x0000000707400000, 0x0000000707400000|100%| O|  |TAMS 0x0000000707200000| PB 0x0000000707200000| Untracked 
|  58|0x0000000707400000, 0x0000000707600000, 0x0000000707600000|100%| O|  |TAMS 0x0000000707400000| PB 0x0000000707400000| Untracked 
|  59|0x0000000707600000, 0x0000000707800000, 0x0000000707800000|100%| O|  |TAMS 0x0000000707600000| PB 0x0000000707600000| Untracked 
|  60|0x0000000707800000, 0x0000000707a00000, 0x0000000707a00000|100%| O|  |TAMS 0x0000000707800000| PB 0x0000000707800000| Untracked 
|  61|0x0000000707a00000, 0x0000000707c00000, 0x0000000707c00000|100%| O|  |TAMS 0x0000000707a00000| PB 0x0000000707a00000| Untracked 
|  62|0x0000000707c00000, 0x0000000707e00000, 0x0000000707e00000|100%| O|  |TAMS 0x0000000707c00000| PB 0x0000000707c00000| Untracked 
|  63|0x0000000707e00000, 0x0000000708000000, 0x0000000708000000|100%| O|  |TAMS 0x0000000707e00000| PB 0x0000000707e00000| Untracked 
|  64|0x0000000708000000, 0x0000000708200000, 0x0000000708200000|100%| O|  |TAMS 0x0000000708000000| PB 0x0000000708000000| Untracked 
|  65|0x0000000708200000, 0x0000000708400000, 0x0000000708400000|100%| O|  |TAMS 0x0000000708200000| PB 0x0000000708200000| Untracked 
|  66|0x0000000708400000, 0x0000000708600000, 0x0000000708600000|100%| O|  |TAMS 0x0000000708400000| PB 0x0000000708400000| Untracked 
|  67|0x0000000708600000, 0x0000000708800000, 0x0000000708800000|100%|HS|  |TAMS 0x0000000708600000| PB 0x0000000708600000| Complete 
|  68|0x0000000708800000, 0x0000000708a00000, 0x0000000708a00000|100%|HC|  |TAMS 0x0000000708800000| PB 0x0000000708800000| Complete 
|  69|0x0000000708a00000, 0x0000000708c00000, 0x0000000708c00000|100%| O|  |TAMS 0x0000000708a00000| PB 0x0000000708a00000| Untracked 
|  70|0x0000000708c00000, 0x0000000708e00000, 0x0000000708e00000|100%| O|  |TAMS 0x0000000708c00000| PB 0x0000000708c00000| Untracked 
|  71|0x0000000708e00000, 0x0000000709000000, 0x0000000709000000|100%| O|  |TAMS 0x0000000708e00000| PB 0x0000000708e00000| Untracked 
|  72|0x0000000709000000, 0x0000000709200000, 0x0000000709200000|100%| O|  |TAMS 0x0000000709000000| PB 0x0000000709000000| Untracked 
|  73|0x0000000709200000, 0x0000000709400000, 0x0000000709400000|100%| O|  |TAMS 0x0000000709200000| PB 0x0000000709200000| Untracked 
|  74|0x0000000709400000, 0x0000000709400000, 0x0000000709600000|  0%| F|  |TAMS 0x0000000709400000| PB 0x0000000709400000| Untracked 
|  75|0x0000000709600000, 0x0000000709800000, 0x0000000709800000|100%| O|  |TAMS 0x0000000709600000| PB 0x0000000709600000| Untracked 
|  76|0x0000000709800000, 0x0000000709a00000, 0x0000000709a00000|100%| O|  |TAMS 0x0000000709800000| PB 0x0000000709800000| Untracked 
|  77|0x0000000709a00000, 0x0000000709c00000, 0x0000000709c00000|100%| O|  |TAMS 0x0000000709a00000| PB 0x0000000709a00000| Untracked 
|  78|0x0000000709c00000, 0x0000000709e00000, 0x0000000709e00000|100%| O|  |TAMS 0x0000000709c00000| PB 0x0000000709c00000| Untracked 
|  79|0x0000000709e00000, 0x000000070a000000, 0x000000070a000000|100%| O|  |TAMS 0x0000000709e00000| PB 0x0000000709e00000| Untracked 
|  80|0x000000070a000000, 0x000000070a200000, 0x000000070a200000|100%| O|  |TAMS 0x000000070a000000| PB 0x000000070a000000| Untracked 
|  81|0x000000070a200000, 0x000000070a400000, 0x000000070a400000|100%| O|  |TAMS 0x000000070a200000| PB 0x000000070a200000| Untracked 
|  82|0x000000070a400000, 0x000000070a600000, 0x000000070a600000|100%| O|  |TAMS 0x000000070a400000| PB 0x000000070a400000| Untracked 
|  83|0x000000070a600000, 0x000000070a800000, 0x000000070a800000|100%| O|  |TAMS 0x000000070a600000| PB 0x000000070a600000| Untracked 
|  84|0x000000070a800000, 0x000000070aa00000, 0x000000070aa00000|100%| O|  |TAMS 0x000000070a800000| PB 0x000000070a800000| Untracked 
|  85|0x000000070aa00000, 0x000000070ac00000, 0x000000070ac00000|100%| O|  |TAMS 0x000000070aa00000| PB 0x000000070aa00000| Untracked 
|  86|0x000000070ac00000, 0x000000070ae00000, 0x000000070ae00000|100%| O|  |TAMS 0x000000070ac00000| PB 0x000000070ac00000| Untracked 
|  87|0x000000070ae00000, 0x000000070b000000, 0x000000070b000000|100%| O|  |TAMS 0x000000070ae00000| PB 0x000000070ae00000| Untracked 
|  88|0x000000070b000000, 0x000000070b200000, 0x000000070b200000|100%| O|  |TAMS 0x000000070b000000| PB 0x000000070b000000| Untracked 
|  89|0x000000070b200000, 0x000000070b400000, 0x000000070b400000|100%| O|  |TAMS 0x000000070b200000| PB 0x000000070b200000| Untracked 
|  90|0x000000070b400000, 0x000000070b600000, 0x000000070b600000|100%| O|  |TAMS 0x000000070b400000| PB 0x000000070b400000| Untracked 
|  91|0x000000070b600000, 0x000000070b800000, 0x000000070b800000|100%| O|  |TAMS 0x000000070b600000| PB 0x000000070b600000| Untracked 
|  92|0x000000070b800000, 0x000000070ba00000, 0x000000070ba00000|100%| O|  |TAMS 0x000000070b800000| PB 0x000000070b800000| Untracked 
|  93|0x000000070ba00000, 0x000000070bc00000, 0x000000070bc00000|100%|HS|  |TAMS 0x000000070ba00000| PB 0x000000070ba00000| Complete 
|  94|0x000000070bc00000, 0x000000070be00000, 0x000000070be00000|100%|HS|  |TAMS 0x000000070bc00000| PB 0x000000070bc00000| Complete 
|  95|0x000000070be00000, 0x000000070c000000, 0x000000070c000000|100%|HC|  |TAMS 0x000000070be00000| PB 0x000000070be00000| Complete 
|  96|0x000000070c000000, 0x000000070c200000, 0x000000070c200000|100%| O|  |TAMS 0x000000070c000000| PB 0x000000070c000000| Untracked 
|  97|0x000000070c200000, 0x000000070c400000, 0x000000070c400000|100%| O|  |TAMS 0x000000070c200000| PB 0x000000070c200000| Untracked 
|  98|0x000000070c400000, 0x000000070c600000, 0x000000070c600000|100%| O|  |TAMS 0x000000070c400000| PB 0x000000070c400000| Untracked 
|  99|0x000000070c600000, 0x000000070c800000, 0x000000070c800000|100%| O|  |TAMS 0x000000070c600000| PB 0x000000070c600000| Untracked 
| 100|0x000000070c800000, 0x000000070c800000, 0x000000070ca00000|  0%| F|  |TAMS 0x000000070c800000| PB 0x000000070c800000| Untracked 
| 101|0x000000070ca00000, 0x000000070cc00000, 0x000000070cc00000|100%| O|  |TAMS 0x000000070ca00000| PB 0x000000070ca00000| Untracked 
| 102|0x000000070cc00000, 0x000000070ce00000, 0x000000070ce00000|100%| O|  |TAMS 0x000000070cc00000| PB 0x000000070cc00000| Untracked 
| 103|0x000000070ce00000, 0x000000070ce00000, 0x000000070d000000|  0%| F|  |TAMS 0x000000070ce00000| PB 0x000000070ce00000| Untracked 
| 104|0x000000070d000000, 0x000000070d000000, 0x000000070d200000|  0%| F|  |TAMS 0x000000070d000000| PB 0x000000070d000000| Untracked 
| 105|0x000000070d200000, 0x000000070d400000, 0x000000070d400000|100%|HS|  |TAMS 0x000000070d200000| PB 0x000000070d200000| Complete 
| 106|0x000000070d400000, 0x000000070d600000, 0x000000070d600000|100%| O|  |TAMS 0x000000070d400000| PB 0x000000070d400000| Untracked 
| 107|0x000000070d600000, 0x000000070d800000, 0x000000070d800000|100%| O|  |TAMS 0x000000070d600000| PB 0x000000070d600000| Untracked 
| 108|0x000000070d800000, 0x000000070da00000, 0x000000070da00000|100%| O|  |TAMS 0x000000070d800000| PB 0x000000070d800000| Untracked 
| 109|0x000000070da00000, 0x000000070dc00000, 0x000000070dc00000|100%| O|  |TAMS 0x000000070da00000| PB 0x000000070da00000| Untracked 
| 110|0x000000070dc00000, 0x000000070de00000, 0x000000070de00000|100%| O|  |TAMS 0x000000070dc00000| PB 0x000000070dc00000| Untracked 
| 111|0x000000070de00000, 0x000000070e000000, 0x000000070e000000|100%| O|  |TAMS 0x000000070de00000| PB 0x000000070de00000| Untracked 
| 112|0x000000070e000000, 0x000000070e200000, 0x000000070e200000|100%| O|  |TAMS 0x000000070e000000| PB 0x000000070e000000| Untracked 
| 113|0x000000070e200000, 0x000000070e400000, 0x000000070e400000|100%| O|  |TAMS 0x000000070e200000| PB 0x000000070e200000| Untracked 
| 114|0x000000070e400000, 0x000000070e600000, 0x000000070e600000|100%|HS|  |TAMS 0x000000070e400000| PB 0x000000070e400000| Complete 
| 115|0x000000070e600000, 0x000000070e800000, 0x000000070e800000|100%|HC|  |TAMS 0x000000070e600000| PB 0x000000070e600000| Complete 
| 116|0x000000070e800000, 0x000000070ea00000, 0x000000070ea00000|100%| O|  |TAMS 0x000000070e800000| PB 0x000000070e800000| Untracked 
| 117|0x000000070ea00000, 0x000000070ec00000, 0x000000070ec00000|100%| O|  |TAMS 0x000000070ea00000| PB 0x000000070ea00000| Untracked 
| 118|0x000000070ec00000, 0x000000070ee00000, 0x000000070ee00000|100%| O|  |TAMS 0x000000070ec00000| PB 0x000000070ec00000| Untracked 
| 119|0x000000070ee00000, 0x000000070f000000, 0x000000070f000000|100%| O|  |TAMS 0x000000070ee00000| PB 0x000000070ee00000| Untracked 
| 120|0x000000070f000000, 0x000000070f200000, 0x000000070f200000|100%| O|  |TAMS 0x000000070f000000| PB 0x000000070f000000| Untracked 
| 121|0x000000070f200000, 0x000000070f400000, 0x000000070f400000|100%| O|  |TAMS 0x000000070f200000| PB 0x000000070f200000| Untracked 
| 122|0x000000070f400000, 0x000000070f600000, 0x000000070f600000|100%| O|  |TAMS 0x000000070f400000| PB 0x000000070f400000| Untracked 
| 123|0x000000070f600000, 0x000000070f800000, 0x000000070f800000|100%| O|  |TAMS 0x000000070f600000| PB 0x000000070f600000| Untracked 
| 124|0x000000070f800000, 0x000000070fa00000, 0x000000070fa00000|100%| O|  |TAMS 0x000000070f800000| PB 0x000000070f800000| Untracked 
| 125|0x000000070fa00000, 0x000000070fc00000, 0x000000070fc00000|100%| O|  |TAMS 0x000000070fa00000| PB 0x000000070fa00000| Untracked 
| 126|0x000000070fc00000, 0x000000070fe00000, 0x000000070fe00000|100%| O|  |TAMS 0x000000070fc00000| PB 0x000000070fc00000| Untracked 
| 127|0x000000070fe00000, 0x000000070ff76090, 0x0000000710000000| 73%| O|  |TAMS 0x000000070fe00000| PB 0x000000070fe00000| Untracked 
| 128|0x0000000710000000, 0x0000000710000000, 0x0000000710200000|  0%| F|  |TAMS 0x0000000710000000| PB 0x0000000710000000| Untracked 
| 129|0x0000000710200000, 0x0000000710200000, 0x0000000710400000|  0%| F|  |TAMS 0x0000000710200000| PB 0x0000000710200000| Untracked 
| 130|0x0000000710400000, 0x0000000710400000, 0x0000000710600000|  0%| F|  |TAMS 0x0000000710400000| PB 0x0000000710400000| Untracked 
| 131|0x0000000710600000, 0x0000000710600000, 0x0000000710800000|  0%| F|  |TAMS 0x0000000710600000| PB 0x0000000710600000| Untracked 
| 132|0x0000000710800000, 0x0000000710800000, 0x0000000710a00000|  0%| F|  |TAMS 0x0000000710800000| PB 0x0000000710800000| Untracked 
| 133|0x0000000710a00000, 0x0000000710b16220, 0x0000000710c00000| 54%| S|CS|TAMS 0x0000000710a00000| PB 0x0000000710a00000| Complete 
| 134|0x0000000710c00000, 0x0000000710e00000, 0x0000000710e00000|100%| S|CS|TAMS 0x0000000710c00000| PB 0x0000000710c00000| Complete 
| 135|0x0000000710e00000, 0x0000000711000000, 0x0000000711000000|100%| S|CS|TAMS 0x0000000710e00000| PB 0x0000000710e00000| Complete 
| 136|0x0000000711000000, 0x0000000711200000, 0x0000000711200000|100%| S|CS|TAMS 0x0000000711000000| PB 0x0000000711000000| Complete 
| 137|0x0000000711200000, 0x0000000711400000, 0x0000000711400000|100%| S|CS|TAMS 0x0000000711200000| PB 0x0000000711200000| Complete 
| 138|0x0000000711400000, 0x0000000711600000, 0x0000000711600000|100%| S|CS|TAMS 0x0000000711400000| PB 0x0000000711400000| Complete 
| 139|0x0000000711600000, 0x0000000711800000, 0x0000000711800000|100%| S|CS|TAMS 0x0000000711600000| PB 0x0000000711600000| Complete 
| 140|0x0000000711800000, 0x0000000711800000, 0x0000000711a00000|  0%| F|  |TAMS 0x0000000711800000| PB 0x0000000711800000| Untracked 
| 141|0x0000000711a00000, 0x0000000711a00000, 0x0000000711c00000|  0%| F|  |TAMS 0x0000000711a00000| PB 0x0000000711a00000| Untracked 
| 142|0x0000000711c00000, 0x0000000711c00000, 0x0000000711e00000|  0%| F|  |TAMS 0x0000000711c00000| PB 0x0000000711c00000| Untracked 
| 143|0x0000000711e00000, 0x0000000711e00000, 0x0000000712000000|  0%| F|  |TAMS 0x0000000711e00000| PB 0x0000000711e00000| Untracked 
| 144|0x0000000712000000, 0x0000000712000000, 0x0000000712200000|  0%| F|  |TAMS 0x0000000712000000| PB 0x0000000712000000| Untracked 
| 145|0x0000000712200000, 0x0000000712200000, 0x0000000712400000|  0%| F|  |TAMS 0x0000000712200000| PB 0x0000000712200000| Untracked 
| 146|0x0000000712400000, 0x0000000712400000, 0x0000000712600000|  0%| F|  |TAMS 0x0000000712400000| PB 0x0000000712400000| Untracked 
| 147|0x0000000712600000, 0x0000000712600000, 0x0000000712800000|  0%| F|  |TAMS 0x0000000712600000| PB 0x0000000712600000| Untracked 
| 148|0x0000000712800000, 0x0000000712800000, 0x0000000712a00000|  0%| F|  |TAMS 0x0000000712800000| PB 0x0000000712800000| Untracked 
| 149|0x0000000712a00000, 0x0000000712a00000, 0x0000000712c00000|  0%| F|  |TAMS 0x0000000712a00000| PB 0x0000000712a00000| Untracked 
| 150|0x0000000712c00000, 0x0000000712c00000, 0x0000000712e00000|  0%| F|  |TAMS 0x0000000712c00000| PB 0x0000000712c00000| Untracked 
| 151|0x0000000712e00000, 0x0000000712e00000, 0x0000000713000000|  0%| F|  |TAMS 0x0000000712e00000| PB 0x0000000712e00000| Untracked 
| 152|0x0000000713000000, 0x0000000713000000, 0x0000000713200000|  0%| F|  |TAMS 0x0000000713000000| PB 0x0000000713000000| Untracked 
| 153|0x0000000713200000, 0x0000000713200000, 0x0000000713400000|  0%| F|  |TAMS 0x0000000713200000| PB 0x0000000713200000| Untracked 
| 154|0x0000000713400000, 0x0000000713400000, 0x0000000713600000|  0%| F|  |TAMS 0x0000000713400000| PB 0x0000000713400000| Untracked 
| 155|0x0000000713600000, 0x0000000713600000, 0x0000000713800000|  0%| F|  |TAMS 0x0000000713600000| PB 0x0000000713600000| Untracked 
| 156|0x0000000713800000, 0x0000000713800000, 0x0000000713a00000|  0%| F|  |TAMS 0x0000000713800000| PB 0x0000000713800000| Untracked 
| 157|0x0000000713a00000, 0x0000000713c00000, 0x0000000713c00000|100%| E|  |TAMS 0x0000000713a00000| PB 0x0000000713a00000| Complete 
| 158|0x0000000713c00000, 0x0000000713e00000, 0x0000000713e00000|100%| E|CS|TAMS 0x0000000713c00000| PB 0x0000000713c00000| Complete 
| 159|0x0000000713e00000, 0x0000000714000000, 0x0000000714000000|100%| E|CS|TAMS 0x0000000713e00000| PB 0x0000000713e00000| Complete 
| 160|0x0000000714000000, 0x0000000714200000, 0x0000000714200000|100%| E|CS|TAMS 0x0000000714000000| PB 0x0000000714000000| Complete 
| 161|0x0000000714200000, 0x0000000714400000, 0x0000000714400000|100%| E|CS|TAMS 0x0000000714200000| PB 0x0000000714200000| Complete 
| 162|0x0000000714400000, 0x0000000714600000, 0x0000000714600000|100%| E|CS|TAMS 0x0000000714400000| PB 0x0000000714400000| Complete 
| 163|0x0000000714600000, 0x0000000714800000, 0x0000000714800000|100%| E|CS|TAMS 0x0000000714600000| PB 0x0000000714600000| Complete 
| 164|0x0000000714800000, 0x0000000714a00000, 0x0000000714a00000|100%| E|CS|TAMS 0x0000000714800000| PB 0x0000000714800000| Complete 
| 165|0x0000000714a00000, 0x0000000714c00000, 0x0000000714c00000|100%| E|CS|TAMS 0x0000000714a00000| PB 0x0000000714a00000| Complete 
| 166|0x0000000714c00000, 0x0000000714e00000, 0x0000000714e00000|100%| E|CS|TAMS 0x0000000714c00000| PB 0x0000000714c00000| Complete 
| 167|0x0000000714e00000, 0x0000000715000000, 0x0000000715000000|100%| E|CS|TAMS 0x0000000714e00000| PB 0x0000000714e00000| Complete 
| 168|0x0000000715000000, 0x0000000715200000, 0x0000000715200000|100%| E|CS|TAMS 0x0000000715000000| PB 0x0000000715000000| Complete 
| 169|0x0000000715200000, 0x0000000715400000, 0x0000000715400000|100%| E|CS|TAMS 0x0000000715200000| PB 0x0000000715200000| Complete 
| 170|0x0000000715400000, 0x0000000715600000, 0x0000000715600000|100%| E|CS|TAMS 0x0000000715400000| PB 0x0000000715400000| Complete 
| 171|0x0000000715600000, 0x0000000715800000, 0x0000000715800000|100%| E|CS|TAMS 0x0000000715600000| PB 0x0000000715600000| Complete 
| 172|0x0000000715800000, 0x0000000715a00000, 0x0000000715a00000|100%| E|CS|TAMS 0x0000000715800000| PB 0x0000000715800000| Complete 
| 173|0x0000000715a00000, 0x0000000715c00000, 0x0000000715c00000|100%| E|CS|TAMS 0x0000000715a00000| PB 0x0000000715a00000| Complete 
| 174|0x0000000715c00000, 0x0000000715e00000, 0x0000000715e00000|100%| E|CS|TAMS 0x0000000715c00000| PB 0x0000000715c00000| Complete 
| 175|0x0000000715e00000, 0x0000000716000000, 0x0000000716000000|100%| E|CS|TAMS 0x0000000715e00000| PB 0x0000000715e00000| Complete 
| 176|0x0000000716000000, 0x0000000716200000, 0x0000000716200000|100%| E|CS|TAMS 0x0000000716000000| PB 0x0000000716000000| Complete 
| 177|0x0000000716200000, 0x0000000716400000, 0x0000000716400000|100%| E|CS|TAMS 0x0000000716200000| PB 0x0000000716200000| Complete 
| 178|0x0000000716400000, 0x0000000716600000, 0x0000000716600000|100%| E|CS|TAMS 0x0000000716400000| PB 0x0000000716400000| Complete 
| 179|0x0000000716600000, 0x0000000716800000, 0x0000000716800000|100%| E|CS|TAMS 0x0000000716600000| PB 0x0000000716600000| Complete 
| 180|0x0000000716800000, 0x0000000716a00000, 0x0000000716a00000|100%| E|CS|TAMS 0x0000000716800000| PB 0x0000000716800000| Complete 
| 181|0x0000000716a00000, 0x0000000716c00000, 0x0000000716c00000|100%| E|CS|TAMS 0x0000000716a00000| PB 0x0000000716a00000| Complete 
| 182|0x0000000716c00000, 0x0000000716e00000, 0x0000000716e00000|100%| E|CS|TAMS 0x0000000716c00000| PB 0x0000000716c00000| Complete 
| 183|0x0000000716e00000, 0x0000000717000000, 0x0000000717000000|100%| E|CS|TAMS 0x0000000716e00000| PB 0x0000000716e00000| Complete 
| 184|0x0000000717000000, 0x0000000717200000, 0x0000000717200000|100%| E|CS|TAMS 0x0000000717000000| PB 0x0000000717000000| Complete 
| 185|0x0000000717200000, 0x0000000717400000, 0x0000000717400000|100%| E|CS|TAMS 0x0000000717200000| PB 0x0000000717200000| Complete 
| 186|0x0000000717400000, 0x0000000717600000, 0x0000000717600000|100%| E|CS|TAMS 0x0000000717400000| PB 0x0000000717400000| Complete 
| 187|0x0000000717600000, 0x0000000717800000, 0x0000000717800000|100%| E|CS|TAMS 0x0000000717600000| PB 0x0000000717600000| Complete 
| 188|0x0000000717800000, 0x0000000717a00000, 0x0000000717a00000|100%| E|CS|TAMS 0x0000000717800000| PB 0x0000000717800000| Complete 
| 189|0x0000000717a00000, 0x0000000717c00000, 0x0000000717c00000|100%| E|  |TAMS 0x0000000717a00000| PB 0x0000000717a00000| Complete 
| 190|0x0000000717c00000, 0x0000000717e00000, 0x0000000717e00000|100%| E|CS|TAMS 0x0000000717c00000| PB 0x0000000717c00000| Complete 
| 191|0x0000000717e00000, 0x0000000718000000, 0x0000000718000000|100%| E|CS|TAMS 0x0000000717e00000| PB 0x0000000717e00000| Complete 
| 192|0x0000000718000000, 0x0000000718200000, 0x0000000718200000|100%| E|CS|TAMS 0x0000000718000000| PB 0x0000000718000000| Complete 
| 193|0x0000000718200000, 0x0000000718400000, 0x0000000718400000|100%| E|CS|TAMS 0x0000000718200000| PB 0x0000000718200000| Complete 
| 194|0x0000000718400000, 0x0000000718600000, 0x0000000718600000|100%| E|CS|TAMS 0x0000000718400000| PB 0x0000000718400000| Complete 
| 195|0x0000000718600000, 0x0000000718800000, 0x0000000718800000|100%| E|CS|TAMS 0x0000000718600000| PB 0x0000000718600000| Complete 
| 196|0x0000000718800000, 0x0000000718a00000, 0x0000000718a00000|100%| E|CS|TAMS 0x0000000718800000| PB 0x0000000718800000| Complete 
| 197|0x0000000718a00000, 0x0000000718c00000, 0x0000000718c00000|100%| E|CS|TAMS 0x0000000718a00000| PB 0x0000000718a00000| Complete 
| 198|0x0000000718c00000, 0x0000000718e00000, 0x0000000718e00000|100%| E|CS|TAMS 0x0000000718c00000| PB 0x0000000718c00000| Complete 
| 199|0x0000000718e00000, 0x0000000719000000, 0x0000000719000000|100%| E|CS|TAMS 0x0000000718e00000| PB 0x0000000718e00000| Complete 
| 200|0x0000000719000000, 0x0000000719200000, 0x0000000719200000|100%| E|CS|TAMS 0x0000000719000000| PB 0x0000000719000000| Complete 
|2047|0x00000007ffe00000, 0x0000000800000000, 0x0000000800000000|100%| E|CS|TAMS 0x00000007ffe00000| PB 0x00000007ffe00000| Complete 

Card table byte_map: [0x000001423d7e0000,0x000001423dfe0000] _byte_map_base: 0x0000014239fe0000

Marking Bits: (CMBitMap*) 0x000001422ab190c0
 Bits: [0x000001423dfe0000, 0x0000014241fe0000)

Polling page: 0x0000014228950000

Metaspace:

Usage:
  Non-class:     97.53 MB used.
      Class:     16.11 MB used.
       Both:    113.64 MB used.

Virtual space:
  Non-class space:      128.00 MB reserved,      99.12 MB ( 77%) committed,  2 nodes.
      Class space:      832.00 MB reserved,      17.50 MB (  2%) committed,  1 nodes.
             Both:      960.00 MB reserved,     116.62 MB ( 12%) committed. 

Chunk freelists:
   Non-Class:  12.57 MB
       Class:  14.52 MB
        Both:  27.08 MB

MaxMetaspaceSize: 1.00 GB
CompressedClassSpaceSize: 832.00 MB
Initial GC threshold: 21.00 MB
Current GC threshold: 192.94 MB
CDS: on
 - commit_granule_bytes: 65536.
 - commit_granule_words: 8192.
 - virtual_space_node_default_size: 8388608.
 - enlarge_chunks_in_place: 1.
 - use_allocation_guard: 0.


Internal statistics:

num_allocs_failed_limit: 8.
num_arena_births: 4912.
num_arena_deaths: 0.
num_vsnodes_births: 3.
num_vsnodes_deaths: 0.
num_space_committed: 1866.
num_space_uncommitted: 0.
num_chunks_returned_to_freelist: 8.
num_chunks_taken_from_freelist: 10650.
num_chunk_merges: 8.
num_chunk_splits: 6892.
num_chunks_enlarged: 4323.
num_inconsistent_stats: 0.

CodeHeap 'non-profiled nmethods': size=120000Kb used=11728Kb max_used=11728Kb free=108271Kb
 bounds [0x0000014235780000, 0x0000014236300000, 0x000001423ccb0000]
CodeHeap 'profiled nmethods': size=120000Kb used=26891Kb max_used=26891Kb free=93109Kb
 bounds [0x000001422dcb0000, 0x000001422f700000, 0x00000142351e0000]
CodeHeap 'non-nmethods': size=5760Kb used=2791Kb max_used=2839Kb free=2968Kb
 bounds [0x00000142351e0000, 0x00000142354b0000, 0x0000014235780000]
CodeCache: size=245760Kb, used=41410Kb, max_used=41458Kb, free=204348Kb
 total_blobs=14975, nmethods=13937, adapters=941, full_count=0
Compilation: enabled, stopped_count=0, restarted_count=0

Compilation events (20 events):
Event: 174.002 Thread 0x0000014244a31010 18933       3       com.android.build.gradle.internal.core.dsl.impl.features.OptimizationDslInfoImpl$postProcessingOptions$2$1::codeShrinkerEnabled (61 bytes)
Event: 174.002 Thread 0x0000014244a31010 nmethod 18933 0x000001422f6f2310 code [0x000001422f6f2540, 0x000001422f6f2dc0]
Event: 174.007 Thread 0x0000014244a31010 18935       3       com.android.build.api.artifact.impl.TypedStorageProvider$getArtifact$2$1::invoke (5 bytes)
Event: 174.007 Thread 0x0000014244a31010 nmethod 18935 0x000001422eb07d90 code [0x000001422eb07f40, 0x000001422eb08078]
Event: 174.007 Thread 0x0000014244a31010 18936       3       com.android.build.api.artifact.impl.TypedStorageProvider$getArtifact$2$1::invoke (58 bytes)
Event: 174.008 Thread 0x0000014244a31010 nmethod 18936 0x000001422f6f2f90 code [0x000001422f6f3300, 0x000001422f6f4878]
Event: 174.010 Thread 0x0000014244a2bba0 nmethod 18925 0x00000142362f0090 code [0x00000142362f02e0, 0x00000142362f11f0]
Event: 174.010 Thread 0x0000014244a2bba0 18937       4       org.gradle.util.Path::createFullPath (39 bytes)
Event: 174.011 Thread 0x0000014244a31010 18938       3       com.android.build.gradle.internal.DependencyConfigurator$configureGeneralTransforms$6::execute (156 bytes)
Event: 174.013 Thread 0x0000014244a31010 nmethod 18938 0x000001422f6f5010 code [0x000001422f6f5540, 0x000001422f6f81c0]
Event: 174.013 Thread 0x0000014244a31010 18939       3       org.gradle.api.internal.file.collections.DefaultConfigurableFileCollection::attachOwner (6 bytes)
Event: 174.013 Thread 0x0000014244a31010 nmethod 18939 0x000001422eb19d90 code [0x000001422eb19f20, 0x000001422eb1a080]
Event: 174.018 Thread 0x0000014244a31010 18940       3       java.lang.invoke.LambdaForm$MH/0x0000014247132c00::invoke (84 bytes)
Event: 174.020 Thread 0x0000014244a31010 nmethod 18940 0x000001422f6f8f90 code [0x000001422f6f9380, 0x000001422f6fb128]
Event: 174.021 Thread 0x0000014244a31010 18941       3       org.gradle.api.internal.DefaultNamedDomainObjectCollection$ExistingNamedDomainObjectProvider_Decorated$$Lambda/0x000001424691d000::run (8 bytes)
Event: 174.022 Thread 0x0000014244a31010 nmethod 18941 0x000001422f6fba90 code [0x000001422f6fbc80, 0x000001422f6fc190]
Event: 174.022 Thread 0x0000014244a31010 18942       3       org.gradle.api.internal.DefaultNamedDomainObjectCollection$ExistingNamedDomainObjectProvider_Decorated::$gradleInitWork (12 bytes)
Event: 174.022 Thread 0x0000014244a31010 nmethod 18942 0x000001422f6fc390 code [0x000001422f6fc560, 0x000001422f6fca00]
Event: 174.022 Thread 0x0000014244a31010 18943       3       org.gradle.api.internal.DefaultNamedDomainObjectCollection$ExistingNamedDomainObjectProvider_Decorated::$gradleInitAttach (1 bytes)
Event: 174.022 Thread 0x0000014244a31010 nmethod 18943 0x000001422e628f10 code [0x000001422e6290a0, 0x000001422e6291a8]

GC Heap History (20 events):
Event: 147.157 GC heap before
{Heap before GC invocations=66 (full 11):
 garbage-first heap   total 294912K, used 259831K [0x0000000700000000, 0x0000000800000000)
  region size 2048K, 44 young (90112K), 5 survivors (10240K)
 Metaspace       used 113978K, committed 116800K, reserved 983040K
  class space    used 16227K, committed 17600K, reserved 851968K
}
Event: 147.167 GC heap after
{Heap after GC invocations=67 (full 11):
 garbage-first heap   total 294912K, used 182514K [0x0000000700000000, 0x0000000800000000)
  region size 2048K, 4 young (8192K), 4 survivors (8192K)
 Metaspace       used 113978K, committed 116800K, reserved 983040K
  class space    used 16227K, committed 17600K, reserved 851968K
}
Event: 152.572 GC heap before
{Heap before GC invocations=67 (full 11):
 garbage-first heap   total 294912K, used 262386K [0x0000000700000000, 0x0000000800000000)
  region size 2048K, 44 young (90112K), 4 survivors (8192K)
 Metaspace       used 114273K, committed 117184K, reserved 983040K
  class space    used 16265K, committed 17664K, reserved 851968K
}
Event: 152.580 GC heap after
{Heap after GC invocations=68 (full 11):
 garbage-first heap   total 294912K, used 193113K [0x0000000700000000, 0x0000000800000000)
  region size 2048K, 6 young (12288K), 6 survivors (12288K)
 Metaspace       used 114273K, committed 117184K, reserved 983040K
  class space    used 16265K, committed 17664K, reserved 851968K
}
Event: 153.449 GC heap before
{Heap before GC invocations=69 (full 11):
 garbage-first heap   total 325632K, used 262745K [0x0000000700000000, 0x0000000800000000)
  region size 2048K, 41 young (83968K), 6 survivors (12288K)
 Metaspace       used 114273K, committed 117184K, reserved 983040K
  class space    used 16265K, committed 17664K, reserved 851968K
}
Event: 153.456 GC heap after
{Heap after GC invocations=70 (full 11):
 garbage-first heap   total 325632K, used 196240K [0x0000000700000000, 0x0000000800000000)
  region size 2048K, 3 young (6144K), 3 survivors (6144K)
 Metaspace       used 114273K, committed 117184K, reserved 983040K
  class space    used 16265K, committed 17664K, reserved 851968K
}
Event: 157.754 GC heap before
{Heap before GC invocations=70 (full 11):
 garbage-first heap   total 325632K, used 294544K [0x0000000700000000, 0x0000000800000000)
  region size 2048K, 49 young (100352K), 3 survivors (6144K)
 Metaspace       used 114487K, committed 117376K, reserved 983040K
  class space    used 16282K, committed 17664K, reserved 851968K
}
Event: 157.763 GC heap after
{Heap after GC invocations=71 (full 11):
 garbage-first heap   total 325632K, used 210004K [0x0000000700000000, 0x0000000800000000)
  region size 2048K, 7 young (14336K), 7 survivors (14336K)
 Metaspace       used 114487K, committed 117376K, reserved 983040K
  class space    used 16282K, committed 17664K, reserved 851968K
}
Event: 158.790 GC heap before
{Heap before GC invocations=71 (full 11):
 garbage-first heap   total 325632K, used 289876K [0x0000000700000000, 0x0000000800000000)
  region size 2048K, 47 young (96256K), 7 survivors (14336K)
 Metaspace       used 114650K, committed 117504K, reserved 983040K
  class space    used 16298K, committed 17664K, reserved 851968K
}
Event: 158.800 GC heap after
{Heap after GC invocations=72 (full 11):
 garbage-first heap   total 325632K, used 217294K [0x0000000700000000, 0x0000000800000000)
  region size 2048K, 5 young (10240K), 5 survivors (10240K)
 Metaspace       used 114650K, committed 117504K, reserved 983040K
  class space    used 16298K, committed 17664K, reserved 851968K
}
Event: 160.354 GC heap before
{Heap before GC invocations=73 (full 11):
 garbage-first heap   total 366592K, used 291022K [0x0000000700000000, 0x0000000800000000)
  region size 2048K, 42 young (86016K), 5 survivors (10240K)
 Metaspace       used 115016K, committed 118016K, reserved 983040K
  class space    used 16334K, committed 17728K, reserved 851968K
}
Event: 160.363 GC heap after
{Heap after GC invocations=74 (full 11):
 garbage-first heap   total 366592K, used 226755K [0x0000000700000000, 0x0000000800000000)
  region size 2048K, 6 young (12288K), 6 survivors (12288K)
 Metaspace       used 115016K, committed 118016K, reserved 983040K
  class space    used 16334K, committed 17728K, reserved 851968K
}
Event: 164.390 GC heap before
{Heap before GC invocations=74 (full 11):
 garbage-first heap   total 366592K, used 329155K [0x0000000700000000, 0x0000000800000000)
  region size 2048K, 56 young (114688K), 6 survivors (12288K)
 Metaspace       used 115172K, committed 118208K, reserved 983040K
  class space    used 16354K, committed 17792K, reserved 851968K
}
Event: 164.402 GC heap after
{Heap after GC invocations=75 (full 11):
 garbage-first heap   total 366592K, used 234169K [0x0000000700000000, 0x0000000800000000)
  region size 2048K, 6 young (12288K), 6 survivors (12288K)
 Metaspace       used 115172K, committed 118208K, reserved 983040K
  class space    used 16354K, committed 17792K, reserved 851968K
}
Event: 165.975 GC heap before
{Heap before GC invocations=75 (full 11):
 garbage-first heap   total 366592K, used 328377K [0x0000000700000000, 0x0000000800000000)
  region size 2048K, 53 young (108544K), 6 survivors (12288K)
 Metaspace       used 115553K, committed 118528K, reserved 983040K
  class space    used 16400K, committed 17792K, reserved 851968K
}
Event: 165.985 GC heap after
{Heap after GC invocations=76 (full 11):
 garbage-first heap   total 366592K, used 246747K [0x0000000700000000, 0x0000000800000000)
  region size 2048K, 7 young (14336K), 7 survivors (14336K)
 Metaspace       used 115553K, committed 118528K, reserved 983040K
  class space    used 16400K, committed 17792K, reserved 851968K
}
Event: 170.370 GC heap before
{Heap before GC invocations=77 (full 11):
 garbage-first heap   total 413696K, used 332763K [0x0000000700000000, 0x0000000800000000)
  region size 2048K, 48 young (98304K), 7 survivors (14336K)
 Metaspace       used 115656K, committed 118720K, reserved 983040K
  class space    used 16415K, committed 17856K, reserved 851968K
}
Event: 170.379 GC heap after
{Heap after GC invocations=78 (full 11):
 garbage-first heap   total 413696K, used 257715K [0x0000000700000000, 0x0000000800000000)
  region size 2048K, 6 young (12288K), 6 survivors (12288K)
 Metaspace       used 115656K, committed 118720K, reserved 983040K
  class space    used 16415K, committed 17856K, reserved 851968K
}
Event: 172.315 GC heap before
{Heap before GC invocations=78 (full 11):
 garbage-first heap   total 413696K, used 370355K [0x0000000700000000, 0x0000000800000000)
  region size 2048K, 62 young (126976K), 6 survivors (12288K)
 Metaspace       used 115847K, committed 118912K, reserved 983040K
  class space    used 16434K, committed 17856K, reserved 851968K
}
Event: 172.327 GC heap after
{Heap after GC invocations=79 (full 11):
 garbage-first heap   total 413696K, used 266675K [0x0000000700000000, 0x0000000800000000)
  region size 2048K, 7 young (14336K), 7 survivors (14336K)
 Metaspace       used 115847K, committed 118912K, reserved 983040K
  class space    used 16434K, committed 17856K, reserved 851968K
}

Dll operation events (14 events):
Event: 0.013 Loaded shared library C:\Users\Inurum_Four\.antigravity\extensions\redhat.java-1.55.0-win32-x64\jre\21.0.11-win32-x86_64\bin\java.dll
Event: 0.098 Loaded shared library C:\Users\Inurum_Four\.antigravity\extensions\redhat.java-1.55.0-win32-x64\jre\21.0.11-win32-x86_64\bin\zip.dll
Event: 0.127 Loaded shared library C:\Users\Inurum_Four\.antigravity\extensions\redhat.java-1.55.0-win32-x64\jre\21.0.11-win32-x86_64\bin\instrument.dll
Event: 0.137 Loaded shared library C:\Users\Inurum_Four\.antigravity\extensions\redhat.java-1.55.0-win32-x64\jre\21.0.11-win32-x86_64\bin\net.dll
Event: 0.140 Loaded shared library C:\Users\Inurum_Four\.antigravity\extensions\redhat.java-1.55.0-win32-x64\jre\21.0.11-win32-x86_64\bin\nio.dll
Event: 0.144 Loaded shared library C:\Users\Inurum_Four\.antigravity\extensions\redhat.java-1.55.0-win32-x64\jre\21.0.11-win32-x86_64\bin\zip.dll
Event: 0.456 Loaded shared library C:\Users\Inurum_Four\.antigravity\extensions\redhat.java-1.55.0-win32-x64\jre\21.0.11-win32-x86_64\bin\jimage.dll
Event: 0.710 Loaded shared library C:\Users\Inurum_Four\.antigravity\extensions\redhat.java-1.55.0-win32-x64\jre\21.0.11-win32-x86_64\bin\verify.dll
Event: 0.843 Loaded shared library C:\Users\Inurum_Four\.gradle\native\1def1411415f61bf3af743bc5b6707747c0891f09f0c88961ee8f79bc544acac\windows-amd64\native-platform.dll
Event: 0.958 Loaded shared library C:\Users\Inurum_Four\.gradle\native\0.2.7\x86_64-windows-gnu\gradle-fileevents.dll
Event: 2.423 Loaded shared library C:\Users\Inurum_Four\.antigravity\extensions\redhat.java-1.55.0-win32-x64\jre\21.0.11-win32-x86_64\bin\management.dll
Event: 2.427 Loaded shared library C:\Users\Inurum_Four\.antigravity\extensions\redhat.java-1.55.0-win32-x64\jre\21.0.11-win32-x86_64\bin\management_ext.dll
Event: 2.601 Loaded shared library C:\Users\Inurum_Four\.antigravity\extensions\redhat.java-1.55.0-win32-x64\jre\21.0.11-win32-x86_64\bin\extnet.dll
Event: 3.009 Loaded shared library C:\Users\Inurum_Four\.antigravity\extensions\redhat.java-1.55.0-win32-x64\jre\21.0.11-win32-x86_64\bin\sunmscapi.dll

Deoptimization events (20 events):
Event: 173.420 Thread 0x0000014202c30580 Uncommon trap: trap_request=0xffffffbe fr.pc=0x00000142362c1540 relative=0x00000000000002a0
Event: 173.420 Thread 0x0000014202c30580 Uncommon trap: reason=profile_predicate action=maybe_recompile pc=0x00000142362c1540 method=java.util.HashMap.valuesToArray([Ljava/lang/Object;)[Ljava/lang/Object; @ 36 c2
Event: 173.420 Thread 0x0000014202c30580 DEOPT PACKING pc=0x00000142362c1540 sp=0x000000101d4f6e00
Event: 173.420 Thread 0x0000014202c30580 DEOPT UNPACKING pc=0x0000014235234422 sp=0x000000101d4f6da0 mode 2
Event: 173.421 Thread 0x0000014202c30580 Uncommon trap: trap_request=0xffffffbe fr.pc=0x00000142362c1540 relative=0x00000000000002a0
Event: 173.421 Thread 0x0000014202c30580 Uncommon trap: reason=profile_predicate action=maybe_recompile pc=0x00000142362c1540 method=java.util.HashMap.valuesToArray([Ljava/lang/Object;)[Ljava/lang/Object; @ 36 c2
Event: 173.421 Thread 0x0000014202c30580 DEOPT PACKING pc=0x00000142362c1540 sp=0x000000101d4f6fe0
Event: 173.421 Thread 0x0000014202c30580 DEOPT UNPACKING pc=0x0000014235234422 sp=0x000000101d4f6f80 mode 2
Event: 173.421 Thread 0x0000014202c30580 Uncommon trap: trap_request=0xffffffbe fr.pc=0x00000142362c1540 relative=0x00000000000002a0
Event: 173.421 Thread 0x0000014202c30580 Uncommon trap: reason=profile_predicate action=maybe_recompile pc=0x00000142362c1540 method=java.util.HashMap.valuesToArray([Ljava/lang/Object;)[Ljava/lang/Object; @ 36 c2
Event: 173.421 Thread 0x0000014202c30580 DEOPT PACKING pc=0x00000142362c1540 sp=0x000000101d4f71c0
Event: 173.421 Thread 0x0000014202c30580 DEOPT UNPACKING pc=0x0000014235234422 sp=0x000000101d4f7160 mode 2
Event: 173.465 Thread 0x0000014202c30580 Uncommon trap: trap_request=0xffffffbe fr.pc=0x00000142362c1540 relative=0x00000000000002a0
Event: 173.465 Thread 0x0000014202c30580 Uncommon trap: reason=profile_predicate action=maybe_recompile pc=0x00000142362c1540 method=java.util.HashMap.valuesToArray([Ljava/lang/Object;)[Ljava/lang/Object; @ 36 c2
Event: 173.466 Thread 0x0000014202c30580 DEOPT PACKING pc=0x00000142362c1540 sp=0x000000101d4f62d0
Event: 173.466 Thread 0x0000014202c30580 DEOPT UNPACKING pc=0x0000014235234422 sp=0x000000101d4f6270 mode 2
Event: 173.699 Thread 0x0000014202c30580 Uncommon trap: trap_request=0xffffffbe fr.pc=0x00000142357a13a4 relative=0x0000000000000364
Event: 173.699 Thread 0x0000014202c30580 Uncommon trap: reason=profile_predicate action=maybe_recompile pc=0x00000142357a13a4 method=java.util.HashMap.valuesToArray([Ljava/lang/Object;)[Ljava/lang/Object; @ 32 c2
Event: 173.699 Thread 0x0000014202c30580 DEOPT PACKING pc=0x00000142357a13a4 sp=0x000000101d4f9220
Event: 173.699 Thread 0x0000014202c30580 DEOPT UNPACKING pc=0x0000014235234422 sp=0x000000101d4f91d0 mode 2

Classes loaded (20 events):
Event: 130.018 Loading class java/io/FileCustomizer
Event: 130.018 Loading class java/io/FileCustomizer done
Event: 151.246 Loading class java/io/LineNumberReader
Event: 151.246 Loading class java/io/LineNumberReader done
Event: 151.250 Loading class java/util/regex/PatternBeanInfo
Event: 151.250 Loading class java/util/regex/PatternBeanInfo done
Event: 151.250 Loading class java/util/regex/PatternBeanInfo
Event: 151.250 Loading class java/util/regex/PatternBeanInfo done
Event: 151.250 Loading class java/util/regex/PatternCustomizer
Event: 151.250 Loading class java/util/regex/PatternCustomizer done
Event: 151.250 Loading class java/util/regex/PatternCustomizer
Event: 151.250 Loading class java/util/regex/PatternCustomizer done
Event: 151.253 Loading class java/util/regex/MatcherBeanInfo
Event: 151.253 Loading class java/util/regex/MatcherBeanInfo done
Event: 151.253 Loading class java/util/regex/MatcherBeanInfo
Event: 151.253 Loading class java/util/regex/MatcherBeanInfo done
Event: 151.253 Loading class java/util/regex/MatcherCustomizer
Event: 151.253 Loading class java/util/regex/MatcherCustomizer done
Event: 151.253 Loading class java/util/regex/MatcherCustomizer
Event: 151.253 Loading class java/util/regex/MatcherCustomizer done

Classes unloaded (0 events):
No events

Classes redefined (0 events):
No events

Internal exceptions (20 events):
Event: 172.895 Thread 0x0000014202c30580 Exception <a 'java/lang/ClassNotFoundException'{0x000000071741e218}: build_4mo1ilsx28fcsxp1wj6axl8y1BeanInfo> (0x000000071741e218) 
thrown [s\src\hotspot\share\classfile\systemDictionary.cpp, line 313]
Event: 172.895 Thread 0x0000014202c30580 Exception <a 'java/lang/ClassNotFoundException'{0x0000000717424f98}: build_4mo1ilsx28fcsxp1wj6axl8y1Customizer> (0x0000000717424f98) 
thrown [s\src\hotspot\share\classfile\systemDictionary.cpp, line 313]
Event: 173.185 Thread 0x0000014202c30580 Exception <a 'java/lang/ClassNotFoundException'{0x00000007169757f0}: build_75nznseojacvj3ohg2640kl1fBeanInfo> (0x00000007169757f0) 
thrown [s\src\hotspot\share\classfile\systemDictionary.cpp, line 313]
Event: 173.186 Thread 0x0000014202c30580 Exception <a 'java/lang/ClassNotFoundException'{0x000000071697c5e0}: build_75nznseojacvj3ohg2640kl1fCustomizer> (0x000000071697c5e0) 
thrown [s\src\hotspot\share\classfile\systemDictionary.cpp, line 313]
Event: 173.318 Thread 0x0000014202c30580 Exception <a 'java/lang/ClassNotFoundException'{0x0000000715f63010}: build_75nznseojacvj3ohg2640kl1fBeanInfo> (0x0000000715f63010) 
thrown [s\src\hotspot\share\classfile\systemDictionary.cpp, line 313]
Event: 173.319 Thread 0x0000014202c30580 Exception <a 'java/lang/ClassNotFoundException'{0x0000000715f69d90}: build_75nznseojacvj3ohg2640kl1fCustomizer> (0x0000000715f69d90) 
thrown [s\src\hotspot\share\classfile\systemDictionary.cpp, line 313]
Event: 173.419 Thread 0x0000014202c30580 Exception <a 'java/lang/ClassNotFoundException'{0x0000000715b3a540}: com/android/build/gradle/internal/dsl/VectorDrawablesOptions_DecoratedBeanInfo> (0x0000000715b3a540) 
thrown [s\src\hotspot\share\classfile\systemDictionary.cpp, line 313]
Event: 173.420 Thread 0x0000014202c30580 Exception <a 'java/lang/ClassNotFoundException'{0x0000000715b4a8c8}: com/android/build/gradle/internal/dsl/VectorDrawablesOptionsBeanInfo> (0x0000000715b4a8c8) 
thrown [s\src\hotspot\share\classfile\systemDictionary.cpp, line 313]
Event: 173.420 Thread 0x0000014202c30580 Exception <a 'java/lang/ClassNotFoundException'{0x0000000715b5ace8}: com/android/builder/core/DefaultVectorDrawablesOptionsBeanInfo> (0x0000000715b5ace8) 
thrown [s\src\hotspot\share\classfile\systemDictionary.cpp, line 313]
Event: 173.420 Thread 0x0000014202c30580 Exception <a 'java/lang/ClassNotFoundException'{0x0000000715b6b288}: com/android/builder/core/DefaultVectorDrawablesOptionsCustomizer> (0x0000000715b6b288) 
thrown [s\src\hotspot\share\classfile\systemDictionary.cpp, line 313]
Event: 173.421 Thread 0x0000014202c30580 Exception <a 'java/lang/ClassNotFoundException'{0x0000000715b82060}: com/android/build/gradle/internal/dsl/VectorDrawablesOptionsCustomizer> (0x0000000715b82060) 
thrown [s\src\hotspot\share\classfile\systemDictionary.cpp, line 313]
Event: 173.421 Thread 0x0000014202c30580 Exception <a 'java/lang/ClassNotFoundException'{0x0000000715b968d0}: com/android/build/gradle/internal/dsl/VectorDrawablesOptions_DecoratedCustomizer> (0x0000000715b968d0) 
thrown [s\src\hotspot\share\classfile\systemDictionary.cpp, line 313]
Event: 173.465 Thread 0x0000014202c30580 Exception <a 'java/lang/ClassNotFoundException'{0x0000000715bf23f8}: build_75nznseojacvj3ohg2640kl1f$_run_closure2$_closure6BeanInfo> (0x0000000715bf23f8) 
thrown [s\src\hotspot\share\classfile\systemDictionary.cpp, line 313]
Event: 173.465 Thread 0x0000014202c30580 Exception <a 'java/lang/ClassNotFoundException'{0x0000000715801f80}: build_75nznseojacvj3ohg2640kl1f$_run_closure2$_closure6Customizer> (0x0000000715801f80) 
thrown [s\src\hotspot\share\classfile\systemDictionary.cpp, line 313]
Event: 173.467 Thread 0x0000014202c30580 Exception <a 'java/lang/ClassNotFoundException'{0x000000071582e0e8}: build_75nznseojacvj3ohg2640kl1f$_run_closure2BeanInfo> (0x000000071582e0e8) 
thrown [s\src\hotspot\share\classfile\systemDictionary.cpp, line 313]
Event: 173.467 Thread 0x0000014202c30580 Exception <a 'java/lang/ClassNotFoundException'{0x000000071583d318}: build_75nznseojacvj3ohg2640kl1f$_run_closure2Customizer> (0x000000071583d318) 
thrown [s\src\hotspot\share\classfile\systemDictionary.cpp, line 313]
Event: 173.698 Thread 0x0000014202c30580 Exception <a 'java/lang/ClassNotFoundException'{0x0000000714f75eb0}: build_47z4fwfffrz9nj567mhrhffd2BeanInfo> (0x0000000714f75eb0) 
thrown [s\src\hotspot\share\classfile\systemDictionary.cpp, line 313]
Event: 173.699 Thread 0x0000014202c30580 Exception <a 'java/lang/ClassNotFoundException'{0x0000000714f7cca0}: build_47z4fwfffrz9nj567mhrhffd2Customizer> (0x0000000714f7cca0) 
thrown [s\src\hotspot\share\classfile\systemDictionary.cpp, line 313]
Event: 173.814 Thread 0x0000014202c30580 Exception <a 'java/lang/ClassNotFoundException'{0x00000007145ee5f0}: build_47z4fwfffrz9nj567mhrhffd2BeanInfo> (0x00000007145ee5f0) 
thrown [s\src\hotspot\share\classfile\systemDictionary.cpp, line 313]
Event: 173.815 Thread 0x0000014202c30580 Exception <a 'java/lang/ClassNotFoundException'{0x00000007145f5370}: build_47z4fwfffrz9nj567mhrhffd2Customizer> (0x00000007145f5370) 
thrown [s\src\hotspot\share\classfile\systemDictionary.cpp, line 313]

ZGC Phase Switch (0 events):
No events

VM Operations (20 events):
Event: 164.390 Executing safepoint VM operation: G1CollectForAllocation (G1 Evacuation Pause)
Event: 164.402 Executing safepoint VM operation: G1CollectForAllocation (G1 Evacuation Pause) done
Event: 165.408 Executing safepoint VM operation: Cleanup
Event: 165.408 Executing safepoint VM operation: Cleanup done
Event: 165.975 Executing safepoint VM operation: G1CollectForAllocation (G1 Evacuation Pause)
Event: 165.985 Executing safepoint VM operation: G1CollectForAllocation (G1 Evacuation Pause) done
Event: 166.144 Executing safepoint VM operation: G1PauseRemark
Event: 166.151 Executing safepoint VM operation: G1PauseRemark done
Event: 166.227 Executing safepoint VM operation: G1PauseCleanup
Event: 166.227 Executing safepoint VM operation: G1PauseCleanup done
Event: 167.236 Executing safepoint VM operation: Cleanup
Event: 167.236 Executing safepoint VM operation: Cleanup done
Event: 170.370 Executing safepoint VM operation: G1CollectForAllocation (G1 Evacuation Pause)
Event: 170.379 Executing safepoint VM operation: G1CollectForAllocation (G1 Evacuation Pause) done
Event: 171.389 Executing safepoint VM operation: Cleanup
Event: 171.389 Executing safepoint VM operation: Cleanup done
Event: 172.315 Executing safepoint VM operation: G1CollectForAllocation (G1 Evacuation Pause)
Event: 172.327 Executing safepoint VM operation: G1CollectForAllocation (G1 Evacuation Pause) done
Event: 173.336 Executing safepoint VM operation: Cleanup
Event: 173.336 Executing safepoint VM operation: Cleanup done

Memory protections (0 events):
No events

Nmethod flushes (20 events):
Event: 166.150 Thread 0x00000142449f8360 flushing  nmethod 0x000001422eb72d90
Event: 166.150 Thread 0x00000142449f8360 flushing  nmethod 0x000001422ec45f90
Event: 166.150 Thread 0x00000142449f8360 flushing  nmethod 0x000001422ec46990
Event: 166.150 Thread 0x00000142449f8360 flushing  nmethod 0x000001422e301a10
Event: 166.150 Thread 0x00000142449f8360 flushing  nmethod 0x000001422e46ab90
Event: 166.150 Thread 0x00000142449f8360 flushing  nmethod 0x000001422e475a90
Event: 166.150 Thread 0x00000142449f8360 flushing  nmethod 0x000001422e5b5090
Event: 166.150 Thread 0x00000142449f8360 flushing  nmethod 0x000001422e813810
Event: 166.150 Thread 0x00000142449f8360 flushing  nmethod 0x000001422e817a10
Event: 166.150 Thread 0x00000142449f8360 flushing  nmethod 0x000001422e885310
Event: 166.150 Thread 0x00000142449f8360 flushing  nmethod 0x000001422e8ace90
Event: 166.150 Thread 0x00000142449f8360 flushing  nmethod 0x000001422e8f4210
Event: 166.150 Thread 0x00000142449f8360 flushing  nmethod 0x000001422eb33c90
Event: 166.150 Thread 0x00000142449f8360 flushing  nmethod 0x000001422eb38e90
Event: 166.150 Thread 0x00000142449f8360 flushing  nmethod 0x000001422eb61590
Event: 166.150 Thread 0x00000142449f8360 flushing  nmethod 0x000001422eb64310
Event: 166.150 Thread 0x00000142449f8360 flushing  nmethod 0x000001422ec13e90
Event: 166.150 Thread 0x00000142449f8360 flushing  nmethod 0x000001422ec75690
Event: 166.150 Thread 0x00000142449f8360 flushing  nmethod 0x000001422ec75a90
Event: 166.150 Thread 0x00000142449f8360 flushing  nmethod 0x000001422f34a390

Events (20 events):
Event: 131.756 Thread 0x0000014202c30580 Thread added: 0x0000014204696680
Event: 131.756 Thread 0x0000014202c30580 Thread added: 0x0000014204699470
Event: 131.756 Thread 0x0000014202c30580 Thread added: 0x00000142046980c0
Event: 131.756 Thread 0x0000014202c30580 Thread added: 0x0000014204699b00
Event: 131.775 Thread 0x0000014244a31010 Thread added: 0x000001420aebd610
Event: 132.086 Thread 0x000001420aebd610 Thread exited: 0x000001420aebd610
Event: 141.812 Thread 0x0000014244a31010 Thread added: 0x000001420aebcf40
Event: 144.984 Thread 0x000001420aebcf40 Thread exited: 0x000001420aebcf40
Event: 145.614 Thread 0x0000014244a2bba0 Thread added: 0x000001420aebcf40
Event: 146.047 Thread 0x000001420aebcf40 Thread exited: 0x000001420aebcf40
Event: 156.939 Thread 0x0000014244a31010 Thread added: 0x000001420aebad30
Event: 157.920 Thread 0x000001420aebad30 Thread exited: 0x000001420aebad30
Event: 159.632 Thread 0x0000014244a31010 Thread added: 0x000001420aebcf40
Event: 160.044 Thread 0x000001420aebcf40 Thread exited: 0x000001420aebcf40
Event: 164.286 Thread 0x0000014244a31010 Thread added: 0x000001420aebcf40
Event: 165.001 Thread 0x000001420aebcf40 Thread exited: 0x000001420aebcf40
Event: 165.908 Thread 0x000001427e298cf0 Thread exited: 0x000001427e298cf0
Event: 173.244 Thread 0x0000014244a31010 Thread added: 0x000001420aebcf40
Event: 173.497 Thread 0x000001420aebcf40 Thread exited: 0x000001420aebcf40
Event: 173.647 Thread 0x0000014244a31010 Thread added: 0x000001420aebcf40


Dynamic libraries:
0x00007ff7a9640000 - 0x00007ff7a964e000 	C:\Users\Inurum_Four\.antigravity\extensions\redhat.java-1.55.0-win32-x64\jre\21.0.11-win32-x86_64\bin\java.exe
0x00007ffc9bcc0000 - 0x00007ffc9bf27000 	C:\WINDOWS\SYSTEM32\ntdll.dll
0x00007ffc9a440000 - 0x00007ffc9a509000 	C:\WINDOWS\System32\KERNEL32.DLL
0x00007ffc990c0000 - 0x00007ffc994b4000 	C:\WINDOWS\System32\KERNELBASE.dll
0x00007ffc994c0000 - 0x00007ffc9960b000 	C:\WINDOWS\System32\ucrtbase.dll
0x00007ffc7f840000 - 0x00007ffc7f858000 	C:\Users\Inurum_Four\.antigravity\extensions\redhat.java-1.55.0-win32-x64\jre\21.0.11-win32-x86_64\bin\jli.dll
0x00007ffc7dc30000 - 0x00007ffc7dc4e000 	C:\Users\Inurum_Four\.antigravity\extensions\redhat.java-1.55.0-win32-x64\jre\21.0.11-win32-x86_64\bin\VCRUNTIME140.dll
0x00007ffc9a570000 - 0x00007ffc9a735000 	C:\WINDOWS\System32\USER32.dll
0x00007ffc89f20000 - 0x00007ffc8a1b3000 	C:\WINDOWS\WinSxS\amd64_microsoft.windows.common-controls_6595b64144ccf1df_6.0.26100.8115_none_3e075c82e3354f9c\COMCTL32.dll
0x00007ffc98fe0000 - 0x00007ffc99007000 	C:\WINDOWS\System32\win32u.dll
0x00007ffc99fb0000 - 0x00007ffc9a059000 	C:\WINDOWS\System32\msvcrt.dll
0x00007ffc9b6b0000 - 0x00007ffc9b6db000 	C:\WINDOWS\System32\GDI32.dll
0x00007ffc98640000 - 0x00007ffc9876b000 	C:\WINDOWS\System32\gdi32full.dll
0x00007ffc99010000 - 0x00007ffc990b3000 	C:\WINDOWS\System32\msvcp_win.dll
0x00007ffc99f70000 - 0x00007ffc99fa2000 	C:\WINDOWS\System32\IMM32.DLL
0x00007ffc8e930000 - 0x00007ffc8e93c000 	C:\Users\Inurum_Four\.antigravity\extensions\redhat.java-1.55.0-win32-x64\jre\21.0.11-win32-x86_64\bin\vcruntime140_1.dll
0x00007ffc697e0000 - 0x00007ffc6986d000 	C:\Users\Inurum_Four\.antigravity\extensions\redhat.java-1.55.0-win32-x64\jre\21.0.11-win32-x86_64\bin\msvcp140.dll
0x00007ffc07ab0000 - 0x00007ffc08852000 	C:\Users\Inurum_Four\.antigravity\extensions\redhat.java-1.55.0-win32-x64\jre\21.0.11-win32-x86_64\bin\server\jvm.dll
0x00007ffc9a060000 - 0x00007ffc9a116000 	C:\WINDOWS\System32\ADVAPI32.dll
0x00007ffc9a390000 - 0x00007ffc9a437000 	C:\WINDOWS\System32\sechost.dll
0x00007ffc9b580000 - 0x00007ffc9b698000 	C:\WINDOWS\System32\RPCRT4.dll
0x00007ffc9b1a0000 - 0x00007ffc9b220000 	C:\WINDOWS\System32\WS2_32.dll
0x00007ffc983f0000 - 0x00007ffc9844e000 	C:\WINDOWS\SYSTEM32\POWRPROF.dll
0x00007ffc8f3a0000 - 0x00007ffc8f3d6000 	C:\WINDOWS\SYSTEM32\WINMM.dll
0x00007ffc928a0000 - 0x00007ffc928ab000 	C:\WINDOWS\SYSTEM32\VERSION.dll
0x00007ffc983d0000 - 0x00007ffc983e4000 	C:\WINDOWS\SYSTEM32\UMPDC.dll
0x00007ffc972e0000 - 0x00007ffc972fb000 	C:\WINDOWS\SYSTEM32\kernel.appcore.dll
0x00007ffc8b5b0000 - 0x00007ffc8b5ba000 	C:\Users\Inurum_Four\.antigravity\extensions\redhat.java-1.55.0-win32-x64\jre\21.0.11-win32-x86_64\bin\jimage.dll
0x00007ffc8a1c0000 - 0x00007ffc8a402000 	C:\WINDOWS\SYSTEM32\DBGHELP.DLL
0x00007ffc9b700000 - 0x00007ffc9ba82000 	C:\WINDOWS\System32\combase.dll
0x00007ffc9b230000 - 0x00007ffc9b308000 	C:\WINDOWS\System32\OLEAUT32.dll
0x00007ffc89ee0000 - 0x00007ffc89f1b000 	C:\WINDOWS\SYSTEM32\dbgcore.DLL
0x00007ffc98590000 - 0x00007ffc98635000 	C:\WINDOWS\System32\bcryptPrimitives.dll
0x00007ffc87d60000 - 0x00007ffc87d6f000 	C:\Users\Inurum_Four\.antigravity\extensions\redhat.java-1.55.0-win32-x64\jre\21.0.11-win32-x86_64\bin\instrument.dll
0x00007ffc7bd80000 - 0x00007ffc7bda0000 	C:\Users\Inurum_Four\.antigravity\extensions\redhat.java-1.55.0-win32-x64\jre\21.0.11-win32-x86_64\bin\java.dll
0x00007ffc9a8c0000 - 0x00007ffc9b027000 	C:\WINDOWS\System32\SHELL32.dll
0x00007ffc998e0000 - 0x00007ffc99a4a000 	C:\WINDOWS\System32\wintypes.dll
0x00007ffc98770000 - 0x00007ffc98fd8000 	C:\WINDOWS\System32\windows.storage.dll
0x00007ffc9a740000 - 0x00007ffc9a838000 	C:\WINDOWS\System32\SHCORE.dll
0x00007ffc9b130000 - 0x00007ffc9b196000 	C:\WINDOWS\System32\shlwapi.dll
0x00007ffc984b0000 - 0x00007ffc984d9000 	C:\WINDOWS\SYSTEM32\profapi.dll
0x00007ffc7ab90000 - 0x00007ffc7aba8000 	C:\Users\Inurum_Four\.antigravity\extensions\redhat.java-1.55.0-win32-x64\jre\21.0.11-win32-x86_64\bin\zip.dll
0x00007ffc83ad0000 - 0x00007ffc83ae0000 	C:\Users\Inurum_Four\.antigravity\extensions\redhat.java-1.55.0-win32-x64\jre\21.0.11-win32-x86_64\bin\net.dll
0x00007ffc92580000 - 0x00007ffc926ad000 	C:\WINDOWS\SYSTEM32\WINHTTP.dll
0x00007ffc97830000 - 0x00007ffc9789c000 	C:\WINDOWS\system32\mswsock.dll
0x00007ffc76c70000 - 0x00007ffc76c86000 	C:\Users\Inurum_Four\.antigravity\extensions\redhat.java-1.55.0-win32-x64\jre\21.0.11-win32-x86_64\bin\nio.dll
0x00007ffc809c0000 - 0x00007ffc809d0000 	C:\Users\Inurum_Four\.antigravity\extensions\redhat.java-1.55.0-win32-x64\jre\21.0.11-win32-x86_64\bin\verify.dll
0x00007ffc6e980000 - 0x00007ffc6e9a7000 	C:\Users\Inurum_Four\.gradle\native\1def1411415f61bf3af743bc5b6707747c0891f09f0c88961ee8f79bc544acac\windows-amd64\native-platform.dll
0x00007ffc45450000 - 0x00007ffc454c8000 	C:\Users\Inurum_Four\.gradle\native\0.2.7\x86_64-windows-gnu\gradle-fileevents.dll
0x00007ffc7f800000 - 0x00007ffc7f80a000 	C:\Users\Inurum_Four\.antigravity\extensions\redhat.java-1.55.0-win32-x64\jre\21.0.11-win32-x86_64\bin\management.dll
0x00007ffc7d9f0000 - 0x00007ffc7d9fc000 	C:\Users\Inurum_Four\.antigravity\extensions\redhat.java-1.55.0-win32-x64\jre\21.0.11-win32-x86_64\bin\management_ext.dll
0x00007ffc9bc70000 - 0x00007ffc9bc78000 	C:\WINDOWS\System32\PSAPI.DLL
0x00007ffc96cc0000 - 0x00007ffc96cf2000 	C:\WINDOWS\SYSTEM32\IPHLPAPI.DLL
0x00007ffc9b6a0000 - 0x00007ffc9b6aa000 	C:\WINDOWS\System32\NSI.dll
0x00007ffc808c0000 - 0x00007ffc808c9000 	C:\Users\Inurum_Four\.antigravity\extensions\redhat.java-1.55.0-win32-x64\jre\21.0.11-win32-x86_64\bin\extnet.dll
0x00007ffc97c30000 - 0x00007ffc97c4b000 	C:\WINDOWS\SYSTEM32\CRYPTSP.dll
0x00007ffc97240000 - 0x00007ffc97279000 	C:\WINDOWS\system32\rsaenh.dll
0x00007ffc978e0000 - 0x00007ffc97913000 	C:\WINDOWS\SYSTEM32\USERENV.dll
0x00007ffc98480000 - 0x00007ffc984aa000 	C:\WINDOWS\SYSTEM32\bcrypt.dll
0x00007ffc97a90000 - 0x00007ffc97a9c000 	C:\WINDOWS\SYSTEM32\CRYPTBASE.dll
0x00007ffc83b50000 - 0x00007ffc83b5e000 	C:\Users\Inurum_Four\.antigravity\extensions\redhat.java-1.55.0-win32-x64\jre\21.0.11-win32-x86_64\bin\sunmscapi.dll
0x00007ffc996a0000 - 0x00007ffc99817000 	C:\WINDOWS\System32\CRYPT32.dll
0x00007ffc97d90000 - 0x00007ffc97dc0000 	C:\WINDOWS\SYSTEM32\ncrypt.dll
0x00007ffc97d40000 - 0x00007ffc97d7f000 	C:\WINDOWS\SYSTEM32\NTASN1.dll
0x00007ffc819f0000 - 0x00007ffc819f8000 	C:\WINDOWS\system32\wshunix.dll

JVMTI agents:
C:\Users\Inurum_Four\.gradle\wrapper\dists\gradle-8.14-all\c2qonpi39x1mddn7hk5gh9iqj\gradle-8.14\lib\agents\gradle-instrumentation-agent-8.14.jar path:C:\Users\Inurum_Four\.antigravity\extensions\redhat.java-1.55.0-win32-x64\jre\21.0.11-win32-x86_64\bin\instrument.dll, loaded, initialized, instrumentlib options:none

dbghelp: loaded successfully - version: 4.0.5 - missing functions: none
symbol engine: initialized successfully - sym options: 0x614 - pdb path: .;C:\Users\Inurum_Four\.antigravity\extensions\redhat.java-1.55.0-win32-x64\jre\21.0.11-win32-x86_64\bin;C:\WINDOWS\SYSTEM32;C:\WINDOWS\WinSxS\amd64_microsoft.windows.common-controls_6595b64144ccf1df_6.0.26100.8115_none_3e075c82e3354f9c;C:\Users\Inurum_Four\.antigravity\extensions\redhat.java-1.55.0-win32-x64\jre\21.0.11-win32-x86_64\bin\server;C:\Users\Inurum_Four\.gradle\native\1def1411415f61bf3af743bc5b6707747c0891f09f0c88961ee8f79bc544acac\windows-amd64;C:\Users\Inurum_Four\.gradle\native\0.2.7\x86_64-windows-gnu

VM Arguments:
jvm_args: --add-opens=java.base/java.lang=ALL-UNNAMED --add-opens=java.base/java.lang.invoke=ALL-UNNAMED --add-opens=java.base/java.util=ALL-UNNAMED --add-opens=java.prefs/java.util.prefs=ALL-UNNAMED --add-exports=jdk.compiler/com.sun.tools.javac.api=ALL-UNNAMED --add-exports=jdk.compiler/com.sun.tools.javac.util=ALL-UNNAMED --add-opens=java.base/java.util=ALL-UNNAMED --add-opens=java.prefs/java.util.prefs=ALL-UNNAMED --add-opens=java.base/java.nio.charset=ALL-UNNAMED --add-opens=java.base/java.net=ALL-UNNAMED --add-opens=java.base/java.util.concurrent.atomic=ALL-UNNAMED --add-opens=java.xml/javax.xml.namespace=ALL-UNNAMED -XX:MaxMetaspaceSize=1G -Xmx4G -Dfile.encoding=UTF-8 -Duser.country=IN -Duser.language=en -Duser.variant -javaagent:C:\Users\Inurum_Four\.gradle\wrapper\dists\gradle-8.14-all\c2qonpi39x1mddn7hk5gh9iqj\gradle-8.14\lib\agents\gradle-instrumentation-agent-8.14.jar 
java_command: org.gradle.launcher.daemon.bootstrap.GradleDaemon 8.14
java_class_path (initial): C:\Users\Inurum_Four\.gradle\wrapper\dists\gradle-8.14-all\c2qonpi39x1mddn7hk5gh9iqj\gradle-8.14\lib\gradle-daemon-main-8.14.jar
Launcher Type: SUN_STANDARD

[Global flags]
     intx CICompilerCount                          = 4                                         {product} {ergonomic}
   size_t CompressedClassSpaceSize                 = 872415232                                 {product} {ergonomic}
     uint ConcGCThreads                            = 2                                         {product} {ergonomic}
     uint G1ConcRefinementThreads                  = 8                                         {product} {ergonomic}
   size_t G1HeapRegionSize                         = 2097152                                   {product} {ergonomic}
    uintx GCDrainStackTargetSize                   = 64                                        {product} {ergonomic}
   size_t InitialHeapSize                          = 266338304                                 {product} {ergonomic}
   size_t MarkStackSize                            = 4194304                                   {product} {ergonomic}
   size_t MaxHeapSize                              = 4294967296                                {product} {command line}
   size_t MaxMetaspaceSize                         = 1073741824                                {product} {command line}
   size_t MaxNewSize                               = 2575302656                                {product} {ergonomic}
   size_t MinHeapDeltaBytes                        = 2097152                                   {product} {ergonomic}
   size_t MinHeapSize                              = 8388608                                   {product} {ergonomic}
    uintx NonNMethodCodeHeapSize                   = 5839372                                {pd product} {ergonomic}
    uintx NonProfiledCodeHeapSize                  = 122909434                              {pd product} {ergonomic}
    uintx ProfiledCodeHeapSize                     = 122909434                              {pd product} {ergonomic}
    uintx ReservedCodeCacheSize                    = 251658240                              {pd product} {ergonomic}
     bool SegmentedCodeCache                       = true                                      {product} {ergonomic}
   size_t SoftMaxHeapSize                          = 4294967296                             {manageable} {ergonomic}
     bool UseCompressedOops                        = true                           {product lp64_product} {ergonomic}
     bool UseG1GC                                  = true                                      {product} {ergonomic}
     bool UseLargePagesIndividualAllocation        = false                                  {pd product} {ergonomic}

Logging:
Log output configuration:
 #0: stdout all=warning uptime,level,tags foldmultilines=false
 #1: stderr all=off uptime,level,tags foldmultilines=false

Release file:
JAVA_VERSION="21.0.11" 
MODULES="java.base java.compiler java.datatransfer java.xml java.prefs java.desktop java.instrument java.logging java.management java.security.sasl java.naming java.rmi java.management.rmi java.net.http java.scripting java.security.jgss java.transaction.xa java.sql java.sql.rowset java.xml.crypto java.se java.smartcardio jdk.accessibility jdk.internal.jvmstat jdk.attach jdk.charsets jdk.internal.opt jdk.zipfs jdk.compiler jdk.crypto.ec jdk.crypto.cryptoki jdk.crypto.mscapi jdk.dynalink jdk.internal.ed jdk.editpad jdk.hotspot.agent jdk.httpserver jdk.internal.le jdk.internal.vm.ci jdk.internal.vm.compiler jdk.internal.vm.compiler.management jdk.jartool jdk.javadoc jdk.jcmd jdk.management jdk.management.agent jdk.jconsole jdk.jdeps jdk.jdwp.agent jdk.jdi jdk.jfr jdk.jshell jdk.jsobject jdk.jstatd jdk.localedata jdk.management.jfr jdk.naming.dns jdk.naming.rmi jdk.net jdk.nio.mapmode jdk.random jdk.sctp jdk.security.auth jdk.security.jgss jdk.unsupported jdk.unsupported.desktop jdk.xml.dom" 

Environment Variables:
JAVA_HOME=C:\Program Files\Java\jdk-17
CLASSPATH=c:\Users\Inurum_Four\.antigravity\extensions\vscjava.vscode-gradle-3.18.0-universal\lib\gradle-server.jar
PATH=C:\Program Files\Common Files\Oracle\Java\javapath;C:\WINDOWS\system32;C:\WINDOWS;C:\WINDOWS\System32\Wbem;C:\WINDOWS\System32\WindowsPowerShell\v1.0\;C:\WINDOWS\System32\OpenSSH\;C:\src\flutter\bin;C:\Program Files\Git\cmd;C:\Users\Inurum_Four\AppData\Roaming\npm;C:\Program Files\nodejs\;C:\Users\Inurum_Four\AppData\Local\Programs\Python\Python311\Scripts\;C:\Users\Inurum_Four\AppData\Local\Programs\Python\Python311\;C:\Users\Inurum_Four\AppData\Local\Programs\Python\Python314\Scripts\;C:\Users\Inurum_Four\AppData\Local\Programs\Python\Python314\;C:\Users\Inurum_Four\AppData\Local\Microsoft\WindowsApps;C:\src\flutter\bin;C:\Users\Inurum_Four\AppData\Local\Programs\Microsoft VS Code\bin;C:\Program Files\nodejs\;C:\Users\Inurum_Four\AppData\Local\Pub\Cache\bin;C:\Users\Inurum_Four\AppData\Roaming\npm;C:\Users\Inurum_Four\AppData\Local\Programs\Antigravity\bin;C:\Program Files\SDCC\bin;C:\Users\Inurum_Four\AppData\Local\Programs\Antigravity IDE\bin;C:\Users\Inurum_Four\AppData\Local\GitHubDesktop\bin
USERNAME=Inurum_Four
OS=Windows_NT
PROCESSOR_IDENTIFIER=Intel64 Family 6 Model 151 Stepping 5, GenuineIntel
TMP=C:\Users\INURUM~1\AppData\Local\Temp
TEMP=C:\Users\INURUM~1\AppData\Local\Temp




Periodic native trim disabled

---------------  S Y S T E M  ---------------

OS:
 Windows 11 , 64 bit Build 26100 (10.0.26100.8246)
OS uptime: 0 days 4:26 hours
Hyper-V role detected

CPU: total 8 (initial active 8) (4 cores per cpu, 2 threads per core) family 6 model 151 stepping 5 microcode 0x18, cx8, cmov, fxsr, ht, mmx, 3dnowpref, sse, sse2, sse3, ssse3, sse4.1, sse4.2, popcnt, lzcnt, tsc, tscinvbit, avx, avx2, aes, erms, clmul, bmi1, bmi2, adx, sha, fma, vzeroupper, clflush, clflushopt, clwb, hv, serialize, rdtscp, rdpid, fsrm, f16c, cet_ibt, cet_ss
Processor Information for the first 8 processors :
  Max Mhz: 3300, Current Mhz: 3300, Mhz Limit: 3300

Memory: 4k page, system-wide physical 16197M (1132M free)
TotalPageFile size 30152M (AvailPageFile size 5M)
current process WorkingSet (physical memory assigned to process): 705M, peak: 716M
current process commit charge ("private bytes"): 792M, peak: 798M

vm_info: OpenJDK 64-Bit Server VM (21.0.11+10-LTS) for windows-amd64 JRE (21.0.11+10-LTS), built on 2026-04-21T00:00:00Z by "admin" with MS VC++ 17.12 (VS2022)

END.
