#
# There is insufficient memory for the Java Runtime Environment to continue.
# Native memory allocation (mmap) failed to map 71303168 bytes. Error detail: G1 virtual space
# Possible reasons:
#   The system is out of physical RAM or swap space
#   This process is running with CompressedOops enabled, and the Java Heap may be blocking the growth of the native heap
# Possible solutions:
#   Reduce memory load on the system
#   Increase physical memory or swap space
#   Check if swap backing store is full
#   Decrease Java heap size (-Xmx/-Xms)
#   Decrease number of Java threads
#   Decrease Java thread stack sizes (-Xss)
#   Set larger code cache with -XX:ReservedCodeCacheSize=
#   JVM is running with Unscaled Compressed Oops mode in which the Java heap is
#     placed in the first 4GB address space. The Java Heap base address is the
#     maximum limit for the native heap growth. Please use -XX:HeapBaseMinAddress
#     to set the Java Heap base and to place the Java Heap above 4GB virtual address.
# This output file may be truncated or incomplete.
#
#  Out of Memory Error (os_windows.cpp:3714), pid=6528, tid=10128
#
# JRE version: OpenJDK Runtime Environment Temurin-21.0.10+7 (21.0.10+7) (build 21.0.10+7-LTS)
# Java VM: OpenJDK 64-Bit Server VM Temurin-21.0.10+7 (21.0.10+7-LTS, mixed mode, sharing, tiered, compressed oops, compressed class ptrs, g1 gc, windows-amd64)
# No core dump will be written. Minidumps are not enabled by default on client versions of Windows
#

---------------  S U M M A R Y ------------

Command Line: --add-opens=java.base/java.util=ALL-UNNAMED --add-opens=java.base/java.lang=ALL-UNNAMED --add-opens=java.base/java.lang.invoke=ALL-UNNAMED --add-opens=java.prefs/java.util.prefs=ALL-UNNAMED --add-opens=java.base/java.nio.charset=ALL-UNNAMED --add-opens=java.base/java.net=ALL-UNNAMED --add-opens=java.base/java.util.concurrent.atomic=ALL-UNNAMED -Xmx1536M -Dfile.encoding=utf8 -Duser.country=IN -Duser.language=en -Duser.variant org.gradle.launcher.daemon.bootstrap.GradleDaemon 7.6

Host: 12th Gen Intel(R) Core(TM) i3-12100F, 8 cores, 15G,  Windows 11 , 64 bit Build 26100 (10.0.26100.8246)
Time: Tue Jun  9 15:13:33 2026 India Standard Time elapsed time: 47.415191 seconds (0d 0h 0m 47s)

---------------  T H R E A D  ---------------

Current thread (0x0000026f222673d0):  VMThread "VM Thread"          [id=10128, stack(0x000000f64a700000,0x000000f64a800000) (1024K)]

Stack: [0x000000f64a700000,0x000000f64a800000]
Native frames: (J=compiled Java code, j=interpreted, Vv=VM code, C=native code)
V  [jvm.dll+0x6d7a39]
V  [jvm.dll+0x8b4b26]
V  [jvm.dll+0x8b70de]
V  [jvm.dll+0x8b77c3]
V  [jvm.dll+0x284346]
V  [jvm.dll+0x6d4355]
V  [jvm.dll+0x6c808a]
V  [jvm.dll+0x35edb8]
V  [jvm.dll+0x3669f6]
V  [jvm.dll+0x3b7afe]
V  [jvm.dll+0x3b7da8]
V  [jvm.dll+0x332fbc]
V  [jvm.dll+0x3357d6]
V  [jvm.dll+0x33f7cd]
V  [jvm.dll+0x374e8f]
V  [jvm.dll+0x8bd4b0]
V  [jvm.dll+0x8be824]
V  [jvm.dll+0x8bed50]
V  [jvm.dll+0x8beff3]
V  [jvm.dll+0x85f59d]
V  [jvm.dll+0x6d626d]
C  [ucrtbase.dll+0x37b0]
C  [KERNEL32.DLL+0x2e8d7]
C  [ntdll.dll+0x8c3fc]

VM_Operation (0x000000f64a2ffb80): G1PauseRemark, mode: safepoint, requested by thread 0x0000026f0b53f950


---------------  P R O C E S S  ---------------

Threads class SMR info:
_java_thread_list=0x0000026f6c5b0730, length=126, elements={
0x0000026f091a4730, 0x0000026f22282600, 0x0000026f22285070, 0x0000026f22285d30,
0x0000026f222869f0, 0x0000026f22287930, 0x0000026f222893d0, 0x0000026f22294bb0,
0x0000026f222ac690, 0x0000026f2246bf40, 0x0000026f224917e0, 0x0000026f6842ced0,
0x0000026f685dc580, 0x0000026f69113950, 0x0000026f68af1ce0, 0x0000026f685d5a20,
0x0000026f685d60b0, 0x0000026f685d5390, 0x0000026f685d2c30, 0x0000026f6d33f3b0,
0x0000026f6d33fa40, 0x0000026f6d340760, 0x0000026f6d33e690, 0x0000026f6d33e000,
0x0000026f6d3400d0, 0x0000026f6d33cc50, 0x0000026f6d33ed20, 0x0000026f6d33d2e0,
0x0000026f6d340df0, 0x0000026f6d33d970, 0x0000026f6d342830, 0x0000026f6d342ec0,
0x0000026f6d343550, 0x0000026f6d343be0, 0x0000026f6d344270, 0x0000026f685d3950,
0x0000026f685d3fe0, 0x0000026f685d4670, 0x0000026f685d4d00, 0x0000026f6b9fed20,
0x0000026f6b9ff3b0, 0x0000026f6b9fe690, 0x0000026f6b9ffa40, 0x0000026f6b9fc5c0,
0x0000026f6ba000d0, 0x0000026f6b9fcc50, 0x0000026f6ba00760, 0x0000026f6ba00df0,
0x0000026f6b9fd970, 0x0000026f6ba021a0, 0x0000026f6ba01480, 0x0000026f6ba02830,
0x0000026f6ba01b10, 0x0000026f6ba02ec0, 0x0000026f6ba03550, 0x0000026f22796d00,
0x0000026f22795fe0, 0x0000026f22796670, 0x0000026f22793f10, 0x0000026f22793880,
0x0000026f227945a0, 0x0000026f22794c30, 0x0000026f227952c0, 0x0000026f22795950,
0x0000026f22798c40, 0x0000026f2279a680, 0x0000026f22799ff0, 0x0000026f227985b0,
0x0000026f2279ad10, 0x0000026f227992d0, 0x0000026f22797890, 0x0000026f22797f20,
0x0000026f22799960, 0x0000026f223f7d30, 0x0000026f223f90e0, 0x0000026f223f83c0,
0x0000026f223f8a50, 0x0000026f223f62f0, 0x0000026f223f6980, 0x0000026f223f76a0,
0x0000026f223f9770, 0x0000026f223f9e00, 0x0000026f223f7010, 0x0000026f223fd910,
0x0000026f223fc560, 0x0000026f223fb840, 0x0000026f223fa490, 0x0000026f223fbed0,
0x0000026f223fcbf0, 0x0000026f223fd280, 0x0000026f223fb1b0, 0x0000026f223fab20,
0x0000026f688d2760, 0x0000026f688d3b10, 0x0000026f688d0690, 0x0000026f688d2df0,
0x0000026f688d13b0, 0x0000026f688d41a0, 0x0000026f688d0d20, 0x0000026f688d4830,
0x0000026f688d4ec0, 0x0000026f688d3480, 0x0000026f688d1a40, 0x0000026f688d5550,
0x0000026f688d20d0, 0x0000026f688d7cb0, 0x0000026f688d5be0, 0x0000026f688d6900,
0x0000026f688d6270, 0x0000026f688d6f90, 0x0000026f688d7620, 0x0000026f22a602d0,
0x0000026f22a5db70, 0x0000026f22a60960, 0x0000026f22a5e890, 0x0000026f22a5e200,
0x0000026f22a5f5b0, 0x0000026f22a5ef20, 0x0000026f22a5d4e0, 0x0000026f22a62a30,
0x0000026f22a61d10, 0x0000026f22a623a0, 0x0000026f22a60ff0, 0x0000026f22a64470,
0x0000026f6a6691b0, 0x0000026f22915240
}

Java Threads: ( => current thread )
  0x0000026f091a4730 JavaThread "main"                              [_thread_blocked, id=18396, stack(0x000000f64a000000,0x000000f64a100000) (1024K)]
  0x0000026f22282600 JavaThread "Reference Handler"          daemon [_thread_blocked, id=8628, stack(0x000000f64a800000,0x000000f64a900000) (1024K)]
  0x0000026f22285070 JavaThread "Finalizer"                  daemon [_thread_blocked, id=7412, stack(0x000000f64a900000,0x000000f64aa00000) (1024K)]
  0x0000026f22285d30 JavaThread "Signal Dispatcher"          daemon [_thread_blocked, id=18112, stack(0x000000f64aa00000,0x000000f64ab00000) (1024K)]
  0x0000026f222869f0 JavaThread "Attach Listener"            daemon [_thread_blocked, id=6636, stack(0x000000f64ab00000,0x000000f64ac00000) (1024K)]
  0x0000026f22287930 JavaThread "Service Thread"             daemon [_thread_blocked, id=8720, stack(0x000000f64ac00000,0x000000f64ad00000) (1024K)]
  0x0000026f222893d0 JavaThread "Monitor Deflation Thread"   daemon [_thread_blocked, id=8052, stack(0x000000f64ad00000,0x000000f64ae00000) (1024K)]
  0x0000026f22294bb0 JavaThread "C2 CompilerThread0"         daemon [_thread_blocked, id=14460, stack(0x000000f64ae00000,0x000000f64af00000) (1024K)]
  0x0000026f222ac690 JavaThread "C1 CompilerThread0"         daemon [_thread_blocked, id=19140, stack(0x000000f64af00000,0x000000f64b000000) (1024K)]
  0x0000026f2246bf40 JavaThread "Notification Thread"        daemon [_thread_blocked, id=20476, stack(0x000000f64b000000,0x000000f64b100000) (1024K)]
  0x0000026f224917e0 JavaThread "Common-Cleaner"             daemon [_thread_blocked, id=12808, stack(0x000000f64b100000,0x000000f64b200000) (1024K)]
  0x0000026f6842ced0 JavaThread "Daemon health stats"               [_thread_blocked, id=20524, stack(0x000000f64b900000,0x000000f64ba00000) (1024K)]
  0x0000026f685dc580 JavaThread "Incoming local TCP Connector on port 52372"        [_thread_in_native, id=14072, stack(0x000000f64ba00000,0x000000f64bb00000) (1024K)]
  0x0000026f69113950 JavaThread "Daemon periodic checks"            [_thread_blocked, id=6776, stack(0x000000f64bb00000,0x000000f64bc00000) (1024K)]
  0x0000026f68af1ce0 JavaThread "Daemon"                            [_thread_blocked, id=18808, stack(0x000000f64bc00000,0x000000f64bd00000) (1024K)]
  0x0000026f685d5a20 JavaThread "Daemon worker"                     [_thread_blocked, id=22440, stack(0x000000f64b300000,0x000000f64b400000) (1024K)]
  0x0000026f685d60b0 JavaThread "Cache worker for journal cache (C:\Users\Inurum_Four\.gradle\caches\journal-1)"        [_thread_blocked, id=11140, stack(0x000000f64c100000,0x000000f64c200000) (1024K)]
  0x0000026f685d5390 JavaThread "File lock request listener"        [_thread_blocked, id=19476, stack(0x000000f64c200000,0x000000f64c300000) (1024K)]
  0x0000026f685d2c30 JavaThread "Cache worker for file hash cache (C:\Users\Inurum_Four\.gradle\caches\7.6\fileHashes)"        [_thread_blocked, id=7500, stack(0x000000f64c400000,0x000000f64c500000) (1024K)]
  0x0000026f6d33f3b0 JavaThread "File watcher server"        daemon [_thread_in_native, id=15828, stack(0x000000f64c600000,0x000000f64c700000) (1024K)]
  0x0000026f6d33fa40 JavaThread "File watcher consumer"      daemon [_thread_blocked, id=10068, stack(0x000000f64c700000,0x000000f64c800000) (1024K)]
  0x0000026f6d340760 JavaThread "Cache worker for file content cache (C:\Users\Inurum_Four\.gradle\caches\7.6\fileContent)"        [_thread_blocked, id=14376, stack(0x000000f64cc00000,0x000000f64cd00000) (1024K)]
  0x0000026f6d33e690 JavaThread "Cache worker for execution history cache (C:\Users\Inurum_Four\.gradle\caches\7.6\executionHistory)"        [_thread_blocked, id=17876, stack(0x000000f64cf00000,0x000000f64d000000) (1024K)]
  0x0000026f6d33e000 JavaThread "jar transforms"                    [_thread_blocked, id=20564, stack(0x000000f64d000000,0x000000f64d100000) (1024K)]
  0x0000026f6d3400d0 JavaThread "Handler for socket connection from /127.0.0.1:52372 to /127.0.0.1:52382"        [_thread_in_native, id=8164, stack(0x000000f64b200000,0x000000f64b300000) (1024K)]
  0x0000026f6d33cc50 JavaThread "Cancel handler"                    [_thread_blocked, id=9664, stack(0x000000f64bd00000,0x000000f64be00000) (1024K)]
  0x0000026f6d33ed20 JavaThread "Asynchronous log dispatcher for DefaultDaemonConnection: socket connection from /127.0.0.1:52372 to /127.0.0.1:52382"        [_thread_blocked, id=20924, stack(0x000000f64be00000,0x000000f64bf00000) (1024K)]
  0x0000026f6d33d2e0 JavaThread "Stdin handler"                     [_thread_blocked, id=10076, stack(0x000000f64bf00000,0x000000f64c000000) (1024K)]
  0x0000026f6d340df0 JavaThread "Daemon client event forwarder"        [_thread_blocked, id=5408, stack(0x000000f64c000000,0x000000f64c100000) (1024K)]
  0x0000026f6d33d970 JavaThread "Cache worker for checksums cache (D:\InurumFlutter\mg\driver and customer\mahilasaarthi\driver\android\.gradle\7.6\checksums)"        [_thread_blocked, id=8596, stack(0x000000f64c300000,0x000000f64c400000) (1024K)]
  0x0000026f6d342830 JavaThread "Cache worker for cache directory md-rule (C:\Users\Inurum_Four\.gradle\caches\7.6\md-rule)"        [_thread_blocked, id=10584, stack(0x000000f64ca00000,0x000000f64cb00000) (1024K)]
  0x0000026f6d342ec0 JavaThread "Cache worker for file hash cache (D:\InurumFlutter\mg\driver and customer\mahilasaarthi\driver\android\.gradle\7.6\fileHashes)"        [_thread_blocked, id=19532, stack(0x000000f64cb00000,0x000000f64cc00000) (1024K)]
  0x0000026f6d343550 JavaThread "Cache worker for cache directory md-supplier (C:\Users\Inurum_Four\.gradle\caches\7.6\md-supplier)"        [_thread_blocked, id=22508, stack(0x000000f64cd00000,0x000000f64ce00000) (1024K)]
  0x0000026f6d343be0 JavaThread "jar transforms Thread 2"           [_thread_blocked, id=1796, stack(0x000000f64d100000,0x000000f64d200000) (1024K)]
  0x0000026f6d344270 JavaThread "jar transforms Thread 3"           [_thread_blocked, id=21676, stack(0x000000f64d200000,0x000000f64d300000) (1024K)]
  0x0000026f685d3950 JavaThread "jar transforms Thread 4"           [_thread_blocked, id=19840, stack(0x000000f64d300000,0x000000f64d400000) (1024K)]
  0x0000026f685d3fe0 JavaThread "jar transforms Thread 5"           [_thread_blocked, id=17276, stack(0x000000f64d400000,0x000000f64d500000) (1024K)]
  0x0000026f685d4670 JavaThread "Cache worker for dependencies-accessors (D:\InurumFlutter\mg\driver and customer\mahilasaarthi\driver\android\.gradle\7.6\dependencies-accessors)"        [_thread_blocked, id=14044, stack(0x000000f64d500000,0x000000f64d600000) (1024K)]
  0x0000026f685d4d00 JavaThread "jar transforms Thread 6"           [_thread_blocked, id=4908, stack(0x000000f64ce00000,0x000000f64cf00000) (1024K)]
  0x0000026f6b9fed20 JavaThread "Cache worker for Build Output Cleanup Cache (D:\InurumFlutter\mg\driver and customer\mahilasaarthi\driver\android\.gradle\buildOutputCleanup)"        [_thread_blocked, id=18060, stack(0x000000f64d600000,0x000000f64d700000) (1024K)]
  0x0000026f6b9ff3b0 JavaThread "File lock release action executor"        [_thread_blocked, id=4800, stack(0x000000f64d700000,0x000000f64d800000) (1024K)]
  0x0000026f6b9fe690 JavaThread "Unconstrained build operations"        [_thread_blocked, id=8048, stack(0x000000f64d800000,0x000000f64d900000) (1024K)]
  0x0000026f6b9ffa40 JavaThread "Unconstrained build operations Thread 2"        [_thread_blocked, id=13240, stack(0x000000f64d900000,0x000000f64da00000) (1024K)]
  0x0000026f6b9fc5c0 JavaThread "Unconstrained build operations Thread 3"        [_thread_blocked, id=2100, stack(0x000000f64da00000,0x000000f64db00000) (1024K)]
  0x0000026f6ba000d0 JavaThread "Unconstrained build operations Thread 4"        [_thread_blocked, id=16432, stack(0x000000f64db00000,0x000000f64dc00000) (1024K)]
  0x0000026f6b9fcc50 JavaThread "Unconstrained build operations Thread 5"        [_thread_blocked, id=21420, stack(0x000000f64dc00000,0x000000f64dd00000) (1024K)]
  0x0000026f6ba00760 JavaThread "Unconstrained build operations Thread 6"        [_thread_blocked, id=18584, stack(0x000000f64dd00000,0x000000f64de00000) (1024K)]
  0x0000026f6ba00df0 JavaThread "Unconstrained build operations Thread 7"        [_thread_blocked, id=6808, stack(0x000000f64de00000,0x000000f64df00000) (1024K)]
  0x0000026f6b9fd970 JavaThread "Unconstrained build operations Thread 8"        [_thread_blocked, id=14816, stack(0x000000f64df00000,0x000000f64e000000) (1024K)]
  0x0000026f6ba021a0 JavaThread "Unconstrained build operations Thread 9"        [_thread_blocked, id=21640, stack(0x000000f64e000000,0x000000f64e100000) (1024K)]
  0x0000026f6ba01480 JavaThread "Unconstrained build operations Thread 10"        [_thread_blocked, id=3260, stack(0x000000f64e100000,0x000000f64e200000) (1024K)]
  0x0000026f6ba02830 JavaThread "Unconstrained build operations Thread 11"        [_thread_blocked, id=18036, stack(0x000000f64e200000,0x000000f64e300000) (1024K)]
  0x0000026f6ba01b10 JavaThread "Unconstrained build operations Thread 12"        [_thread_blocked, id=21468, stack(0x000000f64e300000,0x000000f64e400000) (1024K)]
  0x0000026f6ba02ec0 JavaThread "Unconstrained build operations Thread 13"        [_thread_blocked, id=21804, stack(0x000000f64e400000,0x000000f64e500000) (1024K)]
  0x0000026f6ba03550 JavaThread "Unconstrained build operations Thread 14"        [_thread_blocked, id=21132, stack(0x000000f64e500000,0x000000f64e600000) (1024K)]
  0x0000026f22796d00 JavaThread "Unconstrained build operations Thread 15"        [_thread_blocked, id=18784, stack(0x000000f64e600000,0x000000f64e700000) (1024K)]
  0x0000026f22795fe0 JavaThread "Unconstrained build operations Thread 16"        [_thread_blocked, id=15176, stack(0x000000f64e700000,0x000000f64e800000) (1024K)]
  0x0000026f22796670 JavaThread "Unconstrained build operations Thread 17"        [_thread_blocked, id=15800, stack(0x000000f64e800000,0x000000f64e900000) (1024K)]
  0x0000026f22793f10 JavaThread "Unconstrained build operations Thread 18"        [_thread_blocked, id=8068, stack(0x000000f64e900000,0x000000f64ea00000) (1024K)]
  0x0000026f22793880 JavaThread "Unconstrained build operations Thread 19"        [_thread_blocked, id=17500, stack(0x000000f64ea00000,0x000000f64eb00000) (1024K)]
  0x0000026f227945a0 JavaThread "Unconstrained build operations Thread 20"        [_thread_blocked, id=17796, stack(0x000000f64eb00000,0x000000f64ec00000) (1024K)]
  0x0000026f22794c30 JavaThread "Unconstrained build operations Thread 21"        [_thread_blocked, id=6976, stack(0x000000f64ec00000,0x000000f64ed00000) (1024K)]
  0x0000026f227952c0 JavaThread "Unconstrained build operations Thread 22"        [_thread_blocked, id=7160, stack(0x000000f64ed00000,0x000000f64ee00000) (1024K)]
  0x0000026f22795950 JavaThread "Unconstrained build operations Thread 23"        [_thread_blocked, id=18636, stack(0x000000f64ee00000,0x000000f64ef00000) (1024K)]
  0x0000026f22798c40 JavaThread "Unconstrained build operations Thread 24"        [_thread_blocked, id=18472, stack(0x000000f64ef00000,0x000000f64f000000) (1024K)]
  0x0000026f2279a680 JavaThread "Unconstrained build operations Thread 25"        [_thread_blocked, id=332, stack(0x000000f64f000000,0x000000f64f100000) (1024K)]
  0x0000026f22799ff0 JavaThread "Unconstrained build operations Thread 26"        [_thread_blocked, id=22268, stack(0x000000f64f100000,0x000000f64f200000) (1024K)]
  0x0000026f227985b0 JavaThread "Unconstrained build operations Thread 27"        [_thread_blocked, id=8408, stack(0x000000f64f200000,0x000000f64f300000) (1024K)]
  0x0000026f2279ad10 JavaThread "Unconstrained build operations Thread 28"        [_thread_blocked, id=6416, stack(0x000000f64f300000,0x000000f64f400000) (1024K)]
  0x0000026f227992d0 JavaThread "Unconstrained build operations Thread 29"        [_thread_blocked, id=676, stack(0x000000f64f400000,0x000000f64f500000) (1024K)]
  0x0000026f22797890 JavaThread "Unconstrained build operations Thread 30"        [_thread_blocked, id=14480, stack(0x000000f64f500000,0x000000f64f600000) (1024K)]
  0x0000026f22797f20 JavaThread "Unconstrained build operations Thread 31"        [_thread_blocked, id=21332, stack(0x000000f64f600000,0x000000f64f700000) (1024K)]
  0x0000026f22799960 JavaThread "Unconstrained build operations Thread 32"        [_thread_blocked, id=12720, stack(0x000000f64f700000,0x000000f64f800000) (1024K)]
  0x0000026f223f7d30 JavaThread "Unconstrained build operations Thread 33"        [_thread_blocked, id=17088, stack(0x000000f64f800000,0x000000f64f900000) (1024K)]
  0x0000026f223f90e0 JavaThread "Unconstrained build operations Thread 34"        [_thread_blocked, id=3788, stack(0x000000f64f900000,0x000000f64fa00000) (1024K)]
  0x0000026f223f83c0 JavaThread "Unconstrained build operations Thread 35"        [_thread_blocked, id=19608, stack(0x000000f64fa00000,0x000000f64fb00000) (1024K)]
  0x0000026f223f8a50 JavaThread "Unconstrained build operations Thread 36"        [_thread_blocked, id=3728, stack(0x000000f64fb00000,0x000000f64fc00000) (1024K)]
  0x0000026f223f62f0 JavaThread "Unconstrained build operations Thread 37"        [_thread_blocked, id=7624, stack(0x000000f64fc00000,0x000000f64fd00000) (1024K)]
  0x0000026f223f6980 JavaThread "Unconstrained build operations Thread 38"        [_thread_blocked, id=4624, stack(0x000000f64fd00000,0x000000f64fe00000) (1024K)]
  0x0000026f223f76a0 JavaThread "Unconstrained build operations Thread 39"        [_thread_blocked, id=21608, stack(0x000000f64fe00000,0x000000f64ff00000) (1024K)]
  0x0000026f223f9770 JavaThread "Unconstrained build operations Thread 40"        [_thread_blocked, id=18276, stack(0x000000f64ff00000,0x000000f650000000) (1024K)]
  0x0000026f223f9e00 JavaThread "Unconstrained build operations Thread 41"        [_thread_blocked, id=12316, stack(0x000000f650000000,0x000000f650100000) (1024K)]
  0x0000026f223f7010 JavaThread "Unconstrained build operations Thread 42"        [_thread_blocked, id=17096, stack(0x000000f650100000,0x000000f650200000) (1024K)]
  0x0000026f223fd910 JavaThread "Unconstrained build operations Thread 43"        [_thread_blocked, id=3192, stack(0x000000f650200000,0x000000f650300000) (1024K)]
  0x0000026f223fc560 JavaThread "Unconstrained build operations Thread 44"        [_thread_blocked, id=22416, stack(0x000000f650300000,0x000000f650400000) (1024K)]
  0x0000026f223fb840 JavaThread "Unconstrained build operations Thread 45"        [_thread_blocked, id=19708, stack(0x000000f650400000,0x000000f650500000) (1024K)]
  0x0000026f223fa490 JavaThread "Unconstrained build operations Thread 46"        [_thread_blocked, id=19172, stack(0x000000f650500000,0x000000f650600000) (1024K)]
  0x0000026f223fbed0 JavaThread "Unconstrained build operations Thread 47"        [_thread_blocked, id=3964, stack(0x000000f650600000,0x000000f650700000) (1024K)]
  0x0000026f223fcbf0 JavaThread "Unconstrained build operations Thread 48"        [_thread_blocked, id=13956, stack(0x000000f650700000,0x000000f650800000) (1024K)]
  0x0000026f223fd280 JavaThread "Unconstrained build operations Thread 49"        [_thread_blocked, id=21004, stack(0x000000f650800000,0x000000f650900000) (1024K)]
  0x0000026f223fb1b0 JavaThread "Unconstrained build operations Thread 50"        [_thread_blocked, id=1640, stack(0x000000f650900000,0x000000f650a00000) (1024K)]
  0x0000026f223fab20 JavaThread "Unconstrained build operations Thread 51"        [_thread_blocked, id=13888, stack(0x000000f650a00000,0x000000f650b00000) (1024K)]
  0x0000026f688d2760 JavaThread "Unconstrained build operations Thread 52"        [_thread_blocked, id=14932, stack(0x000000f650b00000,0x000000f650c00000) (1024K)]
  0x0000026f688d3b10 JavaThread "Unconstrained build operations Thread 53"        [_thread_blocked, id=19512, stack(0x000000f650c00000,0x000000f650d00000) (1024K)]
  0x0000026f688d0690 JavaThread "Unconstrained build operations Thread 54"        [_thread_blocked, id=12140, stack(0x000000f650d00000,0x000000f650e00000) (1024K)]
  0x0000026f688d2df0 JavaThread "Unconstrained build operations Thread 55"        [_thread_blocked, id=9284, stack(0x000000f650e00000,0x000000f650f00000) (1024K)]
  0x0000026f688d13b0 JavaThread "Unconstrained build operations Thread 56"        [_thread_blocked, id=5388, stack(0x000000f650f00000,0x000000f651000000) (1024K)]
  0x0000026f688d41a0 JavaThread "Unconstrained build operations Thread 57"        [_thread_blocked, id=3956, stack(0x000000f651000000,0x000000f651100000) (1024K)]
  0x0000026f688d0d20 JavaThread "Unconstrained build operations Thread 58"        [_thread_blocked, id=17620, stack(0x000000f651100000,0x000000f651200000) (1024K)]
  0x0000026f688d4830 JavaThread "Unconstrained build operations Thread 59"        [_thread_blocked, id=21356, stack(0x000000f651200000,0x000000f651300000) (1024K)]
  0x0000026f688d4ec0 JavaThread "Unconstrained build operations Thread 60"        [_thread_blocked, id=3480, stack(0x000000f651300000,0x000000f651400000) (1024K)]
  0x0000026f688d3480 JavaThread "Unconstrained build operations Thread 61"        [_thread_blocked, id=10760, stack(0x000000f651400000,0x000000f651500000) (1024K)]
  0x0000026f688d1a40 JavaThread "Unconstrained build operations Thread 62"        [_thread_blocked, id=21284, stack(0x000000f651500000,0x000000f651600000) (1024K)]
  0x0000026f688d5550 JavaThread "Unconstrained build operations Thread 63"        [_thread_blocked, id=22520, stack(0x000000f651600000,0x000000f651700000) (1024K)]
  0x0000026f688d20d0 JavaThread "Unconstrained build operations Thread 64"        [_thread_blocked, id=19644, stack(0x000000f651700000,0x000000f651800000) (1024K)]
  0x0000026f688d7cb0 JavaThread "Unconstrained build operations Thread 65"        [_thread_blocked, id=7576, stack(0x000000f651800000,0x000000f651900000) (1024K)]
  0x0000026f688d5be0 JavaThread "Unconstrained build operations Thread 66"        [_thread_blocked, id=1768, stack(0x000000f651900000,0x000000f651a00000) (1024K)]
  0x0000026f688d6900 JavaThread "Unconstrained build operations Thread 67"        [_thread_blocked, id=3076, stack(0x000000f651a00000,0x000000f651b00000) (1024K)]
  0x0000026f688d6270 JavaThread "Unconstrained build operations Thread 68"        [_thread_blocked, id=9000, stack(0x000000f651b00000,0x000000f651c00000) (1024K)]
  0x0000026f688d6f90 JavaThread "Unconstrained build operations Thread 69"        [_thread_blocked, id=21588, stack(0x000000f651c00000,0x000000f651d00000) (1024K)]
  0x0000026f688d7620 JavaThread "Unconstrained build operations Thread 70"        [_thread_blocked, id=13356, stack(0x000000f651d00000,0x000000f651e00000) (1024K)]
  0x0000026f22a602d0 JavaThread "Unconstrained build operations Thread 71"        [_thread_blocked, id=14836, stack(0x000000f651e00000,0x000000f651f00000) (1024K)]
  0x0000026f22a5db70 JavaThread "Unconstrained build operations Thread 72"        [_thread_blocked, id=12972, stack(0x000000f651f00000,0x000000f652000000) (1024K)]
  0x0000026f22a60960 JavaThread "Unconstrained build operations Thread 73"        [_thread_blocked, id=1932, stack(0x000000f652000000,0x000000f652100000) (1024K)]
  0x0000026f22a5e890 JavaThread "Unconstrained build operations Thread 74"        [_thread_blocked, id=18452, stack(0x000000f652100000,0x000000f652200000) (1024K)]
  0x0000026f22a5e200 JavaThread "Unconstrained build operations Thread 75"        [_thread_blocked, id=8668, stack(0x000000f652200000,0x000000f652300000) (1024K)]
  0x0000026f22a5f5b0 JavaThread "Unconstrained build operations Thread 76"        [_thread_blocked, id=12400, stack(0x000000f652300000,0x000000f652400000) (1024K)]
  0x0000026f22a5ef20 JavaThread "Unconstrained build operations Thread 77"        [_thread_blocked, id=20268, stack(0x000000f652400000,0x000000f652500000) (1024K)]
  0x0000026f22a5d4e0 JavaThread "Unconstrained build operations Thread 78"        [_thread_blocked, id=17224, stack(0x000000f652500000,0x000000f652600000) (1024K)]
  0x0000026f22a62a30 JavaThread "Unconstrained build operations Thread 79"        [_thread_blocked, id=18524, stack(0x000000f652600000,0x000000f652700000) (1024K)]
  0x0000026f22a61d10 JavaThread "Unconstrained build operations Thread 80"        [_thread_blocked, id=14296, stack(0x000000f652700000,0x000000f652800000) (1024K)]
  0x0000026f22a623a0 JavaThread "jar transforms Thread 7"           [_thread_blocked, id=22108, stack(0x000000f652800000,0x000000f652900000) (1024K)]
  0x0000026f22a60ff0 JavaThread "jar transforms Thread 8"           [_thread_blocked, id=3732, stack(0x000000f652900000,0x000000f652a00000) (1024K)]
  0x0000026f22a64470 JavaThread "Memory manager"                    [_thread_blocked, id=21728, stack(0x000000f652c00000,0x000000f652d00000) (1024K)]
  0x0000026f6a6691b0 JavaThread "Cache worker for kotlin-dsl (C:\Users\Inurum_Four\.gradle\caches\7.6\kotlin-dsl)"        [_thread_blocked, id=14180, stack(0x000000f652d00000,0x000000f652e00000) (1024K)]
  0x0000026f22915240 JavaThread "C2 CompilerThread1"         daemon [_thread_blocked, id=17020, stack(0x000000f649f00000,0x000000f64a000000) (1024K)]
Total: 126

Other Threads:
=>0x0000026f222673d0 VMThread "VM Thread"                           [id=10128, stack(0x000000f64a700000,0x000000f64a800000) (1024K)]
  0x0000026f22259be0 WatcherThread "VM Periodic Task Thread"        [id=19332, stack(0x000000f64a600000,0x000000f64a700000) (1024K)]
  0x0000026f0b532960 WorkerThread "GC Thread#0"                     [id=18340, stack(0x000000f64a100000,0x000000f64a200000) (1024K)]
  0x0000026f6815b470 WorkerThread "GC Thread#1"                     [id=19016, stack(0x000000f64b400000,0x000000f64b500000) (1024K)]
  0x0000026f6815b820 WorkerThread "GC Thread#2"                     [id=13288, stack(0x000000f64b500000,0x000000f64b600000) (1024K)]
  0x0000026f22826cb0 WorkerThread "GC Thread#3"                     [id=9700, stack(0x000000f64b600000,0x000000f64b700000) (1024K)]
  0x0000026f22827060 WorkerThread "GC Thread#4"                     [id=21120, stack(0x000000f64b700000,0x000000f64b800000) (1024K)]
  0x0000026f22827410 WorkerThread "GC Thread#5"                     [id=12692, stack(0x000000f64b800000,0x000000f64b900000) (1024K)]
  0x0000026f6939a910 WorkerThread "GC Thread#6"                     [id=3624, stack(0x000000f64c500000,0x000000f64c600000) (1024K)]
  0x0000026f6939acc0 WorkerThread "GC Thread#7"                     [id=21720, stack(0x000000f64c800000,0x000000f64c900000) (1024K)]
  0x0000026f0b53f950 ConcurrentGCThread "G1 Main Marker"            [id=19480, stack(0x000000f64a200000,0x000000f64a300000) (1024K)]
  0x0000026f0b540460 WorkerThread "G1 Conc#0"                       [id=4044, stack(0x000000f64a300000,0x000000f64a400000) (1024K)]
  0x0000026f6939b7d0 WorkerThread "G1 Conc#1"                       [id=11936, stack(0x000000f64c900000,0x000000f64ca00000) (1024K)]
  0x0000026f221ac010 ConcurrentGCThread "G1 Refine#0"               [id=22516, stack(0x000000f64a400000,0x000000f64a500000) (1024K)]
  0x0000026f221aca30 ConcurrentGCThread "G1 Service"                [id=18836, stack(0x000000f64a500000,0x000000f64a600000) (1024K)]
Total: 15

Threads with active compile tasks:
C2 CompilerThread0  47439 14814       4       org.gradle.api.internal.DefaultNamedDomainObjectCollection::addLater (54 bytes)
Total: 1

VM state: at safepoint (normal execution)

VM Mutex/Monitor currently owned by a thread:  ([mutex/lock_event])
[0x00007ffe45b1e560] Threads_lock - owner thread: 0x0000026f222673d0
[0x00007ffe45b1e660] Heap_lock - owner thread: 0x0000026f0b53f950

Heap address: 0x00000000a0000000, size: 1536 MB, Compressed Oops mode: 32-bit

CDS archive(s) mapped at: [0x0000026f23000000-0x0000026f23ba0000-0x0000026f23ba0000), size 12189696, SharedBaseAddress: 0x0000026f23000000, ArchiveRelocationMode: 1.
Compressed class space mapped at: 0x0000026f24000000-0x0000026f64000000, reserved size: 1073741824
Narrow klass base: 0x0000026f23000000, Narrow klass shift: 0, Narrow klass range: 0x100000000

GC Precious Log:
 CardTable entry size: 512
 Card Set container configuration: InlinePtr #cards 5 size 8 Array Of Cards #cards 12 size 40 Howl #buckets 4 coarsen threshold 1843 Howl Bitmap #cards 512 size 80 coarsen threshold 460 Card regions per heap region 1 cards per card region 2048
 CPUs: 8 total, 8 available
 Memory: 16197M
 Large Page Support: Disabled
 NUMA Support: Disabled
 Compressed Oops: Enabled (32-bit)
 Heap Region Size: 1M
 Heap Min Capacity: 8M
 Heap Initial Capacity: 254M
 Heap Max Capacity: 1536M
 Pre-touch: Disabled
 Parallel Workers: 8
 Concurrent Workers: 2
 Concurrent Refinement Workers: 8
 Periodic GC: Disabled

Heap:
 garbage-first heap   total 311296K, used 232448K [0x00000000a0000000, 0x0000000100000000)
  region size 1024K, 13 young (13312K), 8 survivors (8192K)
 Metaspace       used 88606K, committed 91072K, reserved 1179648K
  class space    used 12542K, committed 13696K, reserved 1048576K

Heap Regions: E=young(eden), S=young(survivor), O=old, HS=humongous(starts), HC=humongous(continues), CS=collection set, F=free, TAMS=top-at-mark-start, PB=parsable bottom
|   0|0x00000000a0000000, 0x00000000a0100000, 0x00000000a0100000|100%|HS|  |TAMS 0x00000000a0100000| PB 0x00000000a0000000| Complete 
|   1|0x00000000a0100000, 0x00000000a0200000, 0x00000000a0200000|100%|HC|  |TAMS 0x00000000a0200000| PB 0x00000000a0100000| Complete 
|   2|0x00000000a0200000, 0x00000000a0300000, 0x00000000a0300000|100%|HC|  |TAMS 0x00000000a0300000| PB 0x00000000a0200000| Complete 
|   3|0x00000000a0300000, 0x00000000a0400000, 0x00000000a0400000|100%| O|  |TAMS 0x00000000a0400000| PB 0x00000000a0400000| Updating 
|   4|0x00000000a0400000, 0x00000000a0500000, 0x00000000a0500000|100%| O|  |TAMS 0x00000000a0500000| PB 0x00000000a0500000| Untracked 
|   5|0x00000000a0500000, 0x00000000a0600000, 0x00000000a0600000|100%| O|  |TAMS 0x00000000a0600000| PB 0x00000000a0600000| Untracked 
|   6|0x00000000a0600000, 0x00000000a0700000, 0x00000000a0700000|100%| O|  |TAMS 0x00000000a0700000| PB 0x00000000a0700000| Untracked 
|   7|0x00000000a0700000, 0x00000000a0800000, 0x00000000a0800000|100%| O|  |TAMS 0x00000000a0800000| PB 0x00000000a0800000| Untracked 
|   8|0x00000000a0800000, 0x00000000a0900000, 0x00000000a0900000|100%| O|  |TAMS 0x00000000a0900000| PB 0x00000000a0900000| Untracked 
|   9|0x00000000a0900000, 0x00000000a0a00000, 0x00000000a0a00000|100%| O|  |TAMS 0x00000000a0a00000| PB 0x00000000a0a00000| Untracked 
|  10|0x00000000a0a00000, 0x00000000a0b00000, 0x00000000a0b00000|100%| O|  |TAMS 0x00000000a0b00000| PB 0x00000000a0b00000| Untracked 
|  11|0x00000000a0b00000, 0x00000000a0c00000, 0x00000000a0c00000|100%| O|  |TAMS 0x00000000a0c00000| PB 0x00000000a0c00000| Untracked 
|  12|0x00000000a0c00000, 0x00000000a0d00000, 0x00000000a0d00000|100%| O|  |TAMS 0x00000000a0d00000| PB 0x00000000a0d00000| Untracked 
|  13|0x00000000a0d00000, 0x00000000a0e00000, 0x00000000a0e00000|100%| O|  |TAMS 0x00000000a0e00000| PB 0x00000000a0e00000| Untracked 
|  14|0x00000000a0e00000, 0x00000000a0f00000, 0x00000000a0f00000|100%| O|  |TAMS 0x00000000a0f00000| PB 0x00000000a0f00000| Untracked 
|  15|0x00000000a0f00000, 0x00000000a1000000, 0x00000000a1000000|100%| O|  |TAMS 0x00000000a1000000| PB 0x00000000a1000000| Updating 
|  16|0x00000000a1000000, 0x00000000a1100000, 0x00000000a1100000|100%| O|  |TAMS 0x00000000a1100000| PB 0x00000000a1100000| Untracked 
|  17|0x00000000a1100000, 0x00000000a1200000, 0x00000000a1200000|100%| O|  |TAMS 0x00000000a1200000| PB 0x00000000a1200000| Untracked 
|  18|0x00000000a1200000, 0x00000000a1300000, 0x00000000a1300000|100%| O|  |TAMS 0x00000000a1300000| PB 0x00000000a1300000| Untracked 
|  19|0x00000000a1300000, 0x00000000a1400000, 0x00000000a1400000|100%| O|  |TAMS 0x00000000a1400000| PB 0x00000000a1400000| Untracked 
|  20|0x00000000a1400000, 0x00000000a1500000, 0x00000000a1500000|100%| O|  |TAMS 0x00000000a1500000| PB 0x00000000a1500000| Untracked 
|  21|0x00000000a1500000, 0x00000000a1600000, 0x00000000a1600000|100%| O|  |TAMS 0x00000000a1600000| PB 0x00000000a1600000| Updating 
|  22|0x00000000a1600000, 0x00000000a1700000, 0x00000000a1700000|100%|HS|  |TAMS 0x00000000a1700000| PB 0x00000000a1600000| Complete 
|  23|0x00000000a1700000, 0x00000000a1800000, 0x00000000a1800000|100%| O|  |TAMS 0x00000000a1800000| PB 0x00000000a1800000| Untracked 
|  24|0x00000000a1800000, 0x00000000a1900000, 0x00000000a1900000|100%| O|  |TAMS 0x00000000a1900000| PB 0x00000000a1900000| Untracked 
|  25|0x00000000a1900000, 0x00000000a1a00000, 0x00000000a1a00000|100%| O|  |TAMS 0x00000000a1a00000| PB 0x00000000a1a00000| Updating 
|  26|0x00000000a1a00000, 0x00000000a1b00000, 0x00000000a1b00000|100%| O|  |TAMS 0x00000000a1b00000| PB 0x00000000a1b00000| Untracked 
|  27|0x00000000a1b00000, 0x00000000a1c00000, 0x00000000a1c00000|100%| O|  |TAMS 0x00000000a1c00000| PB 0x00000000a1c00000| Untracked 
|  28|0x00000000a1c00000, 0x00000000a1d00000, 0x00000000a1d00000|100%| O|  |TAMS 0x00000000a1d00000| PB 0x00000000a1d00000| Untracked 
|  29|0x00000000a1d00000, 0x00000000a1e00000, 0x00000000a1e00000|100%| O|  |TAMS 0x00000000a1e00000| PB 0x00000000a1e00000| Untracked 
|  30|0x00000000a1e00000, 0x00000000a1f00000, 0x00000000a1f00000|100%| O|  |TAMS 0x00000000a1f00000| PB 0x00000000a1f00000| Untracked 
|  31|0x00000000a1f00000, 0x00000000a2000000, 0x00000000a2000000|100%| O|  |TAMS 0x00000000a2000000| PB 0x00000000a2000000| Untracked 
|  32|0x00000000a2000000, 0x00000000a2100000, 0x00000000a2100000|100%| O|  |TAMS 0x00000000a2100000| PB 0x00000000a2100000| Untracked 
|  33|0x00000000a2100000, 0x00000000a2200000, 0x00000000a2200000|100%| O|  |TAMS 0x00000000a2200000| PB 0x00000000a2200000| Untracked 
|  34|0x00000000a2200000, 0x00000000a2300000, 0x00000000a2300000|100%|HS|  |TAMS 0x00000000a2300000| PB 0x00000000a2200000| Complete 
|  35|0x00000000a2300000, 0x00000000a2400000, 0x00000000a2400000|100%|HC|  |TAMS 0x00000000a2400000| PB 0x00000000a2300000| Complete 
|  36|0x00000000a2400000, 0x00000000a2500000, 0x00000000a2500000|100%|HS|  |TAMS 0x00000000a2500000| PB 0x00000000a2400000| Complete 
|  37|0x00000000a2500000, 0x00000000a2600000, 0x00000000a2600000|100%|HS|  |TAMS 0x00000000a2600000| PB 0x00000000a2500000| Complete 
|  38|0x00000000a2600000, 0x00000000a2700000, 0x00000000a2700000|100%| O|  |TAMS 0x00000000a2700000| PB 0x00000000a2700000| Untracked 
|  39|0x00000000a2700000, 0x00000000a2800000, 0x00000000a2800000|100%| O|  |TAMS 0x00000000a2800000| PB 0x00000000a2800000| Untracked 
|  40|0x00000000a2800000, 0x00000000a2900000, 0x00000000a2900000|100%| O|  |TAMS 0x00000000a2900000| PB 0x00000000a2900000| Updating 
|  41|0x00000000a2900000, 0x00000000a2a00000, 0x00000000a2a00000|100%| O|  |TAMS 0x00000000a2a00000| PB 0x00000000a2a00000| Untracked 
|  42|0x00000000a2a00000, 0x00000000a2b00000, 0x00000000a2b00000|100%| O|  |TAMS 0x00000000a2b00000| PB 0x00000000a2b00000| Untracked 
|  43|0x00000000a2b00000, 0x00000000a2c00000, 0x00000000a2c00000|100%| O|  |TAMS 0x00000000a2c00000| PB 0x00000000a2c00000| Untracked 
|  44|0x00000000a2c00000, 0x00000000a2d00000, 0x00000000a2d00000|100%| O|  |TAMS 0x00000000a2d00000| PB 0x00000000a2d00000| Untracked 
|  45|0x00000000a2d00000, 0x00000000a2e00000, 0x00000000a2e00000|100%| O|  |TAMS 0x00000000a2e00000| PB 0x00000000a2e00000| Updating 
|  46|0x00000000a2e00000, 0x00000000a2f00000, 0x00000000a2f00000|100%| O|  |TAMS 0x00000000a2f00000| PB 0x00000000a2f00000| Untracked 
|  47|0x00000000a2f00000, 0x00000000a3000000, 0x00000000a3000000|100%| O|  |TAMS 0x00000000a3000000| PB 0x00000000a3000000| Updating 
|  48|0x00000000a3000000, 0x00000000a3100000, 0x00000000a3100000|100%|HS|  |TAMS 0x00000000a3100000| PB 0x00000000a3000000| Complete 
|  49|0x00000000a3100000, 0x00000000a3200000, 0x00000000a3200000|100%|HC|  |TAMS 0x00000000a3200000| PB 0x00000000a3100000| Complete 
|  50|0x00000000a3200000, 0x00000000a3300000, 0x00000000a3300000|100%|HC|  |TAMS 0x00000000a3300000| PB 0x00000000a3200000| Complete 
|  51|0x00000000a3300000, 0x00000000a3400000, 0x00000000a3400000|100%|HC|  |TAMS 0x00000000a3400000| PB 0x00000000a3300000| Complete 
|  52|0x00000000a3400000, 0x00000000a3500000, 0x00000000a3500000|100%|HS|  |TAMS 0x00000000a3500000| PB 0x00000000a3400000| Complete 
|  53|0x00000000a3500000, 0x00000000a3600000, 0x00000000a3600000|100%|HC|  |TAMS 0x00000000a3600000| PB 0x00000000a3500000| Complete 
|  54|0x00000000a3600000, 0x00000000a3700000, 0x00000000a3700000|100%| O|  |TAMS 0x00000000a3700000| PB 0x00000000a3700000| Updating 
|  55|0x00000000a3700000, 0x00000000a3800000, 0x00000000a3800000|100%| O|  |TAMS 0x00000000a3800000| PB 0x00000000a3800000| Untracked 
|  56|0x00000000a3800000, 0x00000000a3900000, 0x00000000a3900000|100%| O|  |TAMS 0x00000000a3900000| PB 0x00000000a3900000| Untracked 
|  57|0x00000000a3900000, 0x00000000a3a00000, 0x00000000a3a00000|100%| O|  |TAMS 0x00000000a3a00000| PB 0x00000000a3a00000| Untracked 
|  58|0x00000000a3a00000, 0x00000000a3b00000, 0x00000000a3b00000|100%| O|  |TAMS 0x00000000a3b00000| PB 0x00000000a3b00000| Untracked 
|  59|0x00000000a3b00000, 0x00000000a3c00000, 0x00000000a3c00000|100%| O|  |TAMS 0x00000000a3c00000| PB 0x00000000a3c00000| Updating 
|  60|0x00000000a3c00000, 0x00000000a3d00000, 0x00000000a3d00000|100%| O|  |TAMS 0x00000000a3d00000| PB 0x00000000a3d00000| Untracked 
|  61|0x00000000a3d00000, 0x00000000a3e00000, 0x00000000a3e00000|100%| O|  |TAMS 0x00000000a3e00000| PB 0x00000000a3e00000| Untracked 
|  62|0x00000000a3e00000, 0x00000000a3f00000, 0x00000000a3f00000|100%| O|  |TAMS 0x00000000a3f00000| PB 0x00000000a3f00000| Untracked 
|  63|0x00000000a3f00000, 0x00000000a4000000, 0x00000000a4000000|100%| O|  |TAMS 0x00000000a4000000| PB 0x00000000a4000000| Updating 
|  64|0x00000000a4000000, 0x00000000a4100000, 0x00000000a4100000|100%| O|  |TAMS 0x00000000a4100000| PB 0x00000000a4100000| Untracked 
|  65|0x00000000a4100000, 0x00000000a4200000, 0x00000000a4200000|100%| O|  |TAMS 0x00000000a4200000| PB 0x00000000a4200000| Untracked 
|  66|0x00000000a4200000, 0x00000000a4300000, 0x00000000a4300000|100%| O|  |TAMS 0x00000000a4300000| PB 0x00000000a4300000| Updating 
|  67|0x00000000a4300000, 0x00000000a4400000, 0x00000000a4400000|100%| O|  |TAMS 0x00000000a4400000| PB 0x00000000a4400000| Updating 
|  68|0x00000000a4400000, 0x00000000a4500000, 0x00000000a4500000|100%| O|  |TAMS 0x00000000a4500000| PB 0x00000000a4500000| Untracked 
|  69|0x00000000a4500000, 0x00000000a4600000, 0x00000000a4600000|100%| O|  |TAMS 0x00000000a4600000| PB 0x00000000a4600000| Updating 
|  70|0x00000000a4600000, 0x00000000a4700000, 0x00000000a4700000|100%|HS|  |TAMS 0x00000000a4700000| PB 0x00000000a4600000| Complete 
|  71|0x00000000a4700000, 0x00000000a4800000, 0x00000000a4800000|100%|HS|  |TAMS 0x00000000a4800000| PB 0x00000000a4700000| Complete 
|  72|0x00000000a4800000, 0x00000000a4900000, 0x00000000a4900000|100%| O|  |TAMS 0x00000000a4900000| PB 0x00000000a4900000| Untracked 
|  73|0x00000000a4900000, 0x00000000a4a00000, 0x00000000a4a00000|100%| O|  |TAMS 0x00000000a4900000| PB 0x00000000a4900000| Untracked 
|  74|0x00000000a4a00000, 0x00000000a4b00000, 0x00000000a4b00000|100%| O|  |TAMS 0x00000000a4a00000| PB 0x00000000a4a00000| Untracked 
|  75|0x00000000a4b00000, 0x00000000a4c00000, 0x00000000a4c00000|100%| O|  |TAMS 0x00000000a4b00000| PB 0x00000000a4b00000| Untracked 
|  76|0x00000000a4c00000, 0x00000000a4d00000, 0x00000000a4d00000|100%| O|  |TAMS 0x00000000a4d00000| PB 0x00000000a4d00000| Untracked 
|  77|0x00000000a4d00000, 0x00000000a4e00000, 0x00000000a4e00000|100%| O|  |TAMS 0x00000000a4e00000| PB 0x00000000a4e00000| Untracked 
|  78|0x00000000a4e00000, 0x00000000a4f00000, 0x00000000a4f00000|100%| O|  |TAMS 0x00000000a4f00000| PB 0x00000000a4f00000| Untracked 
|  79|0x00000000a4f00000, 0x00000000a5000000, 0x00000000a5000000|100%| O|  |TAMS 0x00000000a5000000| PB 0x00000000a5000000| Untracked 
|  80|0x00000000a5000000, 0x00000000a5100000, 0x00000000a5100000|100%| O|  |TAMS 0x00000000a5100000| PB 0x00000000a5100000| Untracked 
|  81|0x00000000a5100000, 0x00000000a5200000, 0x00000000a5200000|100%| O|  |TAMS 0x00000000a5200000| PB 0x00000000a5200000| Untracked 
|  82|0x00000000a5200000, 0x00000000a5300000, 0x00000000a5300000|100%| O|  |TAMS 0x00000000a5300000| PB 0x00000000a5300000| Untracked 
|  83|0x00000000a5300000, 0x00000000a5400000, 0x00000000a5400000|100%| O|  |TAMS 0x00000000a5400000| PB 0x00000000a5400000| Untracked 
|  84|0x00000000a5400000, 0x00000000a5500000, 0x00000000a5500000|100%| O|  |TAMS 0x00000000a5500000| PB 0x00000000a5500000| Untracked 
|  85|0x00000000a5500000, 0x00000000a5600000, 0x00000000a5600000|100%| O|  |TAMS 0x00000000a5600000| PB 0x00000000a5600000| Updating 
|  86|0x00000000a5600000, 0x00000000a5700000, 0x00000000a5700000|100%| O|  |TAMS 0x00000000a5700000| PB 0x00000000a5700000| Untracked 
|  87|0x00000000a5700000, 0x00000000a5800000, 0x00000000a5800000|100%| O|  |TAMS 0x00000000a5800000| PB 0x00000000a5800000| Untracked 
|  88|0x00000000a5800000, 0x00000000a5900000, 0x00000000a5900000|100%| O|  |TAMS 0x00000000a5900000| PB 0x00000000a5900000| Untracked 
|  89|0x00000000a5900000, 0x00000000a5a00000, 0x00000000a5a00000|100%| O|  |TAMS 0x00000000a5a00000| PB 0x00000000a5a00000| Untracked 
|  90|0x00000000a5a00000, 0x00000000a5b00000, 0x00000000a5b00000|100%| O|  |TAMS 0x00000000a5b00000| PB 0x00000000a5b00000| Untracked 
|  91|0x00000000a5b00000, 0x00000000a5c00000, 0x00000000a5c00000|100%| O|  |TAMS 0x00000000a5c00000| PB 0x00000000a5c00000| Untracked 
|  92|0x00000000a5c00000, 0x00000000a5d00000, 0x00000000a5d00000|100%| O|  |TAMS 0x00000000a5d00000| PB 0x00000000a5d00000| Untracked 
|  93|0x00000000a5d00000, 0x00000000a5e00000, 0x00000000a5e00000|100%| O|  |TAMS 0x00000000a5e00000| PB 0x00000000a5e00000| Untracked 
|  94|0x00000000a5e00000, 0x00000000a5f00000, 0x00000000a5f00000|100%| O|  |TAMS 0x00000000a5f00000| PB 0x00000000a5f00000| Untracked 
|  95|0x00000000a5f00000, 0x00000000a6000000, 0x00000000a6000000|100%| O|  |TAMS 0x00000000a6000000| PB 0x00000000a6000000| Untracked 
|  96|0x00000000a6000000, 0x00000000a6100000, 0x00000000a6100000|100%| O|  |TAMS 0x00000000a6100000| PB 0x00000000a6100000| Untracked 
|  97|0x00000000a6100000, 0x00000000a6200000, 0x00000000a6200000|100%| O|  |TAMS 0x00000000a6200000| PB 0x00000000a6200000| Untracked 
|  98|0x00000000a6200000, 0x00000000a6300000, 0x00000000a6300000|100%| O|  |TAMS 0x00000000a6300000| PB 0x00000000a6300000| Untracked 
|  99|0x00000000a6300000, 0x00000000a6400000, 0x00000000a6400000|100%| O|  |TAMS 0x00000000a6400000| PB 0x00000000a6400000| Untracked 
| 100|0x00000000a6400000, 0x00000000a6500000, 0x00000000a6500000|100%| O|  |TAMS 0x00000000a6500000| PB 0x00000000a6500000| Untracked 
| 101|0x00000000a6500000, 0x00000000a6600000, 0x00000000a6600000|100%| O|  |TAMS 0x00000000a6600000| PB 0x00000000a6600000| Untracked 
| 102|0x00000000a6600000, 0x00000000a6700000, 0x00000000a6700000|100%| O|  |TAMS 0x00000000a6700000| PB 0x00000000a6700000| Updating 
| 103|0x00000000a6700000, 0x00000000a6800000, 0x00000000a6800000|100%| O|  |TAMS 0x00000000a6800000| PB 0x00000000a6800000| Updating 
| 104|0x00000000a6800000, 0x00000000a6900000, 0x00000000a6900000|100%| O|  |TAMS 0x00000000a6900000| PB 0x00000000a6900000| Updating 
| 105|0x00000000a6900000, 0x00000000a6a00000, 0x00000000a6a00000|100%| O|  |TAMS 0x00000000a6a00000| PB 0x00000000a6a00000| Updating 
| 106|0x00000000a6a00000, 0x00000000a6b00000, 0x00000000a6b00000|100%| O|  |TAMS 0x00000000a6b00000| PB 0x00000000a6b00000| Untracked 
| 107|0x00000000a6b00000, 0x00000000a6c00000, 0x00000000a6c00000|100%| O|  |TAMS 0x00000000a6c00000| PB 0x00000000a6c00000| Untracked 
| 108|0x00000000a6c00000, 0x00000000a6d00000, 0x00000000a6d00000|100%|HS|  |TAMS 0x00000000a6d00000| PB 0x00000000a6c00000| Complete 
| 109|0x00000000a6d00000, 0x00000000a6e00000, 0x00000000a6e00000|100%|HS|  |TAMS 0x00000000a6e00000| PB 0x00000000a6d00000| Complete 
| 110|0x00000000a6e00000, 0x00000000a6f00000, 0x00000000a6f00000|100%|HS|  |TAMS 0x00000000a6f00000| PB 0x00000000a6e00000| Complete 
| 111|0x00000000a6f00000, 0x00000000a7000000, 0x00000000a7000000|100%|HC|  |TAMS 0x00000000a7000000| PB 0x00000000a6f00000| Complete 
| 112|0x00000000a7000000, 0x00000000a7100000, 0x00000000a7100000|100%|HC|  |TAMS 0x00000000a7100000| PB 0x00000000a7000000| Complete 
| 113|0x00000000a7100000, 0x00000000a7200000, 0x00000000a7200000|100%|HC|  |TAMS 0x00000000a7200000| PB 0x00000000a7100000| Complete 
| 114|0x00000000a7200000, 0x00000000a7300000, 0x00000000a7300000|100%| O|  |TAMS 0x00000000a7300000| PB 0x00000000a7300000| Updating 
| 115|0x00000000a7300000, 0x00000000a7400000, 0x00000000a7400000|100%| O|  |TAMS 0x00000000a7400000| PB 0x00000000a7400000| Untracked 
| 116|0x00000000a7400000, 0x00000000a7500000, 0x00000000a7500000|100%| O|  |TAMS 0x00000000a7500000| PB 0x00000000a7500000| Updating 
| 117|0x00000000a7500000, 0x00000000a7600000, 0x00000000a7600000|100%| O|  |TAMS 0x00000000a7600000| PB 0x00000000a7600000| Updating 
| 118|0x00000000a7600000, 0x00000000a7700000, 0x00000000a7700000|100%| O|  |TAMS 0x00000000a7700000| PB 0x00000000a7700000| Updating 
| 119|0x00000000a7700000, 0x00000000a7800000, 0x00000000a7800000|100%| O|  |TAMS 0x00000000a7700000| PB 0x00000000a7700000| Untracked 
| 120|0x00000000a7800000, 0x00000000a7900000, 0x00000000a7900000|100%| O|  |TAMS 0x00000000a7900000| PB 0x00000000a7900000| Untracked 
| 121|0x00000000a7900000, 0x00000000a7a00000, 0x00000000a7a00000|100%| O|  |TAMS 0x00000000a7a00000| PB 0x00000000a7a00000| Untracked 
| 122|0x00000000a7a00000, 0x00000000a7b00000, 0x00000000a7b00000|100%| O|  |TAMS 0x00000000a7b00000| PB 0x00000000a7b00000| Untracked 
| 123|0x00000000a7b00000, 0x00000000a7c00000, 0x00000000a7c00000|100%| O|  |TAMS 0x00000000a7c00000| PB 0x00000000a7c00000| Untracked 
| 124|0x00000000a7c00000, 0x00000000a7d00000, 0x00000000a7d00000|100%| O|  |TAMS 0x00000000a7d00000| PB 0x00000000a7d00000| Updating 
| 125|0x00000000a7d00000, 0x00000000a7e00000, 0x00000000a7e00000|100%| O|  |TAMS 0x00000000a7e00000| PB 0x00000000a7e00000| Untracked 
| 126|0x00000000a7e00000, 0x00000000a7f00000, 0x00000000a7f00000|100%| O|  |TAMS 0x00000000a7f00000| PB 0x00000000a7f00000| Untracked 
| 127|0x00000000a7f00000, 0x00000000a8000000, 0x00000000a8000000|100%| O|  |TAMS 0x00000000a8000000| PB 0x00000000a8000000| Untracked 
| 128|0x00000000a8000000, 0x00000000a8100000, 0x00000000a8100000|100%| O|  |TAMS 0x00000000a8100000| PB 0x00000000a8100000| Updating 
| 129|0x00000000a8100000, 0x00000000a8200000, 0x00000000a8200000|100%| O|  |TAMS 0x00000000a8200000| PB 0x00000000a8200000| Updating 
| 130|0x00000000a8200000, 0x00000000a8300000, 0x00000000a8300000|100%|HS|  |TAMS 0x00000000a8300000| PB 0x00000000a8200000| Complete 
| 131|0x00000000a8300000, 0x00000000a8400000, 0x00000000a8400000|100%|HS|  |TAMS 0x00000000a8400000| PB 0x00000000a8300000| Complete 
| 132|0x00000000a8400000, 0x00000000a8500000, 0x00000000a8500000|100%| O|  |TAMS 0x00000000a8500000| PB 0x00000000a8500000| Updating 
| 133|0x00000000a8500000, 0x00000000a8600000, 0x00000000a8600000|100%|HS|  |TAMS 0x00000000a8600000| PB 0x00000000a8500000| Complete 
| 134|0x00000000a8600000, 0x00000000a8700000, 0x00000000a8700000|100%|HS|  |TAMS 0x00000000a8700000| PB 0x00000000a8600000| Complete 
| 135|0x00000000a8700000, 0x00000000a8800000, 0x00000000a8800000|100%|HC|  |TAMS 0x00000000a8800000| PB 0x00000000a8700000| Complete 
| 136|0x00000000a8800000, 0x00000000a8900000, 0x00000000a8900000|100%|HS|  |TAMS 0x00000000a8900000| PB 0x00000000a8800000| Complete 
| 137|0x00000000a8900000, 0x00000000a8a00000, 0x00000000a8a00000|100%|HS|  |TAMS 0x00000000a8a00000| PB 0x00000000a8900000| Complete 
| 138|0x00000000a8a00000, 0x00000000a8b00000, 0x00000000a8b00000|100%|HS|  |TAMS 0x00000000a8b00000| PB 0x00000000a8a00000| Complete 
| 139|0x00000000a8b00000, 0x00000000a8c00000, 0x00000000a8c00000|100%|HC|  |TAMS 0x00000000a8c00000| PB 0x00000000a8b00000| Complete 
| 140|0x00000000a8c00000, 0x00000000a8d00000, 0x00000000a8d00000|100%|HC|  |TAMS 0x00000000a8d00000| PB 0x00000000a8c00000| Complete 
| 141|0x00000000a8d00000, 0x00000000a8e00000, 0x00000000a8e00000|100%|HC|  |TAMS 0x00000000a8e00000| PB 0x00000000a8d00000| Complete 
| 142|0x00000000a8e00000, 0x00000000a8f00000, 0x00000000a8f00000|100%| O|  |TAMS 0x00000000a8f00000| PB 0x00000000a8f00000| Untracked 
| 143|0x00000000a8f00000, 0x00000000a9000000, 0x00000000a9000000|100%| O|  |TAMS 0x00000000a9000000| PB 0x00000000a9000000| Untracked 
| 144|0x00000000a9000000, 0x00000000a9100000, 0x00000000a9100000|100%| O|  |TAMS 0x00000000a9100000| PB 0x00000000a9100000| Untracked 
| 145|0x00000000a9100000, 0x00000000a9200000, 0x00000000a9200000|100%| O|  |TAMS 0x00000000a9200000| PB 0x00000000a9200000| Untracked 
| 146|0x00000000a9200000, 0x00000000a9300000, 0x00000000a9300000|100%| O|  |TAMS 0x00000000a9300000| PB 0x00000000a9300000| Untracked 
| 147|0x00000000a9300000, 0x00000000a9400000, 0x00000000a9400000|100%| O|  |TAMS 0x00000000a9400000| PB 0x00000000a9400000| Untracked 
| 148|0x00000000a9400000, 0x00000000a9500000, 0x00000000a9500000|100%| O|  |TAMS 0x00000000a9500000| PB 0x00000000a9500000| Untracked 
| 149|0x00000000a9500000, 0x00000000a9600000, 0x00000000a9600000|100%| O|  |TAMS 0x00000000a9600000| PB 0x00000000a9600000| Updating 
| 150|0x00000000a9600000, 0x00000000a9700000, 0x00000000a9700000|100%| O|  |TAMS 0x00000000a9700000| PB 0x00000000a9700000| Updating 
| 151|0x00000000a9700000, 0x00000000a9800000, 0x00000000a9800000|100%| O|  |TAMS 0x00000000a9800000| PB 0x00000000a9800000| Updating 
| 152|0x00000000a9800000, 0x00000000a9900000, 0x00000000a9900000|100%| O|  |TAMS 0x00000000a9900000| PB 0x00000000a9900000| Updating 
| 153|0x00000000a9900000, 0x00000000a9a00000, 0x00000000a9a00000|100%| O|  |TAMS 0x00000000a9a00000| PB 0x00000000a9a00000| Untracked 
| 154|0x00000000a9a00000, 0x00000000a9b00000, 0x00000000a9b00000|100%| O|  |TAMS 0x00000000a9b00000| PB 0x00000000a9b00000| Updating 
| 155|0x00000000a9b00000, 0x00000000a9c00000, 0x00000000a9c00000|100%| O|  |TAMS 0x00000000a9c00000| PB 0x00000000a9c00000| Untracked 
| 156|0x00000000a9c00000, 0x00000000a9d00000, 0x00000000a9d00000|100%| O|  |TAMS 0x00000000a9c00000| PB 0x00000000a9c00000| Untracked 
| 157|0x00000000a9d00000, 0x00000000a9e00000, 0x00000000a9e00000|100%| O|  |TAMS 0x00000000a9e00000| PB 0x00000000a9e00000| Updating 
| 158|0x00000000a9e00000, 0x00000000a9f00000, 0x00000000a9f00000|100%| O|  |TAMS 0x00000000a9f00000| PB 0x00000000a9f00000| Updating 
| 159|0x00000000a9f00000, 0x00000000aa000000, 0x00000000aa000000|100%| O|  |TAMS 0x00000000aa000000| PB 0x00000000aa000000| Untracked 
| 160|0x00000000aa000000, 0x00000000aa100000, 0x00000000aa100000|100%| O|  |TAMS 0x00000000aa100000| PB 0x00000000aa100000| Untracked 
| 161|0x00000000aa100000, 0x00000000aa200000, 0x00000000aa200000|100%| O|  |TAMS 0x00000000aa200000| PB 0x00000000aa200000| Untracked 
| 162|0x00000000aa200000, 0x00000000aa300000, 0x00000000aa300000|100%| O|  |TAMS 0x00000000aa300000| PB 0x00000000aa300000| Untracked 
| 163|0x00000000aa300000, 0x00000000aa400000, 0x00000000aa400000|100%| O|  |TAMS 0x00000000aa400000| PB 0x00000000aa400000| Updating 
| 164|0x00000000aa400000, 0x00000000aa500000, 0x00000000aa500000|100%| O|  |TAMS 0x00000000aa500000| PB 0x00000000aa500000| Updating 
| 165|0x00000000aa500000, 0x00000000aa600000, 0x00000000aa600000|100%| O|  |TAMS 0x00000000aa600000| PB 0x00000000aa600000| Updating 
| 166|0x00000000aa600000, 0x00000000aa700000, 0x00000000aa700000|100%| O|  |TAMS 0x00000000aa700000| PB 0x00000000aa700000| Updating 
| 167|0x00000000aa700000, 0x00000000aa800000, 0x00000000aa800000|100%| O|  |TAMS 0x00000000aa800000| PB 0x00000000aa800000| Untracked 
| 168|0x00000000aa800000, 0x00000000aa900000, 0x00000000aa900000|100%| O|  |TAMS 0x00000000aa900000| PB 0x00000000aa900000| Updating 
| 169|0x00000000aa900000, 0x00000000aaa00000, 0x00000000aaa00000|100%| O|  |TAMS 0x00000000aaa00000| PB 0x00000000aaa00000| Updating 
| 170|0x00000000aaa00000, 0x00000000aab00000, 0x00000000aab00000|100%|HS|  |TAMS 0x00000000aab00000| PB 0x00000000aaa00000| Complete 
| 171|0x00000000aab00000, 0x00000000aac00000, 0x00000000aac00000|100%|HC|  |TAMS 0x00000000aac00000| PB 0x00000000aab00000| Complete 
| 172|0x00000000aac00000, 0x00000000aad00000, 0x00000000aad00000|100%| O|  |TAMS 0x00000000aad00000| PB 0x00000000aad00000| Untracked 
| 173|0x00000000aad00000, 0x00000000aae00000, 0x00000000aae00000|100%| O|  |TAMS 0x00000000aae00000| PB 0x00000000aae00000| Updating 
| 174|0x00000000aae00000, 0x00000000aaf00000, 0x00000000aaf00000|100%| O|  |TAMS 0x00000000aaf00000| PB 0x00000000aaf00000| Untracked 
| 175|0x00000000aaf00000, 0x00000000ab000000, 0x00000000ab000000|100%| O|  |TAMS 0x00000000ab000000| PB 0x00000000ab000000| Untracked 
| 176|0x00000000ab000000, 0x00000000ab100000, 0x00000000ab100000|100%| O|  |TAMS 0x00000000ab100000| PB 0x00000000ab100000| Untracked 
| 177|0x00000000ab100000, 0x00000000ab200000, 0x00000000ab200000|100%| O|  |TAMS 0x00000000ab200000| PB 0x00000000ab200000| Untracked 
| 178|0x00000000ab200000, 0x00000000ab300000, 0x00000000ab300000|100%| O|  |TAMS 0x00000000ab300000| PB 0x00000000ab300000| Updating 
| 179|0x00000000ab300000, 0x00000000ab400000, 0x00000000ab400000|100%|HS|  |TAMS 0x00000000ab400000| PB 0x00000000ab300000| Complete 
| 180|0x00000000ab400000, 0x00000000ab500000, 0x00000000ab500000|100%|HS|  |TAMS 0x00000000ab500000| PB 0x00000000ab400000| Complete 
| 181|0x00000000ab500000, 0x00000000ab600000, 0x00000000ab600000|100%|HS|  |TAMS 0x00000000ab600000| PB 0x00000000ab500000| Complete 
| 182|0x00000000ab600000, 0x00000000ab700000, 0x00000000ab700000|100%|HS|  |TAMS 0x00000000ab700000| PB 0x00000000ab600000| Complete 
| 183|0x00000000ab700000, 0x00000000ab800000, 0x00000000ab800000|100%|HC|  |TAMS 0x00000000ab800000| PB 0x00000000ab700000| Complete 
| 184|0x00000000ab800000, 0x00000000ab900000, 0x00000000ab900000|100%|HC|  |TAMS 0x00000000ab900000| PB 0x00000000ab800000| Complete 
| 185|0x00000000ab900000, 0x00000000aba00000, 0x00000000aba00000|100%| O|  |TAMS 0x00000000ab900000| PB 0x00000000ab900000| Untracked 
| 186|0x00000000aba00000, 0x00000000abb00000, 0x00000000abb00000|100%|HS|  |TAMS 0x00000000abb00000| PB 0x00000000aba00000| Complete 
| 187|0x00000000abb00000, 0x00000000abc00000, 0x00000000abc00000|100%| O|  |TAMS 0x00000000abc00000| PB 0x00000000abc00000| Untracked 
| 188|0x00000000abc00000, 0x00000000abd00000, 0x00000000abd00000|100%| O|  |TAMS 0x00000000abd00000| PB 0x00000000abd00000| Untracked 
| 189|0x00000000abd00000, 0x00000000abe00000, 0x00000000abe00000|100%| O|  |TAMS 0x00000000abe00000| PB 0x00000000abe00000| Untracked 
| 190|0x00000000abe00000, 0x00000000abf00000, 0x00000000abf00000|100%| O|  |TAMS 0x00000000abf00000| PB 0x00000000abf00000| Untracked 
| 191|0x00000000abf00000, 0x00000000ac000000, 0x00000000ac000000|100%| O|  |TAMS 0x00000000ac000000| PB 0x00000000ac000000| Untracked 
| 192|0x00000000ac000000, 0x00000000ac100000, 0x00000000ac100000|100%| O|  |TAMS 0x00000000ac100000| PB 0x00000000ac100000| Updating 
| 193|0x00000000ac100000, 0x00000000ac200000, 0x00000000ac200000|100%| O|  |TAMS 0x00000000ac200000| PB 0x00000000ac200000| Updating 
| 194|0x00000000ac200000, 0x00000000ac300000, 0x00000000ac300000|100%| O|  |TAMS 0x00000000ac300000| PB 0x00000000ac300000| Untracked 
| 195|0x00000000ac300000, 0x00000000ac400000, 0x00000000ac400000|100%| O|  |TAMS 0x00000000ac400000| PB 0x00000000ac400000| Untracked 
| 196|0x00000000ac400000, 0x00000000ac500000, 0x00000000ac500000|100%| O|  |TAMS 0x00000000ac500000| PB 0x00000000ac500000| Untracked 
| 197|0x00000000ac500000, 0x00000000ac600000, 0x00000000ac600000|100%| O|  |TAMS 0x00000000ac600000| PB 0x00000000ac600000| Untracked 
| 198|0x00000000ac600000, 0x00000000ac700000, 0x00000000ac700000|100%| O|  |TAMS 0x00000000ac700000| PB 0x00000000ac700000| Untracked 
| 199|0x00000000ac700000, 0x00000000ac800000, 0x00000000ac800000|100%| O|  |TAMS 0x00000000ac800000| PB 0x00000000ac800000| Untracked 
| 200|0x00000000ac800000, 0x00000000ac900000, 0x00000000ac900000|100%| O|  |TAMS 0x00000000ac900000| PB 0x00000000ac900000| Untracked 
| 201|0x00000000ac900000, 0x00000000aca00000, 0x00000000aca00000|100%| O|  |TAMS 0x00000000aca00000| PB 0x00000000aca00000| Untracked 
| 202|0x00000000aca00000, 0x00000000acb00000, 0x00000000acb00000|100%| O|  |TAMS 0x00000000acb00000| PB 0x00000000acb00000| Untracked 
| 203|0x00000000acb00000, 0x00000000acc00000, 0x00000000acc00000|100%| O|  |TAMS 0x00000000acc00000| PB 0x00000000acc00000| Updating 
| 204|0x00000000acc00000, 0x00000000acd00000, 0x00000000acd00000|100%| O|  |TAMS 0x00000000acc96d40| PB 0x00000000acc96d40| Updating 
| 205|0x00000000acd00000, 0x00000000ace00000, 0x00000000ace00000|100%| O|  |TAMS 0x00000000acd00000| PB 0x00000000acd00000| Untracked 
| 206|0x00000000ace00000, 0x00000000acf00000, 0x00000000acf00000|100%| O|  |TAMS 0x00000000ace00000| PB 0x00000000ace00000| Untracked 
| 207|0x00000000acf00000, 0x00000000ad000000, 0x00000000ad000000|100%| O|  |TAMS 0x00000000acf00000| PB 0x00000000acf00000| Untracked 
| 208|0x00000000ad000000, 0x00000000ad100000, 0x00000000ad100000|100%| O|  |TAMS 0x00000000ad000000| PB 0x00000000ad000000| Untracked 
| 209|0x00000000ad100000, 0x00000000ad100000, 0x00000000ad200000|  0%| F|  |TAMS 0x00000000ad100000| PB 0x00000000ad100000| Untracked 
| 210|0x00000000ad200000, 0x00000000ad200000, 0x00000000ad300000|  0%| F|  |TAMS 0x00000000ad200000| PB 0x00000000ad200000| Untracked 
| 211|0x00000000ad300000, 0x00000000ad300000, 0x00000000ad400000|  0%| F|  |TAMS 0x00000000ad300000| PB 0x00000000ad300000| Untracked 
| 212|0x00000000ad400000, 0x00000000ad400000, 0x00000000ad500000|  0%| F|  |TAMS 0x00000000ad400000| PB 0x00000000ad400000| Untracked 
| 213|0x00000000ad500000, 0x00000000ad500000, 0x00000000ad600000|  0%| F|  |TAMS 0x00000000ad500000| PB 0x00000000ad500000| Untracked 
| 214|0x00000000ad600000, 0x00000000ad600000, 0x00000000ad700000|  0%| F|  |TAMS 0x00000000ad600000| PB 0x00000000ad600000| Untracked 
| 215|0x00000000ad700000, 0x00000000ad700000, 0x00000000ad800000|  0%| F|  |TAMS 0x00000000ad700000| PB 0x00000000ad700000| Untracked 
| 216|0x00000000ad800000, 0x00000000ad800000, 0x00000000ad900000|  0%| F|  |TAMS 0x00000000ad800000| PB 0x00000000ad800000| Untracked 
| 217|0x00000000ad900000, 0x00000000ad900000, 0x00000000ada00000|  0%| F|  |TAMS 0x00000000ad900000| PB 0x00000000ad900000| Untracked 
| 218|0x00000000ada00000, 0x00000000ada00000, 0x00000000adb00000|  0%| F|  |TAMS 0x00000000ada00000| PB 0x00000000ada00000| Untracked 
| 219|0x00000000adb00000, 0x00000000adb00000, 0x00000000adc00000|  0%| F|  |TAMS 0x00000000adb00000| PB 0x00000000adb00000| Untracked 
| 220|0x00000000adc00000, 0x00000000adc00000, 0x00000000add00000|  0%| F|  |TAMS 0x00000000adc00000| PB 0x00000000adc00000| Untracked 
| 221|0x00000000add00000, 0x00000000add00000, 0x00000000ade00000|  0%| F|  |TAMS 0x00000000add00000| PB 0x00000000add00000| Untracked 
| 222|0x00000000ade00000, 0x00000000ade00000, 0x00000000adf00000|  0%| F|  |TAMS 0x00000000ade00000| PB 0x00000000ade00000| Untracked 
| 223|0x00000000adf00000, 0x00000000adf00000, 0x00000000ae000000|  0%| F|  |TAMS 0x00000000adf00000| PB 0x00000000adf00000| Untracked 
| 224|0x00000000ae000000, 0x00000000ae000000, 0x00000000ae100000|  0%| F|  |TAMS 0x00000000ae000000| PB 0x00000000ae000000| Untracked 
| 225|0x00000000ae100000, 0x00000000ae100000, 0x00000000ae200000|  0%| F|  |TAMS 0x00000000ae100000| PB 0x00000000ae100000| Untracked 
| 226|0x00000000ae200000, 0x00000000ae200000, 0x00000000ae300000|  0%| F|  |TAMS 0x00000000ae200000| PB 0x00000000ae200000| Untracked 
| 227|0x00000000ae300000, 0x00000000ae300000, 0x00000000ae400000|  0%| F|  |TAMS 0x00000000ae300000| PB 0x00000000ae300000| Untracked 
| 228|0x00000000ae400000, 0x00000000ae400000, 0x00000000ae500000|  0%| F|  |TAMS 0x00000000ae400000| PB 0x00000000ae400000| Untracked 
| 229|0x00000000ae500000, 0x00000000ae500000, 0x00000000ae600000|  0%| F|  |TAMS 0x00000000ae500000| PB 0x00000000ae500000| Untracked 
| 230|0x00000000ae600000, 0x00000000ae600000, 0x00000000ae700000|  0%| F|  |TAMS 0x00000000ae600000| PB 0x00000000ae600000| Untracked 
| 231|0x00000000ae700000, 0x00000000ae700000, 0x00000000ae800000|  0%| F|  |TAMS 0x00000000ae700000| PB 0x00000000ae700000| Untracked 
| 232|0x00000000ae800000, 0x00000000ae800000, 0x00000000ae900000|  0%| F|  |TAMS 0x00000000ae800000| PB 0x00000000ae800000| Untracked 
| 233|0x00000000ae900000, 0x00000000ae900000, 0x00000000aea00000|  0%| F|  |TAMS 0x00000000ae900000| PB 0x00000000ae900000| Untracked 
| 234|0x00000000aea00000, 0x00000000aea00000, 0x00000000aeb00000|  0%| F|  |TAMS 0x00000000aea00000| PB 0x00000000aea00000| Untracked 
| 235|0x00000000aeb00000, 0x00000000aeb00000, 0x00000000aec00000|  0%| F|  |TAMS 0x00000000aeb00000| PB 0x00000000aeb00000| Untracked 
| 236|0x00000000aec00000, 0x00000000aec00000, 0x00000000aed00000|  0%| F|  |TAMS 0x00000000aec00000| PB 0x00000000aec00000| Untracked 
| 237|0x00000000aed00000, 0x00000000aed00000, 0x00000000aee00000|  0%| F|  |TAMS 0x00000000aed00000| PB 0x00000000aed00000| Untracked 
| 238|0x00000000aee00000, 0x00000000aee00000, 0x00000000aef00000|  0%| F|  |TAMS 0x00000000aee00000| PB 0x00000000aee00000| Untracked 
| 239|0x00000000aef00000, 0x00000000aef00000, 0x00000000af000000|  0%| F|  |TAMS 0x00000000aef00000| PB 0x00000000aef00000| Untracked 
| 240|0x00000000af000000, 0x00000000af000000, 0x00000000af100000|  0%| F|  |TAMS 0x00000000af000000| PB 0x00000000af000000| Untracked 
| 241|0x00000000af100000, 0x00000000af200000, 0x00000000af200000|100%| S|CS|TAMS 0x00000000af100000| PB 0x00000000af100000| Complete 
| 242|0x00000000af200000, 0x00000000af300000, 0x00000000af300000|100%| S|CS|TAMS 0x00000000af200000| PB 0x00000000af200000| Complete 
| 243|0x00000000af300000, 0x00000000af400000, 0x00000000af400000|100%| S|CS|TAMS 0x00000000af300000| PB 0x00000000af300000| Complete 
| 244|0x00000000af400000, 0x00000000af500000, 0x00000000af500000|100%| S|CS|TAMS 0x00000000af400000| PB 0x00000000af400000| Complete 
| 245|0x00000000af500000, 0x00000000af600000, 0x00000000af600000|100%| S|CS|TAMS 0x00000000af500000| PB 0x00000000af500000| Complete 
| 246|0x00000000af600000, 0x00000000af700000, 0x00000000af700000|100%| S|CS|TAMS 0x00000000af600000| PB 0x00000000af600000| Complete 
| 247|0x00000000af700000, 0x00000000af800000, 0x00000000af800000|100%| S|CS|TAMS 0x00000000af700000| PB 0x00000000af700000| Complete 
| 248|0x00000000af800000, 0x00000000af900000, 0x00000000af900000|100%| S|CS|TAMS 0x00000000af800000| PB 0x00000000af800000| Complete 
| 249|0x00000000af900000, 0x00000000af900000, 0x00000000afa00000|  0%| F|  |TAMS 0x00000000af900000| PB 0x00000000af900000| Untracked 
| 250|0x00000000afa00000, 0x00000000afa00000, 0x00000000afb00000|  0%| F|  |TAMS 0x00000000afa00000| PB 0x00000000afa00000| Untracked 
| 251|0x00000000afb00000, 0x00000000afb00000, 0x00000000afc00000|  0%| F|  |TAMS 0x00000000afb00000| PB 0x00000000afb00000| Untracked 
| 252|0x00000000afc00000, 0x00000000afc00000, 0x00000000afd00000|  0%| F|  |TAMS 0x00000000afc00000| PB 0x00000000afc00000| Untracked 
| 253|0x00000000afd00000, 0x00000000afd00000, 0x00000000afe00000|  0%| F|  |TAMS 0x00000000afd00000| PB 0x00000000afd00000| Untracked 
| 254|0x00000000afe00000, 0x00000000afe00000, 0x00000000aff00000|  0%| F|  |TAMS 0x00000000afe00000| PB 0x00000000afe00000| Untracked 
| 255|0x00000000aff00000, 0x00000000aff00000, 0x00000000b0000000|  0%| F|  |TAMS 0x00000000aff00000| PB 0x00000000aff00000| Untracked 
| 256|0x00000000b0000000, 0x00000000b0000000, 0x00000000b0100000|  0%| F|  |TAMS 0x00000000b0000000| PB 0x00000000b0000000| Untracked 
| 257|0x00000000b0100000, 0x00000000b0100000, 0x00000000b0200000|  0%| F|  |TAMS 0x00000000b0100000| PB 0x00000000b0100000| Untracked 
| 258|0x00000000b0200000, 0x00000000b0200000, 0x00000000b0300000|  0%| F|  |TAMS 0x00000000b0200000| PB 0x00000000b0200000| Untracked 
| 259|0x00000000b0300000, 0x00000000b0300000, 0x00000000b0400000|  0%| F|  |TAMS 0x00000000b0300000| PB 0x00000000b0300000| Untracked 
| 260|0x00000000b0400000, 0x00000000b0400000, 0x00000000b0500000|  0%| F|  |TAMS 0x00000000b0400000| PB 0x00000000b0400000| Untracked 
| 261|0x00000000b0500000, 0x00000000b0500000, 0x00000000b0600000|  0%| F|  |TAMS 0x00000000b0500000| PB 0x00000000b0500000| Untracked 
| 262|0x00000000b0600000, 0x00000000b0600000, 0x00000000b0700000|  0%| F|  |TAMS 0x00000000b0600000| PB 0x00000000b0600000| Untracked 
| 263|0x00000000b0700000, 0x00000000b0700000, 0x00000000b0800000|  0%| F|  |TAMS 0x00000000b0700000| PB 0x00000000b0700000| Untracked 
| 264|0x00000000b0800000, 0x00000000b0800000, 0x00000000b0900000|  0%| F|  |TAMS 0x00000000b0800000| PB 0x00000000b0800000| Untracked 
| 265|0x00000000b0900000, 0x00000000b0900000, 0x00000000b0a00000|  0%| F|  |TAMS 0x00000000b0900000| PB 0x00000000b0900000| Untracked 
| 266|0x00000000b0a00000, 0x00000000b0a00000, 0x00000000b0b00000|  0%| F|  |TAMS 0x00000000b0a00000| PB 0x00000000b0a00000| Untracked 
| 267|0x00000000b0b00000, 0x00000000b0b00000, 0x00000000b0c00000|  0%| F|  |TAMS 0x00000000b0b00000| PB 0x00000000b0b00000| Untracked 
| 268|0x00000000b0c00000, 0x00000000b0c00000, 0x00000000b0d00000|  0%| F|  |TAMS 0x00000000b0c00000| PB 0x00000000b0c00000| Untracked 
| 269|0x00000000b0d00000, 0x00000000b0d00000, 0x00000000b0e00000|  0%| F|  |TAMS 0x00000000b0d00000| PB 0x00000000b0d00000| Untracked 
| 270|0x00000000b0e00000, 0x00000000b0e00000, 0x00000000b0f00000|  0%| F|  |TAMS 0x00000000b0e00000| PB 0x00000000b0e00000| Untracked 
| 271|0x00000000b0f00000, 0x00000000b0f00000, 0x00000000b1000000|  0%| F|  |TAMS 0x00000000b0f00000| PB 0x00000000b0f00000| Untracked 
| 272|0x00000000b1000000, 0x00000000b1000000, 0x00000000b1100000|  0%| F|  |TAMS 0x00000000b1000000| PB 0x00000000b1000000| Untracked 
| 273|0x00000000b1100000, 0x00000000b1100000, 0x00000000b1200000|  0%| F|  |TAMS 0x00000000b1100000| PB 0x00000000b1100000| Untracked 
| 274|0x00000000b1200000, 0x00000000b1200000, 0x00000000b1300000|  0%| F|  |TAMS 0x00000000b1200000| PB 0x00000000b1200000| Untracked 
| 275|0x00000000b1300000, 0x00000000b1300000, 0x00000000b1400000|  0%| F|  |TAMS 0x00000000b1300000| PB 0x00000000b1300000| Untracked 
| 276|0x00000000b1400000, 0x00000000b1400000, 0x00000000b1500000|  0%| F|  |TAMS 0x00000000b1400000| PB 0x00000000b1400000| Untracked 
| 277|0x00000000b1500000, 0x00000000b1500000, 0x00000000b1600000|  0%| F|  |TAMS 0x00000000b1500000| PB 0x00000000b1500000| Untracked 
| 278|0x00000000b1600000, 0x00000000b1600000, 0x00000000b1700000|  0%| F|  |TAMS 0x00000000b1600000| PB 0x00000000b1600000| Untracked 
| 279|0x00000000b1700000, 0x00000000b1700000, 0x00000000b1800000|  0%| F|  |TAMS 0x00000000b1700000| PB 0x00000000b1700000| Untracked 
| 280|0x00000000b1800000, 0x00000000b1800000, 0x00000000b1900000|  0%| F|  |TAMS 0x00000000b1800000| PB 0x00000000b1800000| Untracked 
| 281|0x00000000b1900000, 0x00000000b1900000, 0x00000000b1a00000|  0%| F|  |TAMS 0x00000000b1900000| PB 0x00000000b1900000| Untracked 
| 282|0x00000000b1a00000, 0x00000000b1a00000, 0x00000000b1b00000|  0%| F|  |TAMS 0x00000000b1a00000| PB 0x00000000b1a00000| Untracked 
| 283|0x00000000b1b00000, 0x00000000b1b00000, 0x00000000b1c00000|  0%| F|  |TAMS 0x00000000b1b00000| PB 0x00000000b1b00000| Untracked 
| 284|0x00000000b1c00000, 0x00000000b1c00000, 0x00000000b1d00000|  0%| F|  |TAMS 0x00000000b1c00000| PB 0x00000000b1c00000| Untracked 
| 285|0x00000000b1d00000, 0x00000000b1d00000, 0x00000000b1e00000|  0%| F|  |TAMS 0x00000000b1d00000| PB 0x00000000b1d00000| Untracked 
| 286|0x00000000b1e00000, 0x00000000b1e00000, 0x00000000b1f00000|  0%| F|  |TAMS 0x00000000b1e00000| PB 0x00000000b1e00000| Untracked 
| 287|0x00000000b1f00000, 0x00000000b1f00000, 0x00000000b2000000|  0%| F|  |TAMS 0x00000000b1f00000| PB 0x00000000b1f00000| Untracked 
| 288|0x00000000b2000000, 0x00000000b2000000, 0x00000000b2100000|  0%| F|  |TAMS 0x00000000b2000000| PB 0x00000000b2000000| Untracked 
| 289|0x00000000b2100000, 0x00000000b2100000, 0x00000000b2200000|  0%| F|  |TAMS 0x00000000b2100000| PB 0x00000000b2100000| Untracked 
| 290|0x00000000b2200000, 0x00000000b2200000, 0x00000000b2300000|  0%| F|  |TAMS 0x00000000b2200000| PB 0x00000000b2200000| Untracked 
| 291|0x00000000b2300000, 0x00000000b2300000, 0x00000000b2400000|  0%| F|  |TAMS 0x00000000b2300000| PB 0x00000000b2300000| Untracked 
| 292|0x00000000b2400000, 0x00000000b2400000, 0x00000000b2500000|  0%| F|  |TAMS 0x00000000b2400000| PB 0x00000000b2400000| Untracked 
| 293|0x00000000b2500000, 0x00000000b250c828, 0x00000000b2600000|  4%| E|  |TAMS 0x00000000b2500000| PB 0x00000000b2500000| Complete 
| 294|0x00000000b2600000, 0x00000000b2700000, 0x00000000b2700000|100%| E|CS|TAMS 0x00000000b2600000| PB 0x00000000b2600000| Complete 
| 295|0x00000000b2700000, 0x00000000b2800000, 0x00000000b2800000|100%| E|CS|TAMS 0x00000000b2700000| PB 0x00000000b2700000| Complete 
| 296|0x00000000b2800000, 0x00000000b2900000, 0x00000000b2900000|100%| E|CS|TAMS 0x00000000b2800000| PB 0x00000000b2800000| Complete 
|1529|0x00000000ff900000, 0x00000000ffa00000, 0x00000000ffa00000|100%| O|  |TAMS 0x00000000ffa00000| PB 0x00000000ffa00000| Updating 
|1530|0x00000000ffa00000, 0x00000000ffb00000, 0x00000000ffb00000|100%| E|CS|TAMS 0x00000000ffa00000| PB 0x00000000ffa00000| Complete 
|1531|0x00000000ffb00000, 0x00000000ffc00000, 0x00000000ffc00000|100%| O|  |TAMS 0x00000000ffc00000| PB 0x00000000ffc00000| Untracked 
|1532|0x00000000ffc00000, 0x00000000ffd00000, 0x00000000ffd00000|100%| O|  |TAMS 0x00000000ffd00000| PB 0x00000000ffd00000| Untracked 
|1533|0x00000000ffd00000, 0x00000000ffe00000, 0x00000000ffe00000|100%| O|  |TAMS 0x00000000ffe00000| PB 0x00000000ffe00000| Untracked 
|1534|0x00000000ffe00000, 0x00000000fff00000, 0x00000000fff00000|100%| O|  |TAMS 0x00000000fff00000| PB 0x00000000fff00000| Untracked 
|1535|0x00000000fff00000, 0x0000000100000000, 0x0000000100000000|100%| O|  |TAMS 0x0000000100000000| PB 0x0000000100000000| Untracked 

Card table byte_map: [0x0000026f1dd20000,0x0000026f1e020000] _byte_map_base: 0x0000026f1d820000

Marking Bits: (CMBitMap*) 0x0000026f0b533070
 Bits: [0x0000026f1e020000, 0x0000026f1f820000)

Polling page: 0x0000026f092c0000

Metaspace:

Usage:
  Non-class:     74.28 MB used.
      Class:     12.25 MB used.
       Both:     86.53 MB used.

Virtual space:
  Non-class space:      128.00 MB reserved,      75.56 MB ( 59%) committed,  2 nodes.
      Class space:        1.00 GB reserved,      13.38 MB (  1%) committed,  1 nodes.
             Both:        1.12 GB reserved,      88.94 MB (  8%) committed. 

Chunk freelists:
   Non-Class:  4.45 MB
       Class:  2.54 MB
        Both:  6.99 MB

MaxMetaspaceSize: unlimited
CompressedClassSpaceSize: 1.00 GB
Initial GC threshold: 21.00 MB
Current GC threshold: 146.19 MB
CDS: on
 - commit_granule_bytes: 65536.
 - commit_granule_words: 8192.
 - virtual_space_node_default_size: 8388608.
 - enlarge_chunks_in_place: 1.
 - use_allocation_guard: 0.


Internal statistics:

num_allocs_failed_limit: 6.
num_arena_births: 3708.
num_arena_deaths: 0.
num_vsnodes_births: 3.
num_vsnodes_deaths: 0.
num_space_committed: 1423.
num_space_uncommitted: 0.
num_chunks_returned_to_freelist: 6.
num_chunks_taken_from_freelist: 7890.
num_chunk_merges: 6.
num_chunk_splits: 5142.
num_chunks_enlarged: 3251.
num_inconsistent_stats: 0.

CodeHeap 'non-profiled nmethods': size=120000Kb used=8595Kb max_used=8620Kb free=111404Kb
 bounds [0x0000026f161c0000, 0x0000026f16a30000, 0x0000026f1d6f0000]
CodeHeap 'profiled nmethods': size=120000Kb used=22833Kb max_used=23287Kb free=97166Kb
 bounds [0x0000026f0e6f0000, 0x0000026f0fdb0000, 0x0000026f15c20000]
CodeHeap 'non-nmethods': size=5760Kb used=2730Kb max_used=2754Kb free=3029Kb
 bounds [0x0000026f15c20000, 0x0000026f15ee0000, 0x0000026f161c0000]
CodeCache: size=245760Kb, used=34158Kb, max_used=34661Kb, free=211599Kb
 total_blobs=13289, nmethods=12326, adapters=864, full_count=0
Compilation: enabled, stopped_count=0, restarted_count=0

Compilation events (20 events):
Event: 47.344 Thread 0x0000026f222ac690 nmethod 14820 0x0000026f0fdabd10 code [0x0000026f0fdabf20, 0x0000026f0fdac5a8]
Event: 47.346 Thread 0x0000026f222ac690 14821       3       org.gradle.api.internal.plugins.DefaultPluginContainer::hasPlugin (14 bytes)
Event: 47.346 Thread 0x0000026f222ac690 nmethod 14821 0x0000026f0fdac810 code [0x0000026f0fdac9c0, 0x0000026f0fdacbb8]
Event: 47.347 Thread 0x0000026f222ac690 14822       3       com.android.build.api.component.impl.UnitTestImpl_Decorated::getVariantType (40 bytes)
Event: 47.348 Thread 0x0000026f222ac690 nmethod 14822 0x0000026f0fdacc90 code [0x0000026f0fdacea0, 0x0000026f0fdad3d8]
Event: 47.348 Thread 0x0000026f222ac690 14823       3       com.android.build.api.component.impl.UnitTestImpl_Decorated::getVariantScope (40 bytes)
Event: 47.348 Thread 0x0000026f222ac690 nmethod 14823 0x0000026f0fdad610 code [0x0000026f0fdad7e0, 0x0000026f0fdadb68]
Event: 47.350 Thread 0x0000026f222ac690 14824       3       com.android.build.gradle.internal.scope.MutableTaskContainer::getAssembleTask (18 bytes)
Event: 47.351 Thread 0x0000026f222ac690 nmethod 14824 0x0000026f0fdadc90 code [0x0000026f0fdadf20, 0x0000026f0fdae8f0]
Event: 47.354 Thread 0x0000026f222ac690 14826       1       org.gradle.internal.service.DefaultServiceRegistry::asProvider (5 bytes)
Event: 47.354 Thread 0x0000026f222ac690 nmethod 14826 0x0000026f16a26190 code [0x0000026f16a26320, 0x0000026f16a263e8]
Event: 47.367 Thread 0x0000026f22915240 nmethod 14815 0x0000026f16a26490 code [0x0000026f16a26840, 0x0000026f16a28168]
Event: 47.367 Thread 0x0000026f22915240 14825       4       org.gradle.internal.operations.BuildOperationDescriptor::displayName (10 bytes)
Event: 47.368 Thread 0x0000026f22915240 nmethod 14825 0x0000026f16a29010 code [0x0000026f16a291a0, 0x0000026f16a29288]
Event: 47.368 Thread 0x0000026f22915240 14816       4       org.gradle.api.internal.collections.SortedSetElementSource::addPending (37 bytes)
Event: 47.374 Thread 0x0000026f22915240 nmethod 14816 0x0000026f16a29390 code [0x0000026f16a295a0, 0x0000026f16a29d18]
Event: 47.375 Thread 0x0000026f22915240 14817       4       org.gradle.api.internal.collections.DefaultPendingSource::addPending (31 bytes)
Event: 47.380 Thread 0x0000026f22915240 nmethod 14817 0x0000026f16a2a090 code [0x0000026f16a2a280, 0x0000026f16a2a928]
Event: 47.380 Thread 0x0000026f22915240 14818       4       org.gradle.api.internal.DefaultNamedDomainObjectCollection::deferredElementKnown (20 bytes)
Event: 47.382 Thread 0x0000026f22915240 nmethod 14818 0x0000026f16a2ac10 code [0x0000026f16a2ada0, 0x0000026f16a2af08]

GC Heap History (20 events):
Event: 28.015 GC heap before
{Heap before GC invocations=33 (full 0):
 garbage-first heap   total 178176K, used 132023K [0x00000000a0000000, 0x0000000100000000)
  region size 1024K, 23 young (23552K), 7 survivors (7168K)
 Metaspace       used 83711K, committed 85888K, reserved 1179648K
  class space    used 11878K, committed 12928K, reserved 1048576K
}
Event: 28.020 GC heap after
{Heap after GC invocations=34 (full 0):
 garbage-first heap   total 178176K, used 120303K [0x00000000a0000000, 0x0000000100000000)
  region size 1024K, 4 young (4096K), 4 survivors (4096K)
 Metaspace       used 83711K, committed 85888K, reserved 1179648K
  class space    used 11878K, committed 12928K, reserved 1048576K
}
Event: 31.379 GC heap before
{Heap before GC invocations=35 (full 0):
 garbage-first heap   total 214016K, used 164335K [0x00000000a0000000, 0x0000000100000000)
  region size 1024K, 41 young (41984K), 4 survivors (4096K)
 Metaspace       used 84913K, committed 87104K, reserved 1179648K
  class space    used 12071K, committed 13120K, reserved 1048576K
}
Event: 31.385 GC heap after
{Heap after GC invocations=36 (full 0):
 garbage-first heap   total 214016K, used 133718K [0x00000000a0000000, 0x0000000100000000)
  region size 1024K, 6 young (6144K), 6 survivors (6144K)
 Metaspace       used 84913K, committed 87104K, reserved 1179648K
  class space    used 12071K, committed 13120K, reserved 1048576K
}
Event: 35.559 GC heap before
{Heap before GC invocations=36 (full 0):
 garbage-first heap   total 214016K, used 178774K [0x00000000a0000000, 0x0000000100000000)
  region size 1024K, 51 young (52224K), 6 survivors (6144K)
 Metaspace       used 86358K, committed 88640K, reserved 1179648K
  class space    used 12237K, committed 13312K, reserved 1048576K
}
Event: 35.564 GC heap after
{Heap after GC invocations=37 (full 0):
 garbage-first heap   total 214016K, used 138359K [0x00000000a0000000, 0x0000000100000000)
  region size 1024K, 7 young (7168K), 7 survivors (7168K)
 Metaspace       used 86358K, committed 88640K, reserved 1179648K
  class space    used 12237K, committed 13312K, reserved 1048576K
}
Event: 40.433 GC heap before
{Heap before GC invocations=37 (full 0):
 garbage-first heap   total 214016K, used 176247K [0x00000000a0000000, 0x0000000100000000)
  region size 1024K, 45 young (46080K), 7 survivors (7168K)
 Metaspace       used 86635K, committed 88832K, reserved 1179648K
  class space    used 12269K, committed 13312K, reserved 1048576K
}
Event: 40.440 GC heap after
{Heap after GC invocations=38 (full 0):
 garbage-first heap   total 214016K, used 146016K [0x00000000a0000000, 0x0000000100000000)
  region size 1024K, 7 young (7168K), 7 survivors (7168K)
 Metaspace       used 86635K, committed 88832K, reserved 1179648K
  class space    used 12269K, committed 13312K, reserved 1048576K
}
Event: 41.793 GC heap before
{Heap before GC invocations=39 (full 0):
 garbage-first heap   total 249856K, used 200288K [0x00000000a0000000, 0x0000000100000000)
  region size 1024K, 48 young (49152K), 7 survivors (7168K)
 Metaspace       used 86893K, committed 89152K, reserved 1179648K
  class space    used 12306K, committed 13376K, reserved 1048576K
}
Event: 41.800 GC heap after
{Heap after GC invocations=40 (full 0):
 garbage-first heap   total 249856K, used 171321K [0x00000000a0000000, 0x0000000100000000)
  region size 1024K, 6 young (6144K), 6 survivors (6144K)
 Metaspace       used 86893K, committed 89152K, reserved 1179648K
  class space    used 12306K, committed 13376K, reserved 1048576K
}
Event: 43.348 GC heap before
{Heap before GC invocations=40 (full 0):
 garbage-first heap   total 249856K, used 215353K [0x00000000a0000000, 0x0000000100000000)
  region size 1024K, 49 young (50176K), 6 survivors (6144K)
 Metaspace       used 87329K, committed 89600K, reserved 1179648K
  class space    used 12364K, committed 13440K, reserved 1048576K
}
Event: 43.357 GC heap after
{Heap after GC invocations=41 (full 0):
 garbage-first heap   total 249856K, used 178987K [0x00000000a0000000, 0x0000000100000000)
  region size 1024K, 7 young (7168K), 7 survivors (7168K)
 Metaspace       used 87329K, committed 89600K, reserved 1179648K
  class space    used 12364K, committed 13440K, reserved 1048576K
}
Event: 43.551 GC heap before
{Heap before GC invocations=41 (full 0):
 garbage-first heap   total 249856K, used 188203K [0x00000000a0000000, 0x0000000100000000)
  region size 1024K, 17 young (17408K), 7 survivors (7168K)
 Metaspace       used 87403K, committed 89792K, reserved 1179648K
  class space    used 12375K, committed 13504K, reserved 1048576K
}
Event: 43.557 GC heap after
{Heap after GC invocations=42 (full 0):
 garbage-first heap   total 249856K, used 183256K [0x00000000a0000000, 0x0000000100000000)
  region size 1024K, 4 young (4096K), 4 survivors (4096K)
 Metaspace       used 87403K, committed 89792K, reserved 1179648K
  class space    used 12375K, committed 13504K, reserved 1048576K
}
Event: 44.709 GC heap before
{Heap before GC invocations=43 (full 0):
 garbage-first heap   total 311296K, used 225240K [0x00000000a0000000, 0x0000000100000000)
  region size 1024K, 43 young (44032K), 4 survivors (4096K)
 Metaspace       used 87780K, committed 90240K, reserved 1179648K
  class space    used 12428K, committed 13568K, reserved 1048576K
}
Event: 44.716 GC heap after
{Heap after GC invocations=44 (full 0):
 garbage-first heap   total 311296K, used 195443K [0x00000000a0000000, 0x0000000100000000)
  region size 1024K, 6 young (6144K), 6 survivors (6144K)
 Metaspace       used 87780K, committed 90240K, reserved 1179648K
  class space    used 12428K, committed 13568K, reserved 1048576K
}
Event: 45.954 GC heap before
{Heap before GC invocations=44 (full 0):
 garbage-first heap   total 311296K, used 260979K [0x00000000a0000000, 0x0000000100000000)
  region size 1024K, 63 young (64512K), 6 survivors (6144K)
 Metaspace       used 88278K, committed 90752K, reserved 1179648K
  class space    used 12493K, committed 13632K, reserved 1048576K
}
Event: 45.965 GC heap after
{Heap after GC invocations=45 (full 0):
 garbage-first heap   total 311296K, used 217691K [0x00000000a0000000, 0x0000000100000000)
  region size 1024K, 8 young (8192K), 8 survivors (8192K)
 Metaspace       used 88278K, committed 90752K, reserved 1179648K
  class space    used 12493K, committed 13632K, reserved 1048576K
}
Event: 47.254 GC heap before
{Heap before GC invocations=45 (full 0):
 garbage-first heap   total 311296K, used 267867K [0x00000000a0000000, 0x0000000100000000)
  region size 1024K, 57 young (58368K), 8 survivors (8192K)
 Metaspace       used 88561K, committed 91072K, reserved 1179648K
  class space    used 12536K, committed 13696K, reserved 1048576K
}
Event: 47.265 GC heap after
{Heap after GC invocations=46 (full 0):
 garbage-first heap   total 311296K, used 228352K [0x00000000a0000000, 0x0000000100000000)
  region size 1024K, 8 young (8192K), 8 survivors (8192K)
 Metaspace       used 88561K, committed 91072K, reserved 1179648K
  class space    used 12536K, committed 13696K, reserved 1048576K
}

Dll operation events (13 events):
Event: 0.009 Loaded shared library C:\Users\Inurum_Four\.antigravity\extensions\redhat.java-1.54.0-win32-x64\jre\21.0.10-win32-x86_64\bin\java.dll
Event: 0.063 Loaded shared library C:\Users\Inurum_Four\.antigravity\extensions\redhat.java-1.54.0-win32-x64\jre\21.0.10-win32-x86_64\bin\zip.dll
Event: 0.069 Loaded shared library C:\Users\Inurum_Four\.antigravity\extensions\redhat.java-1.54.0-win32-x64\jre\21.0.10-win32-x86_64\bin\net.dll
Event: 0.071 Loaded shared library C:\Users\Inurum_Four\.antigravity\extensions\redhat.java-1.54.0-win32-x64\jre\21.0.10-win32-x86_64\bin\nio.dll
Event: 0.076 Loaded shared library C:\Users\Inurum_Four\.antigravity\extensions\redhat.java-1.54.0-win32-x64\jre\21.0.10-win32-x86_64\bin\zip.dll
Event: 0.243 Loaded shared library C:\Users\Inurum_Four\.antigravity\extensions\redhat.java-1.54.0-win32-x64\jre\21.0.10-win32-x86_64\bin\jimage.dll
Event: 0.299 Loaded shared library C:\Users\Inurum_Four\.antigravity\extensions\redhat.java-1.54.0-win32-x64\jre\21.0.10-win32-x86_64\bin\verify.dll
Event: 0.446 Loaded shared library C:\Users\Inurum_Four\.gradle\native\68d5fa5c4cc2d200863cafc0d521ce42e7d3e7ee720ec0a83991735586a16f82\windows-amd64\native-platform.dll
Event: 0.457 Loaded shared library C:\Users\Inurum_Four\.gradle\native\e376f236ea51e6404a007f0833ffe2c6e607c4080706a723a18a27aeea778392\windows-amd64\native-platform-file-events.dll
Event: 1.260 Loaded shared library C:\Users\Inurum_Four\.antigravity\extensions\redhat.java-1.54.0-win32-x64\jre\21.0.10-win32-x86_64\bin\management.dll
Event: 1.263 Loaded shared library C:\Users\Inurum_Four\.antigravity\extensions\redhat.java-1.54.0-win32-x64\jre\21.0.10-win32-x86_64\bin\management_ext.dll
Event: 1.495 Loaded shared library C:\Users\Inurum_Four\.antigravity\extensions\redhat.java-1.54.0-win32-x64\jre\21.0.10-win32-x86_64\bin\extnet.dll
Event: 1.657 Loaded shared library C:\Users\Inurum_Four\.antigravity\extensions\redhat.java-1.54.0-win32-x64\jre\21.0.10-win32-x86_64\bin\sunmscapi.dll

Deoptimization events (20 events):
Event: 45.972 Thread 0x0000026f685d5a20 Uncommon trap: trap_request=0xffffffd6 fr.pc=0x0000026f169c1528 relative=0x00000000000003c8
Event: 45.972 Thread 0x0000026f685d5a20 Uncommon trap: reason=array_check action=maybe_recompile pc=0x0000026f169c1528 method=java.util.AbstractCollection.toArray([Ljava/lang/Object;)[Ljava/lang/Object; @ 116 c2
Event: 45.972 Thread 0x0000026f685d5a20 DEOPT PACKING pc=0x0000026f169c1528 sp=0x000000f64b3f9460
Event: 45.972 Thread 0x0000026f685d5a20 DEOPT UNPACKING pc=0x0000026f15c74422 sp=0x000000f64b3f9400 mode 2
Event: 45.972 Thread 0x0000026f685d5a20 Uncommon trap: trap_request=0xffffffd6 fr.pc=0x0000026f169c1528 relative=0x00000000000003c8
Event: 45.972 Thread 0x0000026f685d5a20 Uncommon trap: reason=array_check action=maybe_recompile pc=0x0000026f169c1528 method=java.util.AbstractCollection.toArray([Ljava/lang/Object;)[Ljava/lang/Object; @ 116 c2
Event: 45.972 Thread 0x0000026f685d5a20 DEOPT PACKING pc=0x0000026f169c1528 sp=0x000000f64b3f94e0
Event: 45.972 Thread 0x0000026f685d5a20 DEOPT UNPACKING pc=0x0000026f15c74422 sp=0x000000f64b3f9480 mode 2
Event: 45.972 Thread 0x0000026f685d5a20 Uncommon trap: trap_request=0xffffffd6 fr.pc=0x0000026f169c1528 relative=0x00000000000003c8
Event: 45.972 Thread 0x0000026f685d5a20 Uncommon trap: reason=array_check action=maybe_recompile pc=0x0000026f169c1528 method=java.util.AbstractCollection.toArray([Ljava/lang/Object;)[Ljava/lang/Object; @ 116 c2
Event: 45.972 Thread 0x0000026f685d5a20 DEOPT PACKING pc=0x0000026f169c1528 sp=0x000000f64b3f94e0
Event: 45.972 Thread 0x0000026f685d5a20 DEOPT UNPACKING pc=0x0000026f15c74422 sp=0x000000f64b3f9480 mode 2
Event: 45.972 Thread 0x0000026f685d5a20 Uncommon trap: trap_request=0xffffffd6 fr.pc=0x0000026f169c1528 relative=0x00000000000003c8
Event: 45.972 Thread 0x0000026f685d5a20 Uncommon trap: reason=array_check action=maybe_recompile pc=0x0000026f169c1528 method=java.util.AbstractCollection.toArray([Ljava/lang/Object;)[Ljava/lang/Object; @ 116 c2
Event: 45.972 Thread 0x0000026f685d5a20 DEOPT PACKING pc=0x0000026f169c1528 sp=0x000000f64b3f94e0
Event: 45.972 Thread 0x0000026f685d5a20 DEOPT UNPACKING pc=0x0000026f15c74422 sp=0x000000f64b3f9480 mode 2
Event: 47.167 Thread 0x0000026f685d5a20 Uncommon trap: trap_request=0xffffff76 fr.pc=0x0000026f16a066f4 relative=0x0000000000000154
Event: 47.167 Thread 0x0000026f685d5a20 Uncommon trap: reason=predicate action=maybe_recompile pc=0x0000026f16a066f4 method=com.google.common.collect.ImmutableList.copyIntoArray([Ljava/lang/Object;I)I @ 11 c2
Event: 47.167 Thread 0x0000026f685d5a20 DEOPT PACKING pc=0x0000026f16a066f4 sp=0x000000f64b3f9540
Event: 47.167 Thread 0x0000026f685d5a20 DEOPT UNPACKING pc=0x0000026f15c74422 sp=0x000000f64b3f94e0 mode 2

Classes loaded (20 events):
Event: 35.127 Loading class java/math/BigDecimal$StringBuilderHelper
Event: 35.127 Loading class java/math/BigDecimal$StringBuilderHelper done
Event: 40.643 Loading class java/util/regex/PatternBeanInfo
Event: 40.643 Loading class java/util/regex/PatternBeanInfo done
Event: 40.643 Loading class java/util/regex/PatternBeanInfo
Event: 40.643 Loading class java/util/regex/PatternBeanInfo done
Event: 40.643 Loading class java/util/regex/PatternCustomizer
Event: 40.643 Loading class java/util/regex/PatternCustomizer done
Event: 40.643 Loading class java/util/regex/PatternCustomizer
Event: 40.643 Loading class java/util/regex/PatternCustomizer done
Event: 40.652 Loading class java/util/regex/MatcherBeanInfo
Event: 40.652 Loading class java/util/regex/MatcherBeanInfo done
Event: 40.652 Loading class java/util/regex/MatcherBeanInfo
Event: 40.652 Loading class java/util/regex/MatcherBeanInfo done
Event: 40.652 Loading class java/util/regex/MatcherCustomizer
Event: 40.652 Loading class java/util/regex/MatcherCustomizer done
Event: 40.652 Loading class java/util/regex/MatcherCustomizer
Event: 40.652 Loading class java/util/regex/MatcherCustomizer done
Event: 42.619 Loading class java/util/regex/Pattern$Pos
Event: 42.620 Loading class java/util/regex/Pattern$Pos done

Classes unloaded (0 events):
No events

Classes redefined (0 events):
No events

Internal exceptions (20 events):
Event: 45.935 Thread 0x0000026f685d5a20 Exception <a 'java/lang/ClassNotFoundException'{0x00000000aec63be8}: build_997va7uapw5sirw1eqd79l2uv$_run_closure2$_closure6BeanInfo> (0x00000000aec63be8) 
thrown [s\src\hotspot\share\classfile\systemDictionary.cpp, line 312]
Event: 45.935 Thread 0x0000026f685d5a20 Exception <a 'java/lang/ClassNotFoundException'{0x00000000aec6efb8}: build_997va7uapw5sirw1eqd79l2uv$_run_closure2$_closure6Customizer> (0x00000000aec6efb8) 
thrown [s\src\hotspot\share\classfile\systemDictionary.cpp, line 312]
Event: 45.936 Thread 0x0000026f685d5a20 Exception <a 'java/lang/ClassNotFoundException'{0x00000000aec9a088}: build_997va7uapw5sirw1eqd79l2uv$_run_closure2BeanInfo> (0x00000000aec9a088) 
thrown [s\src\hotspot\share\classfile\systemDictionary.cpp, line 312]
Event: 45.936 Thread 0x0000026f685d5a20 Exception <a 'java/lang/ClassNotFoundException'{0x00000000aeca5bb0}: build_997va7uapw5sirw1eqd79l2uv$_run_closure2Customizer> (0x00000000aeca5bb0) 
thrown [s\src\hotspot\share\classfile\systemDictionary.cpp, line 312]
Event: 46.004 Thread 0x0000026f685d5a20 Exception <a 'java/lang/ClassNotFoundException'{0x00000000b274c170}: build_47z4fwfffrz9nj567mhrhffd2BeanInfo> (0x00000000b274c170) 
thrown [s\src\hotspot\share\classfile\systemDictionary.cpp, line 312]
Event: 46.004 Thread 0x0000026f685d5a20 Exception <a 'java/lang/ClassNotFoundException'{0x00000000b2752558}: build_47z4fwfffrz9nj567mhrhffd2Customizer> (0x00000000b2752558) 
thrown [s\src\hotspot\share\classfile\systemDictionary.cpp, line 312]
Event: 46.039 Thread 0x0000026f685d5a20 Exception <a 'java/lang/ClassNotFoundException'{0x00000000b22fcda8}: build_47z4fwfffrz9nj567mhrhffd2BeanInfo> (0x00000000b22fcda8) 
thrown [s\src\hotspot\share\classfile\systemDictionary.cpp, line 312]
Event: 46.039 Thread 0x0000026f685d5a20 Exception <a 'java/lang/ClassNotFoundException'{0x00000000b2103378}: build_47z4fwfffrz9nj567mhrhffd2Customizer> (0x00000000b2103378) 
thrown [s\src\hotspot\share\classfile\systemDictionary.cpp, line 312]
Event: 46.099 Thread 0x0000026f685d5a20 Exception <a 'java/lang/ClassNotFoundException'{0x00000000b1d582b8}: build_81ph0bcacblblr0afdklzlm27BeanInfo> (0x00000000b1d582b8) 
thrown [s\src\hotspot\share\classfile\systemDictionary.cpp, line 312]
Event: 46.100 Thread 0x0000026f685d5a20 Exception <a 'java/lang/ClassNotFoundException'{0x00000000b1d5e6a0}: build_81ph0bcacblblr0afdklzlm27Customizer> (0x00000000b1d5e6a0) 
thrown [s\src\hotspot\share\classfile\systemDictionary.cpp, line 312]
Event: 46.639 Thread 0x0000026f685d5a20 Exception <a 'java/lang/ClassNotFoundException'{0x00000000b1151b88}: build_81ph0bcacblblr0afdklzlm27BeanInfo> (0x00000000b1151b88) 
thrown [s\src\hotspot\share\classfile\systemDictionary.cpp, line 312]
Event: 46.639 Thread 0x0000026f685d5a20 Exception <a 'java/lang/ClassNotFoundException'{0x00000000b1157f10}: build_81ph0bcacblblr0afdklzlm27Customizer> (0x00000000b1157f10) 
thrown [s\src\hotspot\share\classfile\systemDictionary.cpp, line 312]
Event: 46.706 Thread 0x0000026f685d5a20 Exception <a 'java/lang/ClassNotFoundException'{0x00000000b0de1328}: build_33bidmespqjz2bdek792ezouiBeanInfo> (0x00000000b0de1328) 
thrown [s\src\hotspot\share\classfile\systemDictionary.cpp, line 312]
Event: 46.706 Thread 0x0000026f685d5a20 Exception <a 'java/lang/ClassNotFoundException'{0x00000000b0de7710}: build_33bidmespqjz2bdek792ezouiCustomizer> (0x00000000b0de7710) 
thrown [s\src\hotspot\share\classfile\systemDictionary.cpp, line 312]
Event: 47.117 Thread 0x0000026f685d5a20 Exception <a 'java/lang/ClassNotFoundException'{0x00000000b0121ee0}: build_33bidmespqjz2bdek792ezouiBeanInfo> (0x00000000b0121ee0) 
thrown [s\src\hotspot\share\classfile\systemDictionary.cpp, line 312]
Event: 47.117 Thread 0x0000026f685d5a20 Exception <a 'java/lang/ClassNotFoundException'{0x00000000b0128268}: build_33bidmespqjz2bdek792ezouiCustomizer> (0x00000000b0128268) 
thrown [s\src\hotspot\share\classfile\systemDictionary.cpp, line 312]
Event: 47.207 Thread 0x0000026f685d5a20 Exception <a 'java/lang/ClassNotFoundException'{0x00000000afda2708}: build_b0rjbt1t41q7pd7w7szgh1w73BeanInfo> (0x00000000afda2708) 
thrown [s\src\hotspot\share\classfile\systemDictionary.cpp, line 312]
Event: 47.207 Thread 0x0000026f685d5a20 Exception <a 'java/lang/ClassNotFoundException'{0x00000000afda8af0}: build_b0rjbt1t41q7pd7w7szgh1w73Customizer> (0x00000000afda8af0) 
thrown [s\src\hotspot\share\classfile\systemDictionary.cpp, line 312]
Event: 47.253 Thread 0x0000026f685d5a20 Exception <a 'java/lang/ClassNotFoundException'{0x00000000af9e52c0}: build_b0rjbt1t41q7pd7w7szgh1w73BeanInfo> (0x00000000af9e52c0) 
thrown [s\src\hotspot\share\classfile\systemDictionary.cpp, line 312]
Event: 47.253 Thread 0x0000026f685d5a20 Exception <a 'java/lang/ClassNotFoundException'{0x00000000af9eb648}: build_b0rjbt1t41q7pd7w7szgh1w73Customizer> (0x00000000af9eb648) 
thrown [s\src\hotspot\share\classfile\systemDictionary.cpp, line 312]

ZGC Phase Switch (0 events):
No events

VM Operations (20 events):
Event: 42.738 Executing safepoint VM operation: ICBufferFull done
Event: 43.348 Executing safepoint VM operation: G1CollectForAllocation (G1 Evacuation Pause)
Event: 43.357 Executing safepoint VM operation: G1CollectForAllocation (G1 Evacuation Pause) done
Event: 43.551 Executing safepoint VM operation: G1TryInitiateConcMark (G1 Humongous Allocation)
Event: 43.557 Executing safepoint VM operation: G1TryInitiateConcMark (G1 Humongous Allocation) done
Event: 43.675 Executing safepoint VM operation: G1PauseRemark
Event: 43.681 Executing safepoint VM operation: G1PauseRemark done
Event: 43.729 Executing safepoint VM operation: G1PauseCleanup
Event: 43.730 Executing safepoint VM operation: G1PauseCleanup done
Event: 44.709 Executing safepoint VM operation: G1CollectForAllocation (G1 Evacuation Pause)
Event: 44.716 Executing safepoint VM operation: G1CollectForAllocation (G1 Evacuation Pause) done
Event: 45.728 Executing safepoint VM operation: Cleanup
Event: 45.728 Executing safepoint VM operation: Cleanup done
Event: 45.954 Executing safepoint VM operation: G1CollectForAllocation (G1 Evacuation Pause)
Event: 45.965 Executing safepoint VM operation: G1CollectForAllocation (G1 Evacuation Pause) done
Event: 46.970 Executing safepoint VM operation: Cleanup
Event: 46.970 Executing safepoint VM operation: Cleanup done
Event: 47.254 Executing safepoint VM operation: G1CollectForAllocation (G1 Evacuation Pause)
Event: 47.265 Executing safepoint VM operation: G1CollectForAllocation (G1 Evacuation Pause) done
Event: 47.406 Executing safepoint VM operation: G1PauseRemark

Memory protections (0 events):
No events

Nmethod flushes (20 events):
Event: 47.411 Thread 0x0000026f222673d0 flushing  nmethod 0x0000026f0f343090
Event: 47.411 Thread 0x0000026f222673d0 flushing  nmethod 0x0000026f0f900610
Event: 47.411 Thread 0x0000026f222673d0 flushing  nmethod 0x0000026f0f900910
Event: 47.411 Thread 0x0000026f222673d0 flushing  nmethod 0x0000026f0f951d10
Event: 47.411 Thread 0x0000026f222673d0 flushing  nmethod 0x0000026f0f990a10
Event: 47.411 Thread 0x0000026f222673d0 flushing  nmethod 0x0000026f0e98e410
Event: 47.411 Thread 0x0000026f222673d0 flushing  nmethod 0x0000026f0ecbb190
Event: 47.411 Thread 0x0000026f222673d0 flushing  nmethod 0x0000026f0f072890
Event: 47.411 Thread 0x0000026f222673d0 flushing  nmethod 0x0000026f0f075290
Event: 47.411 Thread 0x0000026f222673d0 flushing  nmethod 0x0000026f0f15a010
Event: 47.411 Thread 0x0000026f222673d0 flushing  nmethod 0x0000026f0f18cc90
Event: 47.411 Thread 0x0000026f222673d0 flushing  nmethod 0x0000026f0f19a210
Event: 47.411 Thread 0x0000026f222673d0 flushing  nmethod 0x0000026f0f1b0b90
Event: 47.411 Thread 0x0000026f222673d0 flushing  nmethod 0x0000026f0f1e6990
Event: 47.411 Thread 0x0000026f222673d0 flushing  nmethod 0x0000026f0f208e90
Event: 47.411 Thread 0x0000026f222673d0 flushing  nmethod 0x0000026f0f2f1710
Event: 47.411 Thread 0x0000026f222673d0 flushing  nmethod 0x0000026f0f444410
Event: 47.411 Thread 0x0000026f222673d0 flushing  nmethod 0x0000026f0f58d190
Event: 47.411 Thread 0x0000026f222673d0 flushing  nmethod 0x0000026f0f6c1b90
Event: 47.411 Thread 0x0000026f222673d0 flushing  nmethod 0x0000026f0f85c010

Events (20 events):
Event: 32.364 Thread 0x0000026f22915240 Thread exited: 0x0000026f22915240
Event: 35.173 Thread 0x0000026f222ac690 Thread added: 0x0000026f22915240
Event: 35.343 Thread 0x0000026f22915240 Thread exited: 0x0000026f22915240
Event: 36.432 Thread 0x0000026f222ac690 Thread added: 0x0000026f22915240
Event: 36.635 Thread 0x0000026f22915240 Thread exited: 0x0000026f22915240
Event: 40.721 Thread 0x0000026f222ac690 Thread added: 0x0000026f22915240
Event: 41.231 Thread 0x0000026f22915240 Thread exited: 0x0000026f22915240
Event: 41.656 Thread 0x0000026f22294bb0 Thread added: 0x0000026f22915240
Event: 41.898 Thread 0x0000026f22915240 Thread exited: 0x0000026f22915240
Event: 42.271 Thread 0x0000026f222ac690 Thread added: 0x0000026f22915240
Event: 42.915 Thread 0x0000026f22915240 Thread exited: 0x0000026f22915240
Event: 43.757 Thread 0x0000026f222ac690 Thread added: 0x0000026f22915240
Event: 44.549 Thread 0x0000026f22915240 Thread exited: 0x0000026f22915240
Event: 44.762 Thread 0x0000026f222ac690 Thread added: 0x0000026f22915240
Event: 45.701 Thread 0x0000026f22915240 Thread exited: 0x0000026f22915240
Event: 45.966 Thread 0x0000026f222ac690 Thread added: 0x0000026f22915240
Event: 46.547 Thread 0x0000026f22915240 Thread exited: 0x0000026f22915240
Event: 46.689 Thread 0x0000026f22294bb0 Thread added: 0x0000026f22915240
Event: 46.955 Thread 0x0000026f22915240 Thread exited: 0x0000026f22915240
Event: 47.095 Thread 0x0000026f22294bb0 Thread added: 0x0000026f22915240


Dynamic libraries:
0x00007ff66ed30000 - 0x00007ff66ed3e000 	C:\Users\Inurum_Four\.antigravity\extensions\redhat.java-1.54.0-win32-x64\jre\21.0.10-win32-x86_64\bin\java.exe
0x00007ffe86d00000 - 0x00007ffe86f67000 	C:\WINDOWS\SYSTEM32\ntdll.dll
0x00007ffe84b10000 - 0x00007ffe84bd9000 	C:\WINDOWS\System32\KERNEL32.DLL
0x00007ffe83cf0000 - 0x00007ffe840e4000 	C:\WINDOWS\System32\KERNELBASE.dll
0x00007ffe83ba0000 - 0x00007ffe83ceb000 	C:\WINDOWS\System32\ucrtbase.dll
0x00007ffe6c1f0000 - 0x00007ffe6c208000 	C:\Users\Inurum_Four\.antigravity\extensions\redhat.java-1.54.0-win32-x64\jre\21.0.10-win32-x86_64\bin\jli.dll
0x00007ffe6d740000 - 0x00007ffe6d75e000 	C:\Users\Inurum_Four\.antigravity\extensions\redhat.java-1.54.0-win32-x64\jre\21.0.10-win32-x86_64\bin\VCRUNTIME140.dll
0x00007ffe85880000 - 0x00007ffe85a45000 	C:\WINDOWS\System32\USER32.dll
0x00007ffe83a00000 - 0x00007ffe83a27000 	C:\WINDOWS\System32\win32u.dll
0x00007ffe85a50000 - 0x00007ffe85a7b000 	C:\WINDOWS\System32\GDI32.dll
0x00007ffe84960000 - 0x00007ffe84a8b000 	C:\WINDOWS\System32\gdi32full.dll
0x00007ffe835d0000 - 0x00007ffe83673000 	C:\WINDOWS\System32\msvcp_win.dll
0x00007ffe76760000 - 0x00007ffe769f3000 	C:\WINDOWS\WinSxS\amd64_microsoft.windows.common-controls_6595b64144ccf1df_6.0.26100.8115_none_3e075c82e3354f9c\COMCTL32.dll
0x00007ffe85580000 - 0x00007ffe85629000 	C:\WINDOWS\System32\msvcrt.dll
0x00007ffe84c60000 - 0x00007ffe84c92000 	C:\WINDOWS\System32\IMM32.DLL
0x00007ffe80d20000 - 0x00007ffe80d2c000 	C:\Users\Inurum_Four\.antigravity\extensions\redhat.java-1.54.0-win32-x64\jre\21.0.10-win32-x86_64\bin\vcruntime140_1.dll
0x00007ffe60120000 - 0x00007ffe601ad000 	C:\Users\Inurum_Four\.antigravity\extensions\redhat.java-1.54.0-win32-x64\jre\21.0.10-win32-x86_64\bin\msvcp140.dll
0x00007ffe44e60000 - 0x00007ffe45c01000 	C:\Users\Inurum_Four\.antigravity\extensions\redhat.java-1.54.0-win32-x64\jre\21.0.10-win32-x86_64\bin\server\jvm.dll
0x00007ffe86b70000 - 0x00007ffe86c26000 	C:\WINDOWS\System32\ADVAPI32.dll
0x00007ffe857d0000 - 0x00007ffe85877000 	C:\WINDOWS\System32\sechost.dll
0x00007ffe85f70000 - 0x00007ffe86088000 	C:\WINDOWS\System32\RPCRT4.dll
0x00007ffe85740000 - 0x00007ffe857c0000 	C:\WINDOWS\System32\WS2_32.dll
0x00007ffe83430000 - 0x00007ffe8348e000 	C:\WINDOWS\SYSTEM32\POWRPROF.dll
0x00007ffe7a550000 - 0x00007ffe7a586000 	C:\WINDOWS\SYSTEM32\WINMM.dll
0x00007ffe7d460000 - 0x00007ffe7d46b000 	C:\WINDOWS\SYSTEM32\VERSION.dll
0x00007ffe83410000 - 0x00007ffe83424000 	C:\WINDOWS\SYSTEM32\UMPDC.dll
0x00007ffe82320000 - 0x00007ffe8233b000 	C:\WINDOWS\SYSTEM32\kernel.appcore.dll
0x00007ffe7ee30000 - 0x00007ffe7ee3a000 	C:\Users\Inurum_Four\.antigravity\extensions\redhat.java-1.54.0-win32-x64\jre\21.0.10-win32-x86_64\bin\jimage.dll
0x00007ffe76a00000 - 0x00007ffe76c42000 	C:\WINDOWS\SYSTEM32\DBGHELP.DLL
0x00007ffe85a80000 - 0x00007ffe85e02000 	C:\WINDOWS\System32\combase.dll
0x00007ffe86120000 - 0x00007ffe861f8000 	C:\WINDOWS\System32\OLEAUT32.dll
0x00007ffe75960000 - 0x00007ffe7599b000 	C:\WINDOWS\SYSTEM32\dbgcore.DLL
0x00007ffe83a30000 - 0x00007ffe83ad5000 	C:\WINDOWS\System32\bcryptPrimitives.dll
0x00007ffe6d760000 - 0x00007ffe6d780000 	C:\Users\Inurum_Four\.antigravity\extensions\redhat.java-1.54.0-win32-x64\jre\21.0.10-win32-x86_64\bin\java.dll
0x00007ffe86400000 - 0x00007ffe86b67000 	C:\WINDOWS\System32\SHELL32.dll
0x00007ffe83680000 - 0x00007ffe837ea000 	C:\WINDOWS\System32\wintypes.dll
0x00007ffe840f0000 - 0x00007ffe84958000 	C:\WINDOWS\System32\windows.storage.dll
0x00007ffe85430000 - 0x00007ffe85528000 	C:\WINDOWS\System32\SHCORE.dll
0x00007ffe86c50000 - 0x00007ffe86cb6000 	C:\WINDOWS\System32\shlwapi.dll
0x00007ffe834f0000 - 0x00007ffe83519000 	C:\WINDOWS\SYSTEM32\profapi.dll
0x00007ffe6ab00000 - 0x00007ffe6ab18000 	C:\Users\Inurum_Four\.antigravity\extensions\redhat.java-1.54.0-win32-x64\jre\21.0.10-win32-x86_64\bin\zip.dll
0x00007ffe7edf0000 - 0x00007ffe7ee00000 	C:\Users\Inurum_Four\.antigravity\extensions\redhat.java-1.54.0-win32-x64\jre\21.0.10-win32-x86_64\bin\net.dll
0x00007ffe7d8d0000 - 0x00007ffe7d9fd000 	C:\WINDOWS\SYSTEM32\WINHTTP.dll
0x00007ffe82870000 - 0x00007ffe828dc000 	C:\WINDOWS\system32\mswsock.dll
0x00007ffe66280000 - 0x00007ffe66296000 	C:\Users\Inurum_Four\.antigravity\extensions\redhat.java-1.54.0-win32-x64\jre\21.0.10-win32-x86_64\bin\nio.dll
0x00007ffe701e0000 - 0x00007ffe701f0000 	C:\Users\Inurum_Four\.antigravity\extensions\redhat.java-1.54.0-win32-x64\jre\21.0.10-win32-x86_64\bin\verify.dll
0x00007ffe7ee90000 - 0x00007ffe7eeb7000 	C:\Users\Inurum_Four\.gradle\native\68d5fa5c4cc2d200863cafc0d521ce42e7d3e7ee720ec0a83991735586a16f82\windows-amd64\native-platform.dll
0x00007ffe58a00000 - 0x00007ffe58b44000 	C:\Users\Inurum_Four\.gradle\native\e376f236ea51e6404a007f0833ffe2c6e607c4080706a723a18a27aeea778392\windows-amd64\native-platform-file-events.dll
0x00007ffe7ee50000 - 0x00007ffe7ee5a000 	C:\Users\Inurum_Four\.antigravity\extensions\redhat.java-1.54.0-win32-x64\jre\21.0.10-win32-x86_64\bin\management.dll
0x00007ffe7ee40000 - 0x00007ffe7ee4c000 	C:\Users\Inurum_Four\.antigravity\extensions\redhat.java-1.54.0-win32-x64\jre\21.0.10-win32-x86_64\bin\management_ext.dll
0x00007ffe85730000 - 0x00007ffe85738000 	C:\WINDOWS\System32\PSAPI.DLL
0x00007ffe82c70000 - 0x00007ffe82c8b000 	C:\WINDOWS\SYSTEM32\CRYPTSP.dll
0x00007ffe82280000 - 0x00007ffe822b9000 	C:\WINDOWS\system32\rsaenh.dll
0x00007ffe82920000 - 0x00007ffe82953000 	C:\WINDOWS\SYSTEM32\USERENV.dll
0x00007ffe834c0000 - 0x00007ffe834ea000 	C:\WINDOWS\SYSTEM32\bcrypt.dll
0x00007ffe82ad0000 - 0x00007ffe82adc000 	C:\WINDOWS\SYSTEM32\CRYPTBASE.dll
0x00007ffe81d00000 - 0x00007ffe81d32000 	C:\WINDOWS\SYSTEM32\IPHLPAPI.DLL
0x00007ffe86c30000 - 0x00007ffe86c3a000 	C:\WINDOWS\System32\NSI.dll
0x00007ffe7eee0000 - 0x00007ffe7eee9000 	C:\Users\Inurum_Four\.antigravity\extensions\redhat.java-1.54.0-win32-x64\jre\21.0.10-win32-x86_64\bin\extnet.dll
0x00007ffe7eef0000 - 0x00007ffe7eefe000 	C:\Users\Inurum_Four\.antigravity\extensions\redhat.java-1.54.0-win32-x64\jre\21.0.10-win32-x86_64\bin\sunmscapi.dll
0x00007ffe83880000 - 0x00007ffe839f7000 	C:\WINDOWS\System32\CRYPT32.dll
0x00007ffe82dd0000 - 0x00007ffe82e00000 	C:\WINDOWS\SYSTEM32\ncrypt.dll
0x00007ffe82d80000 - 0x00007ffe82dbf000 	C:\WINDOWS\SYSTEM32\NTASN1.dll
0x00007ffe63c50000 - 0x00007ffe63c58000 	C:\WINDOWS\system32\wshunix.dll

JVMTI agents: none

dbghelp: loaded successfully - version: 4.0.5 - missing functions: none
symbol engine: initialized successfully - sym options: 0x614 - pdb path: .;C:\Users\Inurum_Four\.antigravity\extensions\redhat.java-1.54.0-win32-x64\jre\21.0.10-win32-x86_64\bin;C:\WINDOWS\SYSTEM32;C:\WINDOWS\WinSxS\amd64_microsoft.windows.common-controls_6595b64144ccf1df_6.0.26100.8115_none_3e075c82e3354f9c;C:\Users\Inurum_Four\.antigravity\extensions\redhat.java-1.54.0-win32-x64\jre\21.0.10-win32-x86_64\bin\server;C:\Users\Inurum_Four\.gradle\native\68d5fa5c4cc2d200863cafc0d521ce42e7d3e7ee720ec0a83991735586a16f82\windows-amd64;C:\Users\Inurum_Four\.gradle\native\e376f236ea51e6404a007f0833ffe2c6e607c4080706a723a18a27aeea778392\windows-amd64

VM Arguments:
jvm_args: --add-opens=java.base/java.util=ALL-UNNAMED --add-opens=java.base/java.lang=ALL-UNNAMED --add-opens=java.base/java.lang.invoke=ALL-UNNAMED --add-opens=java.prefs/java.util.prefs=ALL-UNNAMED --add-opens=java.base/java.nio.charset=ALL-UNNAMED --add-opens=java.base/java.net=ALL-UNNAMED --add-opens=java.base/java.util.concurrent.atomic=ALL-UNNAMED -Xmx1536M -Dfile.encoding=utf8 -Duser.country=IN -Duser.language=en -Duser.variant 
java_command: org.gradle.launcher.daemon.bootstrap.GradleDaemon 7.6
java_class_path (initial): C:\Users\Inurum_Four\.gradle\wrapper\dists\gradle-7.6-all\9f832ih6bniajn45pbmqhk2cw\gradle-7.6\lib\gradle-launcher-7.6.jar
Launcher Type: SUN_STANDARD

[Global flags]
     intx CICompilerCount                          = 4                                         {product} {ergonomic}
     uint ConcGCThreads                            = 2                                         {product} {ergonomic}
     uint G1ConcRefinementThreads                  = 8                                         {product} {ergonomic}
   size_t G1HeapRegionSize                         = 1048576                                   {product} {ergonomic}
    uintx GCDrainStackTargetSize                   = 64                                        {product} {ergonomic}
   size_t InitialHeapSize                          = 266338304                                 {product} {ergonomic}
   size_t MarkStackSize                            = 4194304                                   {product} {ergonomic}
   size_t MaxHeapSize                              = 1610612736                                {product} {command line}
   size_t MaxNewSize                               = 965738496                                 {product} {ergonomic}
   size_t MinHeapDeltaBytes                        = 1048576                                   {product} {ergonomic}
   size_t MinHeapSize                              = 8388608                                   {product} {ergonomic}
    uintx NonNMethodCodeHeapSize                   = 5839372                                {pd product} {ergonomic}
    uintx NonProfiledCodeHeapSize                  = 122909434                              {pd product} {ergonomic}
    uintx ProfiledCodeHeapSize                     = 122909434                              {pd product} {ergonomic}
    uintx ReservedCodeCacheSize                    = 251658240                              {pd product} {ergonomic}
     bool SegmentedCodeCache                       = true                                      {product} {ergonomic}
   size_t SoftMaxHeapSize                          = 1610612736                             {manageable} {ergonomic}
     bool UseCompressedOops                        = true                           {product lp64_product} {ergonomic}
     bool UseG1GC                                  = true                                      {product} {ergonomic}
     bool UseLargePagesIndividualAllocation        = false                                  {pd product} {ergonomic}

Logging:
Log output configuration:
 #0: stdout all=warning uptime,level,tags foldmultilines=false
 #1: stderr all=off uptime,level,tags foldmultilines=false

Release file:
JAVA_VERSION="21.0.10" 
MODULES="java.base java.compiler java.datatransfer java.xml java.prefs java.desktop java.instrument java.logging java.management java.security.sasl java.naming java.rmi java.management.rmi java.net.http java.scripting java.security.jgss java.transaction.xa java.sql java.sql.rowset java.xml.crypto java.se java.smartcardio jdk.accessibility jdk.internal.jvmstat jdk.attach jdk.charsets jdk.internal.opt jdk.zipfs jdk.compiler jdk.crypto.ec jdk.crypto.cryptoki jdk.crypto.mscapi jdk.dynalink jdk.internal.ed jdk.editpad jdk.hotspot.agent jdk.httpserver jdk.internal.le jdk.internal.vm.ci jdk.internal.vm.compiler jdk.internal.vm.compiler.management jdk.jartool jdk.javadoc jdk.jcmd jdk.management jdk.management.agent jdk.jconsole jdk.jdeps jdk.jdwp.agent jdk.jdi jdk.jfr jdk.jshell jdk.jsobject jdk.jstatd jdk.localedata jdk.management.jfr jdk.naming.dns jdk.naming.rmi jdk.net jdk.nio.mapmode jdk.random jdk.sctp jdk.security.auth jdk.security.jgss jdk.unsupported jdk.unsupported.desktop jdk.xml.dom" 

Environment Variables:
JAVA_HOME=C:\Program Files\Java\jdk-17
PATH=C:\Program Files\Common Files\Oracle\Java\javapath;C:\WINDOWS\system32;C:\WINDOWS;C:\WINDOWS\System32\Wbem;C:\WINDOWS\System32\WindowsPowerShell\v1.0\;C:\WINDOWS\System32\OpenSSH\;C:\src\flutter\bin;C:\Program Files\Git\cmd;C:\Users\Inurum_Four\AppData\Roaming\npm;C:\Program Files\nodejs\;C:\Users\Inurum_Four\AppData\Local\Programs\Python\Python311\Scripts\;C:\Users\Inurum_Four\AppData\Local\Programs\Python\Python311\;C:\Users\Inurum_Four\AppData\Local\Programs\Python\Python314\Scripts\;C:\Users\Inurum_Four\AppData\Local\Programs\Python\Python314\;C:\Users\Inurum_Four\AppData\Local\Microsoft\WindowsApps;C:\src\flutter\bin;C:\Users\Inurum_Four\AppData\Local\Programs\Microsoft VS Code\bin;C:\Program Files\nodejs\;C:\Users\Inurum_Four\AppData\Local\Pub\Cache\bin;C:\Users\Inurum_Four\AppData\Roaming\npm;C:\Users\Inurum_Four\AppData\Local\Programs\Antigravity\bin
USERNAME=Inurum_Four
OS=Windows_NT
PROCESSOR_IDENTIFIER=Intel64 Family 6 Model 151 Stepping 5, GenuineIntel
TMP=C:\Users\INURUM~1\AppData\Local\Temp
TEMP=C:\Users\INURUM~1\AppData\Local\Temp




Periodic native trim disabled

---------------  S Y S T E M  ---------------

OS:
 Windows 11 , 64 bit Build 26100 (10.0.26100.8246)
OS uptime: 0 days 4:58 hours
Hyper-V role detected

CPU: total 8 (initial active 8) (4 cores per cpu, 2 threads per core) family 6 model 151 stepping 5 microcode 0x18, cx8, cmov, fxsr, ht, mmx, 3dnowpref, sse, sse2, sse3, ssse3, sse4.1, sse4.2, popcnt, lzcnt, tsc, tscinvbit, avx, avx2, aes, erms, clmul, bmi1, bmi2, adx, sha, fma, vzeroupper, clflush, clflushopt, clwb, hv, serialize, rdtscp, rdpid, fsrm, f16c, cet_ibt, cet_ss
Processor Information for the first 8 processors :
  Max Mhz: 3300, Current Mhz: 3300, Mhz Limit: 3300

Memory: 4k page, system-wide physical 16197M (2094M free)
TotalPageFile size 30440M (AvailPageFile size 42M)
current process WorkingSet (physical memory assigned to process): 602M, peak: 603M
current process commit charge ("private bytes"): 642M, peak: 710M

vm_info: OpenJDK 64-Bit Server VM (21.0.10+7-LTS) for windows-amd64 JRE (21.0.10+7-LTS), built on 2026-01-20T00:00:00Z by "admin" with MS VC++ 17.12 (VS2022)

END.
