JvmtiExport can_access_local_variables 0
JvmtiExport can_hotswap_or_post_breakpoint 0
JvmtiExport can_post_on_exceptions 0
# 278 ciObject found
ciInstanceKlass java/lang/Cloneable 1 1 7 100 1 100 1 1 1
instanceKlass jdk/internal/math/FormattedFloatingDecimal$2
instanceKlass jdk/internal/math/FormattedFloatingDecimal
instanceKlass java/rmi/server/Unreferenced
instanceKlass java/lang/StackStreamFactory$FrameBuffer
instanceKlass java/lang/StackStreamFactory$1
instanceKlass java/lang/StackStreamFactory
instanceKlass org/gradle/internal/snapshot/DirectorySnapshot$1$1
instanceKlass org/gradle/internal/snapshot/DirectorySnapshot$1
instanceKlass org/gradle/launcher/daemon/registry/DaemonStopEvent$Serializer
instanceKlass org/gradle/launcher/daemon/registry/DaemonStopEvent
instanceKlass org/gradle/internal/remote/internal/inet/SocketConnection$1
instanceKlass java/util/concurrent/ForkJoinTask$Aux
instanceKlass java/net/UrlDeserializedState
instanceKlass java/util/Locale$1
instanceKlass org/gradle/internal/work/DefaultWorkerLeaseService$1
instanceKlass org/gradle/cache/internal/DefaultCleanupProgressMonitor
instanceKlass org/gradle/cache/CleanupProgressMonitor
instanceKlass org/gradle/initialization/layout/ProjectCacheDir$1
instanceKlass org/gradle/cache/internal/VersionSpecificCacheCleanupAction
instanceKlass java/time/Instant$1
instanceKlass org/gradle/launcher/exec/BuildActionResult
instanceKlass org/gradle/internal/serialize/NestedExceptionPlaceholder
instanceKlass org/gradle/internal/serialize/ExceptionPlaceholder$2
instanceKlass org/gradle/internal/serialize/ExceptionPlaceholder$Java14NullPointerExceptionUsefulMessageSupport
instanceKlass org/gradle/internal/serialize/StackTraceElementPlaceholder
instanceKlass org/gradle/internal/serialize/ExceptionReplacingObjectOutputStream$2
instanceKlass org/gradle/internal/serialize/PlaceholderExceptionSupport
instanceKlass java/lang/Throwable$PrintStreamOrWriter
instanceKlass org/gradle/tooling/internal/provider/serialization/WellKnownClassLoaderRegistry$1
instanceKlass org/gradle/tooling/internal/provider/serialization/DefaultPayloadClassLoaderRegistry$1
instanceKlass org/gradle/api/internal/cache/DefaultCacheConfigurations$MustBeConfiguredCleanupFrequency
instanceKlass org/gradle/execution/DefaultCancellableOperationManager
instanceKlass org/gradle/util/internal/DisconnectableInputStream$1
instanceKlass org/gradle/util/internal/DisconnectableInputStream$ThreadExecuter
instanceKlass org/gradle/internal/build/event/types/DefaultProblemDetails
instanceKlass org/gradle/tooling/internal/protocol/InternalBasicProblemDetailsVersion4
instanceKlass org/gradle/tooling/internal/protocol/InternalProblemGroup
instanceKlass org/gradle/tooling/internal/protocol/InternalProblemId
instanceKlass org/gradle/tooling/internal/protocol/problem/InternalDetails
instanceKlass org/gradle/tooling/internal/protocol/InternalProblemEventVersion2
instanceKlass org/gradle/tooling/internal/protocol/events/InternalProblemDescriptor
instanceKlass org/gradle/tooling/internal/protocol/problem/InternalAdditionalData
instanceKlass org/gradle/tooling/internal/protocol/problem/InternalContextualLabel
instanceKlass org/gradle/tooling/internal/protocol/problem/InternalDocumentationLink
instanceKlass org/gradle/tooling/internal/protocol/InternalProblemDefinition
instanceKlass org/gradle/tooling/internal/protocol/problem/InternalSeverity
instanceKlass org/gradle/tooling/internal/provider/runner/ProblemsProgressEventUtils
instanceKlass org/gradle/launcher/exec/RunAsBuildOperationBuildActionExecutor$DefaultRunBuildResult
instanceKlass org/gradle/launcher/exec/RunBuildBuildOperationType$Result
instanceKlass org/gradle/internal/work/DefaultWorkerLeaseService$ConfiguredRegistries$1
instanceKlass org/gradle/internal/watch/vfs/impl/WatchingVirtualFileSystem$2$1
instanceKlass org/gradle/internal/watch/vfs/BuildFinishedFileSystemWatchingBuildOperationType$Result
instanceKlass org/gradle/internal/watch/vfs/impl/DefaultFileSystemWatchingStatistics$VirtualFileSystemStatistics
instanceKlass org/gradle/internal/watch/vfs/impl/DefaultFileSystemWatchingStatistics
instanceKlass org/gradle/internal/snapshot/SnapshotHierarchy$NodeDiffListener$1
instanceKlass org/gradle/internal/watch/registry/impl/WatchableHierarchies$InvalidatorVisitor
instanceKlass org/gradle/internal/watch/registry/impl/DefaultFileWatcherRegistry$2
instanceKlass org/gradle/internal/watch/vfs/BuildFinishedFileSystemWatchingBuildOperationType$Details$1
instanceKlass org/gradle/internal/watch/vfs/BuildFinishedFileSystemWatchingBuildOperationType$Details
instanceKlass org/gradle/internal/watch/vfs/impl/WatchingVirtualFileSystem$2
instanceKlass org/gradle/api/internal/tasks/execution/statistics/TaskExecutionStatistics
instanceKlass org/gradle/internal/buildevents/TaskExecutionStatisticsReporter
instanceKlass org/gradle/internal/buildevents/ContextAwareExceptionHandler
instanceKlass org/gradle/internal/logging/text/AbstractStyledTextOutput$StyleOverrideTextOutput
instanceKlass org/gradle/internal/logging/text/BufferingStyledTextOutput$ChangeStyleAction
instanceKlass org/gradle/internal/buildevents/BuildExceptionReporter$ContextImpl
instanceKlass org/gradle/internal/logging/text/BufferingStyledTextOutput$1
instanceKlass org/gradle/internal/buildevents/BuildExceptionReporter$FailureDetails
instanceKlass org/gradle/api/problems/internal/ExceptionProblemRegistry$DefaultProblemLocator
instanceKlass org/gradle/api/problems/internal/DefaultProblemsSummaryProgressDetails
instanceKlass org/gradle/api/problems/internal/ProblemsSummaryProgressDetails
instanceKlass sun/nio/fs/WindowsSecurity$Privilege
instanceKlass com/fasterxml/jackson/core/io/NumberOutput
instanceKlass org/gradle/internal/configuration/problems/CommonReport$State$Spooling$commitReportTo$reportFile$1
instanceKlass org/gradle/problems/internal/impl/DefaultProblemsReportCreator$createReportFile$1
instanceKlass org/gradle/api/problems/internal/ProblemSummaryData
instanceKlass org/gradle/problems/buildtree/ProblemReporter$ProblemConsumer
instanceKlass org/jetbrains/kotlin/statistics/metrics/MetricPoliciesKt
instanceKlass org/jetbrains/kotlin/gradle/plugin/internal/state/TaskLoggers
instanceKlass org/jetbrains/kotlin/statistics/BuildSessionLogger$Companion$listProfileFiles$lambda$4$$inlined$sortedBy$1
instanceKlass org/jetbrains/kotlin/statistics/AnonymizerUtilsKt
instanceKlass org/jetbrains/kotlin/statistics/fileloggers/MetricsContainer$MetricDescriptor
instanceKlass org/jetbrains/kotlin/statistics/BuildSession
instanceKlass org/jetbrains/kotlin/gradle/plugin/statistics/DaemonReuseCounter$Companion
instanceKlass org/jetbrains/kotlin/gradle/plugin/statistics/DaemonReuseCounter
instanceKlass org/jetbrains/kotlin/gradle/plugin/statistics/IDaemonReuseCounterMXBean
instanceKlass org/jetbrains/kotlin/statistics/metrics/OverrideMetricContainer
instanceKlass org/jetbrains/kotlin/statistics/metrics/IMetricContainer
instanceKlass org/jetbrains/kotlin/gradle/plugin/statistics/NonSynchronizedMetricsContainer$MetricDescriptor
instanceKlass org/jetbrains/kotlin/statistics/metrics/StatisticsValuesConsumer$DefaultImpls
instanceKlass org/jetbrains/kotlin/gradle/plugin/statistics/BuildFinishMetrics
instanceKlass java/time/Clock
instanceKlass java/time/InstantSource
instanceKlass java/util/logging/LogRecord
instanceKlass org/codehaus/groovy/runtime/StackTraceUtils
instanceKlass org/gradle/internal/exceptions/Contextual
instanceKlass org/jetbrains/kotlin/statistics/metrics/MetricPoliciesKt
instanceKlass org/jetbrains/kotlin/statistics/BuildSessionLogger$Companion$listProfileFiles$lambda$4$$inlined$sortedBy$1
instanceKlass org/jetbrains/kotlin/statistics/AnonymizerUtilsKt
instanceKlass org/jetbrains/kotlin/statistics/fileloggers/MetricsContainer$MetricDescriptor
instanceKlass sun/reflect/misc/Trampoline
instanceKlass sun/reflect/misc/MethodUtil$1
instanceKlass org/jetbrains/kotlin/gradle/plugin/statistics/DaemonReuseCounter$Companion
instanceKlass org/jetbrains/kotlin/gradle/plugin/statistics/DaemonReuseCounter
instanceKlass org/jetbrains/kotlin/gradle/plugin/statistics/IDaemonReuseCounterMXBean
instanceKlass org/jetbrains/kotlin/gradle/plugin/statistics/BuildFinishMetrics
instanceKlass org/gradle/internal/flow/services/FlowScheduler$injectableServicesOf$1
instanceKlass org/gradle/internal/flow/services/FlowScheduler$schedule$1
instanceKlass org/gradle/internal/flow/services/BuildFlowScope$setBuildWorkResult$1$1
instanceKlass org/gradle/api/flow/BuildWorkResult
instanceKlass org/gradle/composite/internal/OperationFiringBuildTreeFinishExecutor$1
instanceKlass org/gradle/internal/exceptions/CompilationFailedIndicator
instanceKlass org/gradle/internal/problems/failure/FailurePrinter$Job
instanceKlass org/gradle/internal/problems/failure/FailurePrinterListener$1
instanceKlass org/gradle/internal/problems/failure/FailurePrinterListener
instanceKlass org/gradle/internal/problems/failure/FailurePrinter
instanceKlass org/gradle/tooling/internal/protocol/InternalBasicProblemDetailsVersion3
instanceKlass org/gradle/tooling/internal/protocol/problem/InternalProblemDetailsVersion2
instanceKlass org/gradle/internal/build/event/types/DefaultFailure
instanceKlass org/gradle/tooling/internal/protocol/InternalFailure
instanceKlass org/gradle/plugins/ide/internal/configurer/EclipseModelAwareUniqueProjectNameProvider$ProjectPathDeduplicationAdapter
instanceKlass org/gradle/plugins/ide/internal/configurer/EclipseModelAwareUniqueProjectNameProvider$ProjectStateWrapper
instanceKlass org/gradle/api/internal/tasks/DefaultTaskContainer$5
instanceKlass org/gradle/api/internal/project/DefaultProject$1
instanceKlass org/gradle/api/tasks/wrapper/internal/GradleVersionResolver$GradleVersionRequest
instanceKlass org/gradle/api/tasks/wrapper/internal/WrapperDefaults
instanceKlass org/gradle/api/tasks/wrapper/internal/GradleVersionResolver
instanceKlass org/gradle/platform/internal/DefaultBuildPlatform
instanceKlass org/gradle/platform/BuildPlatformFactory
instanceKlass org/gradle/platform/BuildPlatform
instanceKlass org/gradle/buildinit/plugins/internal/modifiers/Names
instanceKlass org/gradle/buildinit/plugins/internal/CompositeProjectInitDescriptor
instanceKlass org/gradle/buildinit/plugins/internal/LanguageSpecificAdaptor
instanceKlass org/gradle/buildinit/plugins/internal/model/Description
instanceKlass org/gradle/buildinit/plugins/internal/LanguageLibraryProjectInitDescriptor
instanceKlass org/gradle/unexported/buildinit/plugins/internal/maven/PomProjectInitDescriptor
instanceKlass org/gradle/buildinit/plugins/internal/BasicProjectGenerator
instanceKlass org/gradle/buildinit/plugins/internal/AbstractBuildGenerator
instanceKlass org/gradle/buildinit/plugins/internal/GradlePropertiesGenerator
instanceKlass org/gradle/buildinit/plugins/internal/GitAttributesGenerator
instanceKlass org/gradle/buildinit/plugins/internal/GitIgnoreGenerator
instanceKlass org/gradle/buildinit/plugins/internal/ResourceDirsGenerator
instanceKlass org/gradle/buildinit/plugins/internal/SimpleGlobalFilesBuildSettingsDescriptor
instanceKlass org/gradle/buildinit/plugins/internal/DefaultTemplateLibraryVersionProvider
instanceKlass org/gradle/buildinit/plugins/internal/TemplateOperationFactory
instanceKlass org/gradle/buildinit/plugins/internal/BuildScriptBuilderFactory
instanceKlass org/gradle/buildinit/plugins/internal/LanguageSpecificProjectGenerator
instanceKlass org/gradle/buildinit/plugins/internal/TemplateLibraryVersionProvider
instanceKlass org/gradle/buildinit/plugins/internal/BuildConverter
instanceKlass org/gradle/buildinit/plugins/internal/ProjectGenerator
instanceKlass org/gradle/buildinit/plugins/internal/BuildContentGenerator
instanceKlass org/gradle/buildinit/plugins/internal/services/ProjectLayoutSetupRegistryFactory
instanceKlass org/gradle/buildinit/plugins/internal/GenerationSettings
instanceKlass org/gradle/buildinit/plugins/internal/BuildGenerator
instanceKlass org/gradle/buildinit/plugins/internal/modifiers/WithIdentifier
instanceKlass org/gradle/buildinit/specs/BuildInitGenerator
instanceKlass org/gradle/api/internal/tasks/userinput/UserQuestions
instanceKlass org/gradle/buildinit/specs/BuildInitConfig
instanceKlass org/gradle/buildinit/plugins/internal/BuildInitializer
instanceKlass com/flutter/gradle/FlutterPlugin$addTaskForLockfileGeneration$1$1
instanceKlass org/gradle/plugins/ide/internal/DefaultIdeArtifactRegistry$1
instanceKlass com/android/build/gradle/internal/tasks/AppMetadataTask$Companion
instanceKlass com/android/build/gradle/internal/tasks/ValidateSigningTask$CreationAction$configure$2
instanceKlass com/android/build/gradle/internal/lint/AndroidLintTask$VariantCreationAction$configure$4
instanceKlass org/jetbrains/kotlin/gradle/plugin/abi/internal/ConfigsKt$configureLegacyTasks$2$1
instanceKlass org/jetbrains/kotlin/gradle/plugin/abi/internal/ConfigsKt$configureLegacyTasks$updateTaskProvider$1$2
instanceKlass org/jetbrains/kotlin/gradle/plugin/abi/internal/ConfigsKt$configureLegacyTasks$updateTaskProvider$1$1
instanceKlass org/jetbrains/kotlin/gradle/tasks/abi/KotlinAbiUpdateTask$Companion
instanceKlass org/gradle/api/internal/tasks/testing/TestExecutableUtils
instanceKlass com/android/build/gradle/internal/core/dsl/impl/features/UnitTestOptionsDslInfoImpl
instanceKlass com/android/build/gradle/internal/core/dsl/features/UnitTestOptionsDslInfo
instanceKlass org/gradle/testing/jacoco/plugins/JacocoTaskExtension
instanceKlass com/android/build/gradle/tasks/GenerateTestConfig$TestConfigInputs
instanceKlass org/gradle/api/tasks/diagnostics/internal/RuleDetails
instanceKlass org/gradle/api/tasks/diagnostics/TaskReportTask$ComputedTaskReportModel
instanceKlass org/gradle/api/tasks/diagnostics/internal/SingleProjectTaskReportModel
instanceKlass org/gradle/api/tasks/diagnostics/internal/DefaultGroupTaskReportModel
instanceKlass org/gradle/api/tasks/diagnostics/TaskReportTask$ProjectReportModel
instanceKlass org/gradle/api/tasks/diagnostics/internal/TaskReportModel
instanceKlass com/android/build/gradle/internal/tasks/SigningReportTask$ComponentSigningDetails
instanceKlass com/android/build/gradle/internal/tasks/SigningReportTask$SigningInfo
instanceKlass com/android/build/gradle/internal/signing/SigningConfigData
instanceKlass com/google/crypto/tink/proto/HpkeParamsOrBuilder
instanceKlass com/google/crypto/tink/proto/HpkeAead$1
instanceKlass com/google/crypto/tink/proto/HpkeKdf$1
instanceKlass com/google/crypto/tink/proto/HpkeKem$1
instanceKlass com/google/crypto/tink/proto/HpkeKeyFormatOrBuilder
instanceKlass com/google/crypto/tink/proto/HpkePublicKeyOrBuilder
instanceKlass com/google/crypto/tink/proto/HpkePrivateKeyOrBuilder
instanceKlass com/google/protobuf/Utf8$Processor
instanceKlass com/google/protobuf/Utf8
instanceKlass com/google/crypto/tink/proto/EciesAeadDemParamsOrBuilder
instanceKlass com/google/crypto/tink/hybrid/EciesAeadHkdfPrivateKeyManager$3
instanceKlass com/google/crypto/tink/proto/EciesHkdfKemParamsOrBuilder
instanceKlass com/google/crypto/tink/proto/EciesAeadHkdfParamsOrBuilder
instanceKlass com/google/crypto/tink/KeyTemplates
instanceKlass com/google/crypto/tink/proto/EcPointFormat$1
instanceKlass com/google/crypto/tink/proto/EllipticCurveType$1
instanceKlass com/google/crypto/tink/proto/EciesAeadHkdfKeyFormatOrBuilder
instanceKlass com/google/crypto/tink/PrivateKeyManager
instanceKlass com/google/crypto/tink/KeyManagerRegistry$3
instanceKlass com/google/crypto/tink/proto/XChaCha20Poly1305KeyFormatOrBuilder
instanceKlass com/google/crypto/tink/proto/KmsEnvelopeAeadKeyFormatOrBuilder
instanceKlass com/google/crypto/tink/proto/KmsAeadKeyFormatOrBuilder
instanceKlass com/google/crypto/tink/proto/ChaCha20Poly1305KeyFormatOrBuilder
instanceKlass com/google/crypto/tink/proto/AesEaxParamsOrBuilder
instanceKlass com/google/crypto/tink/proto/AesEaxKeyFormatOrBuilder
instanceKlass com/google/crypto/tink/proto/AesGcmKeyFormatOrBuilder
instanceKlass com/google/crypto/tink/proto/AesCtrParamsOrBuilder
instanceKlass com/google/crypto/tink/proto/AesCtrKeyFormatOrBuilder
instanceKlass com/google/crypto/tink/proto/AesCtrHmacAeadKeyFormatOrBuilder
instanceKlass com/google/crypto/tink/internal/SerializationRegistry$ParserIndex
instanceKlass com/google/crypto/tink/internal/SerializationRegistry$SerializerIndex
instanceKlass com/google/crypto/tink/internal/SerializationRegistry
instanceKlass com/google/crypto/tink/internal/SerializationRegistry$Builder
instanceKlass com/google/crypto/tink/internal/MutableSerializationRegistry
instanceKlass com/google/crypto/tink/internal/KeyParser
instanceKlass com/google/crypto/tink/internal/KeyParser$KeyParsingFunction
instanceKlass com/google/crypto/tink/internal/KeySerializer
instanceKlass com/google/crypto/tink/internal/ProtoKeySerialization
instanceKlass com/google/crypto/tink/SecretKeyAccess
instanceKlass com/google/crypto/tink/Key
instanceKlass com/google/crypto/tink/internal/KeySerializer$KeySerializationFunction
instanceKlass com/google/crypto/tink/internal/ParametersParser
instanceKlass com/google/crypto/tink/internal/ParametersParser$ParametersParsingFunction
instanceKlass com/google/crypto/tink/internal/ParametersSerializer
instanceKlass com/google/crypto/tink/internal/ProtoParametersSerialization
instanceKlass com/google/crypto/tink/internal/Serialization
instanceKlass com/google/crypto/tink/Parameters
instanceKlass com/google/crypto/tink/internal/ParametersSerializer$ParametersSerializationFunction
instanceKlass com/google/crypto/tink/util/Bytes
instanceKlass com/google/crypto/tink/internal/Util
instanceKlass com/google/crypto/tink/mac/AesCmacProtoSerialization
instanceKlass com/google/crypto/tink/proto/AesCmacParamsOrBuilder
instanceKlass com/google/crypto/tink/proto/AesCmacKeyFormatOrBuilder
instanceKlass com/google/crypto/tink/proto/AesCmacKeyOrBuilder
instanceKlass com/google/crypto/tink/config/TinkFips
instanceKlass com/google/crypto/tink/proto/OutputPrefixType$1
instanceKlass com/google/crypto/tink/KeyTemplate$1
instanceKlass com/google/protobuf/ByteString$2
instanceKlass com/google/protobuf/ByteString$ArraysByteArrayCopier
instanceKlass com/google/protobuf/ByteString$ByteIterator
instanceKlass com/google/protobuf/ByteString$ByteArrayCopier
instanceKlass com/google/crypto/tink/proto/KeyTemplateOrBuilder
instanceKlass com/google/crypto/tink/KeyTemplate
instanceKlass com/google/protobuf/WireFormat
instanceKlass com/google/protobuf/Android
instanceKlass com/google/protobuf/UnsafeUtil$1
instanceKlass com/google/protobuf/UnsafeUtil$MemoryAccessor
instanceKlass com/google/protobuf/UnsafeUtil
instanceKlass com/google/protobuf/Writer
instanceKlass com/google/protobuf/ByteOutput
instanceKlass com/google/crypto/tink/Registry$1
instanceKlass com/google/crypto/tink/proto/HmacParamsOrBuilder
instanceKlass com/google/crypto/tink/internal/KeyTypeManager$KeyFactory$KeyFormat
instanceKlass com/google/crypto/tink/proto/HashType$1
instanceKlass com/google/crypto/tink/proto/HmacKeyFormatOrBuilder
instanceKlass com/google/crypto/tink/KeyManagerImpl
instanceKlass com/google/crypto/tink/KeyManager
instanceKlass com/google/crypto/tink/KeyManagerRegistry$2
instanceKlass com/google/crypto/tink/config/internal/TinkFipsStatus
instanceKlass com/google/crypto/tink/config/internal/TinkFipsUtil
instanceKlass com/google/crypto/tink/mac/MacWrapper
instanceKlass com/google/crypto/tink/Mac
instanceKlass com/google/crypto/tink/prf/Prf
instanceKlass com/google/crypto/tink/proto/HmacKeyOrBuilder
instanceKlass com/google/crypto/tink/mac/MacConfig
instanceKlass com/google/crypto/tink/aead/AeadWrapper
instanceKlass com/google/crypto/tink/proto/XChaCha20Poly1305KeyOrBuilder
instanceKlass com/google/crypto/tink/proto/ChaCha20Poly1305KeyOrBuilder
instanceKlass com/google/crypto/tink/proto/KmsEnvelopeAeadKeyOrBuilder
instanceKlass com/google/crypto/tink/proto/KmsAeadKeyOrBuilder
instanceKlass com/google/crypto/tink/proto/AesEaxKeyOrBuilder
instanceKlass com/google/crypto/tink/proto/AesGcmSivKeyOrBuilder
instanceKlass com/google/crypto/tink/proto/AesGcmKeyOrBuilder
instanceKlass com/google/crypto/tink/Aead
instanceKlass com/google/crypto/tink/proto/AesCtrHmacAeadKeyOrBuilder
instanceKlass com/google/crypto/tink/aead/AeadConfig
instanceKlass com/google/crypto/tink/hybrid/HybridEncryptWrapper
instanceKlass com/google/crypto/tink/KeyManagerRegistry$KeyManagerContainer
instanceKlass com/google/crypto/tink/KeyManagerRegistry
instanceKlass com/google/crypto/tink/Registry$KeyDeriverContainer
instanceKlass com/google/crypto/tink/Registry
instanceKlass com/google/crypto/tink/hybrid/HybridDecryptWrapper
instanceKlass com/google/crypto/tink/PrimitiveWrapper
instanceKlass com/google/crypto/tink/proto/RegistryConfigOrBuilder
instanceKlass com/google/crypto/tink/HybridDecrypt
instanceKlass com/google/crypto/tink/proto/EciesAeadHkdfPrivateKeyOrBuilder
instanceKlass com/google/crypto/tink/internal/KeyTypeManager$KeyFactory
instanceKlass com/google/crypto/tink/HybridEncrypt
instanceKlass com/google/crypto/tink/subtle/EciesAeadHkdfDemHelper
instanceKlass com/google/crypto/tink/internal/PrimitiveFactory
instanceKlass com/google/crypto/tink/proto/EciesAeadHkdfPublicKeyOrBuilder
instanceKlass com/google/crypto/tink/internal/KeyTypeManager
instanceKlass com/google/crypto/tink/hybrid/HybridConfig
instanceKlass com/android/build/gradle/internal/tasks/SdkDependencyDataGeneratorTask$Companion
instanceKlass org/gradle/api/tasks/diagnostics/PropertyReportTask$PropertyReportModel
instanceKlass org/gradle/plugin/software/internal/SoftwareTypeImplementation
instanceKlass org/gradle/internal/graph/GraphRenderer
instanceKlass org/gradle/api/tasks/diagnostics/ProjectReportTask$ProjectReportModel
instanceKlass com/android/build/api/variant/impl/VariantOutputImpl$SerializedForm
instanceKlass com/android/manifmerger/ManifestMerger2$Invoker
instanceKlass com/android/build/gradle/tasks/ProcessApplicationManifest$Companion
instanceKlass com/android/build/gradle/internal/res/LinkApplicationAndroidResourcesTask$BaseCreationAction$configure$1
instanceKlass com/android/build/gradle/internal/res/LinkApplicationAndroidResourcesTask$Companion
instanceKlass com/android/build/gradle/tasks/ProcessTestManifest$Companion
instanceKlass com/android/manifmerger/MergingReport
instanceKlass com/android/build/gradle/internal/tasks/ProcessJavaResTaskKt$getProjectJavaRes$2$3
instanceKlass com/android/build/gradle/internal/tasks/ProcessJavaResTaskKt$getProjectJavaRes$2$2
instanceKlass com/android/build/gradle/internal/tasks/ProcessJavaResTaskKt$getProjectJavaRes$2$1
instanceKlass com/android/build/gradle/internal/tasks/ProcessJavaResTaskKt$getProjectJavaRes$1
instanceKlass com/android/build/api/variant/impl/FlatSourceDirectoriesImpl$getAsFileTrees$1
instanceKlass com/android/build/gradle/internal/tasks/ProcessJavaResTaskKt
instanceKlass com/flutter/gradle/FlutterPluginUtils$addTaskForPrintBuildVariants$2$1
instanceKlass com/android/build/gradle/internal/tasks/PrepareLintJarForPublishKt$getPublishedCustomLintChecks$1
instanceKlass com/android/build/gradle/internal/tasks/PrepareLintJarForPublishKt$getPublishedCustomLintChecks$attributes$1
instanceKlass com/android/build/gradle/internal/tasks/PrepareLintJarForPublishKt
instanceKlass com/android/build/gradle/internal/tasks/PrepareLintJarForPublish$Companion
instanceKlass com/android/build/gradle/internal/tasks/TestPreBuildTask$CreationAction$configure$3
instanceKlass com/android/build/gradle/internal/tasks/TestPreBuildTask$CreationAction$configure$2
instanceKlass com/android/build/gradle/internal/tasks/TestPreBuildTask$CreationAction$configure$1
instanceKlass com/android/build/gradle/internal/tasks/Info
instanceKlass com/android/build/gradle/internal/res/ParseLibraryResourcesTask$Companion
instanceKlass com/android/build/gradle/internal/tasks/PackageBundleTask$CreationAction$configure$1
instanceKlass com/android/build/gradle/internal/tasks/PackageBundleTaskKt
instanceKlass com/android/bundle/Config$BundleConfig$BundleType$1
instanceKlass com/android/bundle/Config$BundleConfigOrBuilder
instanceKlass com/android/build/gradle/internal/tasks/PackageBundleTask$AssetPackOptionsForAssetPackBundle
instanceKlass com/android/build/gradle/internal/tasks/PackageBundleTask$Companion
instanceKlass com/android/build/gradle/internal/tasks/PackageBundleTask$BundleOptions
instanceKlass com/android/build/api/variant/impl/SingleOutputHandler$singleOutputFileName$1
instanceKlass com/android/build/gradle/tasks/PackageAndroidArtifactKt$getPageSize$2
instanceKlass com/android/build/gradle/tasks/PackageAndroidArtifactKt
instanceKlass com/android/build/gradle/tasks/PackageAndroidArtifact$CreationAction$configure$1
instanceKlass org/gradle/api/tasks/diagnostics/internal/configurations/model/ConfigurationReportModel
instanceKlass org/gradle/api/tasks/diagnostics/configurations/ConfigurationReports
instanceKlass org/gradle/api/tasks/diagnostics/internal/configurations/spec/AbstractConfigurationReportSpec
instanceKlass com/android/build/gradle/internal/tasks/R8ResourceShrinkingParametersKt$initialize$1
instanceKlass com/android/build/api/variant/impl/BuiltArtifactsImpl
instanceKlass com/android/build/api/variant/BuiltArtifacts
instanceKlass com/android/ide/common/build/CommonBuiltArtifacts
instanceKlass com/android/build/api/variant/impl/BuiltArtifactImpl
instanceKlass com/android/ide/common/build/CommonBuiltArtifact
instanceKlass com/android/build/api/variant/BuiltArtifact
instanceKlass com/android/builder/dexing/ResourceShrinkingConfig
instanceKlass com/android/builder/dexing/ToolConfig
instanceKlass com/android/build/gradle/internal/tasks/R8Task$CreationAction$setBootClasspathForCodeShrinker$1
instanceKlass com/android/build/gradle/internal/tasks/R8Task$CreationAction$configure$1
instanceKlass com/android/build/gradle/internal/tasks/ProguardConfigurableTask$CreationAction$registerAarToRClassTransform$1
instanceKlass com/android/build/gradle/internal/dependency/AarToRClassTransform
instanceKlass com/android/build/gradle/internal/tasks/R8Task$Companion
instanceKlass com/android/build/gradle/internal/tasks/R8ResourceShrinkingParameters
instanceKlass com/android/builder/dexing/PartialShrinking
instanceKlass com/android/build/gradle/internal/tasks/R8ToolParameters
instanceKlass com/android/build/gradle/internal/tasks/MergeStartupProfileTask$CreationAction$configure$1$1
instanceKlass com/android/build/gradle/internal/tasks/MergeNativeDebugMetadataTask$Companion$WhenMappings
instanceKlass com/android/build/gradle/internal/tasks/MergeNativeDebugMetadataTask$Companion
instanceKlass com/android/build/gradle/tasks/MergeResources$CreationAction$configure$2
instanceKlass com/android/build/gradle/tasks/MergeResources$CreationAction$configure$1
instanceKlass com/android/build/gradle/tasks/MergeResources$Companion
instanceKlass com/android/ide/common/resources/SingleFileProcessor
instanceKlass com/android/ide/common/resources/ResourcePreprocessor
instanceKlass com/android/ide/common/resources/DataMerger
instanceKlass com/android/build/gradle/internal/tasks/MergeNativeLibsTaskKt$getTestOnlyNativeLibs$1
instanceKlass com/android/build/gradle/internal/tasks/MergeNativeLibsTaskKt$getSubProjectNativeLibs$1
instanceKlass com/android/build/gradle/internal/tasks/MergeNativeLibsTaskKt$getExternalNativeLibs$1
instanceKlass com/android/build/gradle/internal/tasks/MergeNativeLibsTask$Companion$predicate$1
instanceKlass com/android/build/gradle/internal/tasks/MergeNativeLibsTask$Companion
instanceKlass com/android/build/gradle/internal/tasks/MergeJavaResourceTaskKt
instanceKlass com/android/build/api/artifact/impl/InternalScopedArtifacts
instanceKlass com/android/build/gradle/internal/tasks/MergeJavaResourceTask$Companion$predicate$1
instanceKlass com/android/build/gradle/internal/tasks/OptionalCollectionWithProvenance
instanceKlass com/android/build/gradle/internal/tasks/MergeJavaResourceTask$Companion
instanceKlass com/android/build/gradle/internal/dependency/VariantDependencies$Companion$getComponentFilter$5
instanceKlass com/android/build/gradle/internal/utils/GlobalSyntheticsMergingUtilsKt
instanceKlass com/android/build/gradle/internal/tasks/DexMergingTask$SharedParams$MainDexListConfig
instanceKlass com/android/build/gradle/internal/tasks/DexMergingTask$SharedParams
instanceKlass com/android/build/gradle/internal/tasks/MergeGeneratedProguardFilesCreationAction$configure$1
instanceKlass com/android/build/gradle/internal/tasks/MergeFileTask$Companion
instanceKlass com/android/build/gradle/tasks/MapSourceSetPathsTask$CreateAction$configure$8
instanceKlass com/android/build/gradle/tasks/MapSourceSetPathsTask$CreateAction$configure$7
instanceKlass com/android/build/gradle/tasks/MapSourceSetPathsTask$CreateAction$configure$6$2
instanceKlass com/android/build/gradle/tasks/MapSourceSetPathsTask$CreateAction$configure$5
instanceKlass com/android/build/gradle/tasks/MapSourceSetPathsTask$CreateAction$configure$4
instanceKlass com/android/build/gradle/tasks/MapSourceSetPathsTask$CreateAction$configure$3
instanceKlass com/android/build/gradle/tasks/MapSourceSetPathsTask$CreateAction$configure$2
instanceKlass com/android/build/gradle/tasks/MapSourceSetPathsTask$CreateAction$configure$1
instanceKlass com/android/build/gradle/internal/signing/SigningConfigDataProvider$Companion
instanceKlass com/android/build/gradle/internal/signing/SigningConfigDataProvider
instanceKlass com/android/build/gradle/internal/lint/AndroidLintTask$VariantCreationAction$configure$3
instanceKlass com/android/build/gradle/internal/lint/AndroidLintTask$VariantCreationAction$configure$2
instanceKlass com/android/build/gradle/internal/lint/AndroidLintTask$initializeGlobalInputs$3
instanceKlass com/android/build/gradle/internal/lint/AndroidLintTask$initializeGlobalInputs$globalLintJarsFromEnvVariable$1
instanceKlass com/android/build/gradle/internal/lint/AndroidLintTask$initializeGlobalInputs$2
instanceKlass com/android/build/gradle/internal/lint/AndroidLintTask$initializeGlobalInputs$1
instanceKlass com/android/build/gradle/internal/lint/AndroidLintTask$Companion
instanceKlass com/android/build/gradle/internal/lint/AndroidLintTextOutputTask$VariantCreationAction$configure$1
instanceKlass com/android/build/gradle/internal/lint/AndroidLintTextOutputTask$Companion
instanceKlass com/android/build/gradle/internal/lint/UastInputs$initializeFromKotlinCompileTask$1
instanceKlass com/android/build/gradle/internal/component/VariantCreationConfig$Companion$getLintUseK2UastManualSetting$ret$1
instanceKlass com/android/build/gradle/internal/dsl/ModulePropertyKey$OptionalBoolean$Companion
instanceKlass com/android/build/gradle/internal/services/LintParallelBuildService$Companion
instanceKlass com/android/build/gradle/internal/services/LintParallelBuildServiceKt$getLintParallelBuildService$1
instanceKlass com/android/build/gradle/internal/services/LintParallelBuildService
instanceKlass com/android/build/gradle/internal/services/LintParallelBuildServiceKt
instanceKlass com/android/build/gradle/internal/lint/EnvironmentVariableInputs$initialize$4
instanceKlass com/android/build/gradle/internal/lint/EnvironmentVariableInputs$initialize$3
instanceKlass com/android/build/gradle/internal/lint/EnvironmentVariableInputs$initialize$2
instanceKlass com/android/build/gradle/internal/lint/EnvironmentVariableInputs$initialize$1
instanceKlass com/android/build/gradle/internal/lint/SystemPropertyInputs$initialize$5
instanceKlass com/android/build/gradle/internal/lint/SystemPropertyInputs$initialize$4
instanceKlass com/android/build/gradle/internal/lint/SystemPropertyInputs$initialize$3
instanceKlass com/android/build/gradle/internal/lint/SystemPropertyInputs$initialize$2
instanceKlass com/android/build/gradle/internal/lint/SystemPropertyInputs$initialize$1
instanceKlass com/android/build/gradle/internal/lint/AndroidLintAnalysisTask$initializeGlobalInputs$3
instanceKlass com/android/build/gradle/internal/lint/AndroidLintAnalysisTask$initializeGlobalInputs$globalLintJarsFromEnvVariable$1
instanceKlass com/android/build/gradle/internal/lint/AndroidLintAnalysisTask$initializeGlobalInputs$2
instanceKlass com/android/build/gradle/internal/lint/AndroidLintAnalysisTask$initializeGlobalInputs$1
instanceKlass com/android/build/gradle/internal/lint/EnvironmentVariableInputs
instanceKlass com/android/build/gradle/internal/lint/SystemPropertyInputs
instanceKlass com/android/build/gradle/internal/lint/UastInputs
instanceKlass com/android/build/gradle/internal/lint/LintTool
instanceKlass org/gradle/kotlin/dsl/accessors/tasks/PrintAccessors$accessorsSource$1
instanceKlass com/flutter/gradle/FlutterPluginUtils$addTaskForKGPVersion$1$1
instanceKlass com/flutter/gradle/FlutterPluginUtils$addTaskForJavaVersion$1$1
instanceKlass org/gradle/internal/jvm/inspection/JvmToolchainMetadata
instanceKlass org/jetbrains/kotlin/gradle/plugin/abi/internal/ConfigsKt$configureLegacyTasks$dumpTaskProvider$1$3
instanceKlass org/jetbrains/kotlin/gradle/plugin/abi/internal/ConfigsKt$configureLegacyTasks$dumpTaskProvider$1$2
instanceKlass org/jetbrains/kotlin/gradle/plugin/abi/internal/ConfigsKt$configureLegacyTasks$dumpTaskProvider$1$1
instanceKlass org/jetbrains/kotlin/abi/tools/KlibTarget
instanceKlass org/jetbrains/kotlin/gradle/tasks/abi/KotlinAbiDumpTaskImpl$KlibTargetInfo
instanceKlass org/jetbrains/kotlin/gradle/tasks/abi/KotlinAbiDumpTaskImpl$JvmTargetInfo
instanceKlass org/jetbrains/kotlin/gradle/tasks/abi/KotlinAbiDumpTaskImpl$Companion
instanceKlass com/android/builder/testing/api/DeviceConnector
instanceKlass com/android/ddmlib/IShellEnabledDevice
instanceKlass com/android/build/gradle/internal/utils/DeviceApkOutput
instanceKlass org/gradle/configuration/TaskDetailsModel
instanceKlass com/android/tools/lint/model/LintModelJavaArtifact
instanceKlass org/gradle/api/internal/file/DefaultProjectLayout$1
instanceKlass com/android/build/gradle/internal/services/VariantServicesImpl$toRegularFileProvider$1
instanceKlass com/android/build/gradle/internal/core/dsl/impl/features/OptimizationDslInfoImpl$WhenMappings
instanceKlass com/android/build/gradle/internal/ide/Utils
instanceKlass com/android/build/gradle/internal/tasks/featuresplit/PackagedDependenciesWriterTask$CreationAction$configure$3
instanceKlass com/android/build/gradle/internal/tasks/featuresplit/PackagedDependenciesWriterTask$CreationAction$configure$2
instanceKlass com/android/build/gradle/internal/tasks/featuresplit/PackagedDependenciesWriterTaskKt$aarOrJarType$1
instanceKlass com/android/build/gradle/internal/tasks/featuresplit/PackagedDependenciesWriterTaskKt
instanceKlass com/android/build/gradle/internal/DependencyResourcesComputer
instanceKlass com/android/build/gradle/internal/DependencyResourcesComputer$ResourceSourceSetInput
instanceKlass com/android/build/gradle/internal/tasks/ValidateResourcesTask$Companion
instanceKlass com/android/tools/lint/model/LintModelBuildFeatures
instanceKlass com/android/build/gradle/internal/lint/SourceProviderInput$initialize$5
instanceKlass com/android/build/gradle/internal/lint/SourceProviderInput$initialize$4
instanceKlass com/android/build/gradle/internal/lint/SourceProviderInput$initialize$3
instanceKlass com/android/build/gradle/internal/lint/SourceProviderInput$initialize$2
instanceKlass com/android/build/gradle/internal/lint/SourceProviderInput$initialize$1
instanceKlass com/android/build/gradle/internal/utils/DesugarLibUtils$getD8DesugarMethodFileFromTransform$1$1
instanceKlass com/android/build/gradle/internal/utils/DesugarLibUtils$getD8DesugarMethodFileFromTransform$1
instanceKlass com/android/build/gradle/internal/ide/dependencies/Level1RuntimeArtifactCollections
instanceKlass com/android/build/gradle/internal/ide/dependencies/ArtifactUtils
instanceKlass com/android/build/gradle/internal/ide/dependencies/ArtifactCollections
instanceKlass com/android/build/gradle/internal/ide/dependencies/BuildIdentifierMethods$getBuildPath$1
instanceKlass com/android/build/gradle/internal/ide/dependencies/BuildIdentifierMethods
instanceKlass com/android/build/gradle/internal/ide/dependencies/ArtifactCollectionsInputsImpl
instanceKlass com/android/build/gradle/internal/ide/dependencies/ArtifactCollectionsInputs
instanceKlass com/android/tools/lint/model/LintModelDependencies
instanceKlass com/android/build/gradle/internal/privaysandboxsdk/PrivacySandboxSdkVariantScope
instanceKlass com/android/tools/lint/model/LintModelAndroidArtifact
instanceKlass com/android/tools/lint/model/LintModelArtifact
instanceKlass com/android/build/gradle/internal/lint/DependencyCaches
instanceKlass com/android/build/gradle/internal/lint/KotlinCompilationWrapper
instanceKlass com/android/build/gradle/internal/lint/SourceProviderInput
instanceKlass com/android/build/gradle/internal/lint/ArtifactInput
instanceKlass com/android/build/gradle/internal/lint/SdkVersionInput
instanceKlass com/android/build/gradle/internal/lint/BuildFeaturesInput
instanceKlass com/android/tools/lint/model/LintModelVariant
instanceKlass com/android/tools/lint/model/LintModelLintOptions
instanceKlass com/android/build/gradle/internal/lint/ProjectInputs$initializeFromProject$1
instanceKlass com/android/build/gradle/internal/lint/LintOptionsInput
instanceKlass com/android/tools/lint/model/LintModelModule
instanceKlass com/android/build/gradle/internal/lint/LintModelWriterTask$partialResultsDirPath$1
instanceKlass com/android/build/gradle/internal/lint/KotlinMultiplatformExtensionWrapper
instanceKlass com/android/build/gradle/internal/lint/VariantInputs
instanceKlass com/android/build/gradle/internal/ide/dependencies/UsesLibraryDependencyCacheBuildService
instanceKlass com/android/build/gradle/internal/lint/ProjectInputs
instanceKlass com/android/build/api/component/impl/features/ManifestPlaceholdersCreationConfigImpl
instanceKlass com/android/build/gradle/internal/core/dsl/impl/features/ManifestPlaceholdersDslInfoImpl
instanceKlass com/android/build/gradle/internal/core/dsl/features/ManifestPlaceholdersDslInfo
instanceKlass com/android/build/gradle/tasks/ExtractDeepLinksTask$BaseCreationAction$configure$1$2
instanceKlass com/android/build/gradle/tasks/ExtractDeepLinksTask$BaseCreationAction$configure$1$1
instanceKlass org/gradle/api/internal/AbstractTask$20
instanceKlass com/android/build/gradle/internal/tasks/ExtractApksTask$Companion
instanceKlass com/android/build/gradle/internal/cxx/build/CxxRepublishBuilder
instanceKlass org/gradle/plugins/ide/internal/generator/generator/PersistableConfigurationObjectGenerator
instanceKlass org/gradle/plugins/ide/internal/generator/generator/Generator
instanceKlass org/gradle/internal/operations/BuildOperationDescriptor$1
instanceKlass com/android/build/gradle/internal/tasks/DexArchiveBuilderTask$CreationAction$configure$1
instanceKlass com/android/build/gradle/internal/dexing/DexParameters
instanceKlass com/android/build/gradle/internal/tasks/DexArchiveBuilderTask$Companion
instanceKlass com/android/build/gradle/internal/tasks/DexParameterInputs
instanceKlass com/android/build/gradle/internal/tasks/DexArchiveBuilderTask$DexingOutputs
instanceKlass com/android/build/gradle/internal/dependency/VariantDependencies$Companion$getComponentFilter$6
instanceKlass org/gradle/api/tasks/diagnostics/internal/dependencies/AttributeMatchDetails
instanceKlass org/gradle/internal/serialization/Transient
instanceKlass org/gradle/api/tasks/diagnostics/AbstractProjectBasedReportTask$ProjectBasedReportModel
instanceKlass org/gradle/api/tasks/diagnostics/AbstractDependencyReportTask$DependencyReportModel
instanceKlass com/android/build/gradle/internal/tasks/factory/BootClasspathConfigImpl$mockableJarArtifact$2$1
instanceKlass com/android/build/gradle/internal/tasks/factory/BootClasspathConfigImpl$mockableJarArtifact$2$attributes$1
instanceKlass com/android/build/gradle/tasks/CompatibleScreensManifest$CreationAction$configure$1
instanceKlass com/flutter/gradle/FlutterPlugin$Companion$addFlutterDeps$copyJniLibsTaskProvider$1$1$2
instanceKlass org/gradle/api/internal/file/copy/RenamingCopyAction
instanceKlass com/flutter/gradle/FlutterPlugin$Companion$addFlutterDeps$copyJniLibsTaskProvider$1$1$1$1
instanceKlass org/gradle/api/internal/file/copy/CopySpecWrapper
instanceKlass com/flutter/gradle/FlutterPlugin$Companion$addFlutterDeps$copyJniLibsTaskProvider$1$1$1
instanceKlass com/android/build/api/artifact/impl/InAndOutDirectoryOperationRequestImpl$Companion$initializeInput$1$1
instanceKlass com/android/build/api/variant/impl/MultiOutputHandlerImplBase
instanceKlass com/android/build/api/variant/MultiOutputHandler$Companion
instanceKlass com/android/build/api/variant/MultiOutputHandler
instanceKlass com/android/build/gradle/internal/testing/utp/emulatorcontrol/EmulatorControlConfigKt
instanceKlass com/android/build/api/component/impl/DeviceTestImpl$isForceAotCompilation$1
instanceKlass com/google/common/base/Verify
instanceKlass com/android/sdklib/BuildToolInfo
instanceKlass com/android/tools/utp/gradle/api/EmulatorControlConfig
instanceKlass com/android/ide/common/process/ProcessExecutor
instanceKlass com/android/build/gradle/internal/testing/StaticTestData
instanceKlass com/android/build/api/instrumentation/StaticTestData
instanceKlass com/android/build/gradle/internal/testing/TestRunner
instanceKlass com/android/build/gradle/internal/BuildToolsExecutableInput
instanceKlass com/android/build/gradle/internal/tasks/DeviceProviderInstrumentTestTask$TestRunnerFactory
instanceKlass com/android/build/gradle/internal/tasks/DeviceProviderInstrumentTestTask$DeviceProviderFactory
instanceKlass org/gradle/process/ExecResult
instanceKlass com/android/build/gradle/internal/lint/CustomLintCheckUtils$getLocalCustomLintChecks$1$1
instanceKlass com/android/build/gradle/internal/lint/CustomLintCheckUtils$getLocalCustomLintChecks$1
instanceKlass com/android/build/gradle/internal/lint/CustomLintCheckUtils
instanceKlass com/android/build/gradle/internal/scope/ProjectInfo$intermediatesDirectory$1
instanceKlass com/android/build/gradle/internal/tasks/CompileArtProfileTask$CreationAction$configureObfuscationMappingFile$1
instanceKlass org/jetbrains/kotlin/gradle/plugin/AndroidProjectHandler$wireKotlinTasks$1$2
instanceKlass org/jetbrains/kotlin/gradle/tasks/configuration/BaseKotlinCompileConfig$2$1$1$2
instanceKlass org/jetbrains/kotlin/gradle/tasks/configuration/BaseKotlinCompileConfig$2$1$1$1
instanceKlass org/jetbrains/kotlin/gradle/tasks/configuration/BaseKotlinCompileConfig$1$1$3
instanceKlass org/jetbrains/kotlin/gradle/tasks/configuration/BaseKotlinCompileConfig$1$1$2
instanceKlass org/jetbrains/kotlin/gradle/tasks/configuration/BaseKotlinCompileConfig$1$1$1
instanceKlass org/jetbrains/kotlin/gradle/tasks/configuration/AbstractKotlinCompileConfig$getClasspathSnapshotDir$1
instanceKlass org/jetbrains/kotlin/gradle/tasks/configuration/BaseKotlinCompileConfig$1$1$classpathEntrySnapshotFiles$1
instanceKlass org/jetbrains/kotlin/gradle/tasks/configuration/AbstractKotlinCompileConfig$2$4
instanceKlass org/jetbrains/kotlin/gradle/tasks/configuration/AbstractKotlinCompileConfig$2$3
instanceKlass org/jetbrains/kotlin/gradle/tasks/configuration/AbstractKotlinCompileConfig$2$2$1
instanceKlass org/jetbrains/kotlin/gradle/plugin/PropertiesProvider$propertyWithValueReporting$1
instanceKlass org/jetbrains/kotlin/compilerRunner/KotlinCompilerArgumentsLogLevel$Companion
instanceKlass org/jetbrains/kotlin/gradle/plugin/PropertiesProvider$kotlinCompilerArgumentsLogLevel$1
instanceKlass org/jetbrains/kotlin/gradle/tasks/configuration/AbstractKotlinCompileConfig$1$2
instanceKlass org/jetbrains/kotlin/gradle/tasks/configuration/AbstractKotlinCompileConfig$1$1
instanceKlass org/jetbrains/kotlin/gradle/plugin/mpp/KotlinCompilationsKt$sam$java_util_concurrent_Callable$0
instanceKlass org/jetbrains/kotlin/gradle/tasks/DefaultKotlinJavaToolchain$DefaultJavaToolchainSetter$useAsConvention$1
instanceKlass org/jetbrains/kotlin/gradle/tasks/UsesKotlinJavaToolchain$DefaultImpls
instanceKlass org/jetbrains/kotlin/gradle/tasks/KotlinJvmCompile$DefaultImpls
instanceKlass org/jetbrains/kotlin/gradle/dsl/KotlinJvmCompile$DefaultImpls
instanceKlass org/jetbrains/kotlin/gradle/tasks/KotlinCompile$androidLayoutResources$1
instanceKlass org/jetbrains/kotlin/gradle/tasks/KotlinCompile$javaSources$1
instanceKlass org/jetbrains/kotlin/gradle/tasks/KotlinCompile$ScriptFilterSpec
instanceKlass org/jetbrains/kotlin/gradle/tasks/KotlinCompile$scriptSources$1
instanceKlass org/jetbrains/kotlin/gradle/tasks/K2MultiplatformStructure$RefinesEdge
instanceKlass org/jetbrains/kotlin/gradle/tasks/K2MultiplatformStructure$Fragment
instanceKlass org/jetbrains/kotlin/gradle/tasks/internal/KotlinJvmOptionsCompat
instanceKlass org/jetbrains/kotlin/gradle/tasks/AbstractKotlinCompile$compilerRunner$1
instanceKlass org/jetbrains/kotlin/gradle/tasks/DefaultKotlinJavaToolchain$DefaultJavaToolchainSetter
instanceKlass org/jetbrains/kotlin/gradle/tasks/DefaultKotlinJavaToolchain$DefaultJdkSetter
instanceKlass org/jetbrains/kotlin/gradle/tasks/DefaultKotlinJavaToolchain$currentJvmJdkToolsJar$1
instanceKlass org/jetbrains/kotlin/gradle/tasks/DefaultKotlinJavaToolchain$getToolsJarFromJvm$1
instanceKlass org/jetbrains/kotlin/gradle/tasks/DefaultKotlinJavaToolchain$javaExecutable$1
instanceKlass org/jetbrains/kotlin/gradle/tasks/DefaultKotlinJavaToolchain$javaVersion$1
instanceKlass org/jetbrains/kotlin/gradle/tasks/KotlinJavaToolchain$JdkSetter
instanceKlass org/jetbrains/kotlin/gradle/tasks/KotlinJavaToolchain$JavaToolchainSetter
instanceKlass org/jetbrains/kotlin/gradle/tasks/GradleCompileTaskProviderKt
instanceKlass org/jetbrains/kotlin/compilerRunner/GradleCompilerRunner$Companion
instanceKlass org/jetbrains/kotlin/gradle/tasks/CacheableTasksKt$cacheOnlyIfEnabledForKotlin$1
instanceKlass org/jetbrains/kotlin/gradle/tasks/CacheableTasksKt
instanceKlass org/jetbrains/kotlin/build/report/metrics/GcMetrics
instanceKlass org/jetbrains/kotlin/build/report/metrics/BuildAttribute$Companion
instanceKlass org/jetbrains/kotlin/build/report/metrics/BuildAttributeKind$Companion
instanceKlass org/jetbrains/kotlin/build/report/metrics/BuildAttributes$Companion
instanceKlass org/jetbrains/kotlin/build/report/metrics/BuildAttributes
instanceKlass org/jetbrains/kotlin/build/report/metrics/BuildPerformanceMetrics$Companion
instanceKlass org/jetbrains/kotlin/build/report/metrics/BuildPerformanceMetrics
instanceKlass org/jetbrains/kotlin/build/report/metrics/BuildTimes$Companion
instanceKlass org/jetbrains/kotlin/build/report/metrics/BuildTimes
instanceKlass org/jetbrains/kotlin/build/report/metrics/BuildMetricsReporterImpl
instanceKlass org/jetbrains/kotlin/gradle/internal/build/SourcesUtilsKt
instanceKlass org/jetbrains/kotlin/gradle/plugin/CompilerPluginConfig
instanceKlass org/jetbrains/kotlin/build/report/metrics/BuildMetricsReporter
instanceKlass org/jetbrains/kotlin/gradle/tasks/KotlinCompilerPluginData
instanceKlass org/jetbrains/kotlin/tooling/core/KotlinToolingVersion
instanceKlass org/jetbrains/kotlin/gradle/incremental/IncrementalModuleInfoProvider
instanceKlass org/jetbrains/kotlin/gradle/tasks/GradleCompileTaskProvider
instanceKlass org/jetbrains/kotlin/compilerRunner/GradleCompilerRunner
instanceKlass org/jetbrains/kotlin/daemon/common/MultiModuleICSettings
instanceKlass org/jetbrains/kotlin/buildtools/api/SourcesChanges
instanceKlass org/jetbrains/kotlin/gradle/plugin/KotlinCompilerArgumentsProducer$CreateCompilerArgumentsContext
instanceKlass org/jetbrains/kotlin/incremental/ClasspathChanges
instanceKlass org/jetbrains/kotlin/gradle/tasks/K2MultiplatformStructure
instanceKlass org/jetbrains/kotlin/gradle/tasks/KotlinCompile$ClasspathSnapshotProperties
instanceKlass org/jetbrains/kotlin/incremental/IncrementalCompilationFeatures
instanceKlass org/jetbrains/kotlin/gradle/tasks/TaskOutputsBackup
instanceKlass org/jetbrains/kotlin/cli/common/arguments/Freezable
instanceKlass com/android/build/gradle/tasks/JavaCompileKt$recordAnnotationProcessors$1
instanceKlass com/android/build/gradle/tasks/JavaCompileKt
instanceKlass com/android/build/gradle/tasks/JavaCompileOptionsForRoom
instanceKlass com/android/build/api/variant/impl/FlatSourceDirectoriesImpl$getAsFileTreesForOldVariantAPI$1
instanceKlass com/android/build/gradle/tasks/CommandLineArgumentProviderAdapter
instanceKlass com/android/build/gradle/tasks/JavaCompileUtils$checkDeprecatedSourceAndTargetAtExecutionTime$1
instanceKlass com/android/build/gradle/tasks/JdkImageInput$jrtFsJar$1
instanceKlass com/android/build/gradle/tasks/JdkImageInput$generatedModuleFile$1
instanceKlass com/android/build/gradle/tasks/JdkImageInput
instanceKlass com/android/build/gradle/internal/dependency/JdkImageTransformKt$getJdkImageFromTransform$1$1
instanceKlass com/android/build/gradle/internal/dependency/JdkImageTransformKt$getJdkImageFromTransform$1
instanceKlass com/android/build/gradle/internal/dependency/JdkImageTransform$Parameters_Decorated
instanceKlass com/android/build/gradle/internal/dependency/JdkImageTransform$Parameters
instanceKlass com/android/build/gradle/internal/dependency/JdkImageTransformKt$registerJdkImageTransform$1
instanceKlass com/android/build/gradle/internal/dependency/JdkImageTransform
instanceKlass com/android/build/gradle/internal/dependency/JdkImageTransformKt
instanceKlass com/android/sdklib/SdkVersionInfo
instanceKlass com/android/sdklib/AndroidTargetHash
instanceKlass com/android/build/gradle/internal/tasks/PerModuleReportDependenciesTask$CreationAction$configure$1
instanceKlass com/android/build/gradle/internal/tasks/PerModuleReportDependenciesTask$CreationAction$configure$repositoryHandlerProvider$1
instanceKlass com/android/build/gradle/internal/tasks/PerModuleReportDependenciesTask$InternalRepositoryMetadata
instanceKlass com/google/protobuf/ByteString
instanceKlass org/gradle/api/internal/AbstractTask$13
instanceKlass org/jetbrains/kotlin/gradle/plugin/abi/internal/ConfigsKt$configureLegacyTasks$1$1
instanceKlass org/jetbrains/kotlin/gradle/plugin/diagnostics/CheckKotlinGradlePluginConfigurationErrorsKt$locateOrRegisterCheckKotlinGradlePluginErrorsTask$taskProvider$1$5
instanceKlass org/jetbrains/kotlin/gradle/plugin/diagnostics/CheckKotlinGradlePluginConfigurationErrorsKt$locateOrRegisterCheckKotlinGradlePluginErrorsTask$taskProvider$1$4
instanceKlass org/jetbrains/kotlin/gradle/plugin/diagnostics/CheckKotlinGradlePluginConfigurationErrorsKt$locateOrRegisterCheckKotlinGradlePluginErrorsTask$taskProvider$1$3
instanceKlass org/jetbrains/kotlin/gradle/plugin/diagnostics/CheckKotlinGradlePluginConfigurationErrorsKt$locateOrRegisterCheckKotlinGradlePluginErrorsTask$taskProvider$1$2
instanceKlass org/jetbrains/kotlin/gradle/plugin/diagnostics/CheckKotlinGradlePluginConfigurationErrors$Companion
instanceKlass org/gradle/api/internal/AbstractTask$5
instanceKlass org/jetbrains/kotlin/gradle/plugin/abi/internal/ConfigsKt$configureLegacyTasks$checkTaskProvider$1$2
instanceKlass org/jetbrains/kotlin/gradle/plugin/abi/internal/ConfigsKt$configureLegacyTasks$checkTaskProvider$1$1
instanceKlass org/jetbrains/kotlin/gradle/tasks/abi/KotlinAbiCheckTaskImpl$Companion
instanceKlass org/jetbrains/kotlin/abi/tools/AbiTools
instanceKlass com/android/build/gradle/internal/tasks/CheckJetifierTask$CreationAction$configure$1
instanceKlass com/android/build/gradle/internal/tasks/GlobalTask$ConfigureAction
instanceKlass com/android/build/gradle/internal/tasks/CheckJetifierTask$ResolutionUnit
instanceKlass com/android/buildanalyzer/common/CheckJetifierProjectResult
instanceKlass com/android/build/gradle/internal/tasks/CheckAarMetadataTask$CreationAction$configure$2
instanceKlass com/android/build/gradle/internal/tasks/CheckAarMetadataTask$CreationAction$configure$1
instanceKlass com/android/build/gradle/internal/AndroidJarInput
instanceKlass com/android/build/gradle/internal/UsesSdkComponentsBuildService
instanceKlass com/android/build/gradle/internal/scope/ArtifactTypeUtil$getDirectories$1
instanceKlass com/android/build/gradle/internal/scope/ArtifactTypeUtil$getRegularFiles$1
instanceKlass org/jetbrains/kotlin/gradle/tooling/BuildKotlinToolingMetadataTask$Companion
instanceKlass org/jetbrains/kotlin/tooling/KotlinToolingMetadata
instanceKlass org/gradle/api/tasks/diagnostics/internal/dependencies/AsciiDependencyReportRenderer$ConfigurationDetailsAction
instanceKlass org/gradle/api/tasks/diagnostics/internal/graph/NodeRenderer
instanceKlass org/gradle/api/tasks/diagnostics/internal/graph/nodes/RenderableDependency
instanceKlass org/gradle/api/tasks/diagnostics/internal/text/TextReportBuilder
instanceKlass org/gradle/api/tasks/diagnostics/internal/TextReportRenderer
instanceKlass org/gradle/api/tasks/diagnostics/internal/ProjectDetails
instanceKlass org/gradle/api/tasks/diagnostics/BuildEnvironmentReportTask$BuildEnvironmentReportModel
instanceKlass org/gradle/api/tasks/diagnostics/internal/ReportGenerator
instanceKlass org/gradle/api/tasks/diagnostics/internal/DependencyReportRenderer
instanceKlass org/gradle/api/tasks/diagnostics/internal/ReportRenderer
instanceKlass com/android/builder/packaging/JarFlinger$Relocator
instanceKlass com/android/builder/packaging/JarFlinger
instanceKlass com/android/build/gradle/internal/cxx/build/CxxRegularBuilder$Companion
instanceKlass com/android/build/gradle/internal/cxx/build/CxxRegularBuilder
instanceKlass com/android/build/gradle/internal/tasks/UnsafeOutputsTask$1
instanceKlass com/android/build/gradle/internal/cxx/build/CxxBuilder
instanceKlass org/gradle/api/tasks/diagnostics/internal/artifact/transforms/spec/ArtifactTransformReportSpec
instanceKlass org/gradle/api/tasks/diagnostics/internal/artifact/transforms/model/ArtifactTransformReportModel
instanceKlass org/jetbrains/kotlin/gradle/internal/StdlibDependencyManagementKt$addStdlibDependency$1$1$1$1
instanceKlass org/jetbrains/kotlin/gradle/utils/ReportUtilsKt$addConfigurationMetrics$1
instanceKlass org/jetbrains/kotlin/gradle/plugin/statistics/KotlinStdlibConfigurationMetrics
instanceKlass com/android/build/gradle/tasks/DependenciesAnalyzerUtilsKt
instanceKlass org/jetbrains/kotlin/gradle/internal/StdlibDependencyManagementKt$WhenMappings
instanceKlass org/jetbrains/kotlin/gradle/targets/js/npm/SemverKt
instanceKlass org/jetbrains/kotlin/gradle/internal/KotlinDependenciesManagementKt$allNonProjectDependencies$1
instanceKlass org/gradle/api/internal/tasks/PublicTaskSpecification
instanceKlass org/gradle/plugins/ide/internal/tooling/ToolingModelBuilderSupport
instanceKlass com/flutter/gradle/DependencyVersionChecker$configureMinSdkCheck$1$minSdkCheckTask$1$1
instanceKlass org/gradle/plugins/ide/internal/tooling/model/DefaultGradleScript
instanceKlass org/gradle/tooling/model/gradle/GradleScript
instanceKlass org/gradle/plugins/ide/internal/tooling/model/DefaultGradleProject
instanceKlass org/gradle/plugins/ide/internal/tooling/GradleProjectBuilderOptions
instanceKlass org/gradle/plugins/ide/internal/tooling/TasksFactory
instanceKlass org/jetbrains/kotlin/gradle/plugin/statistics/ExecutedTaskMetrics
instanceKlass org/jetbrains/kotlin/gradle/plugin/internal/state/TaskExecutionResults
instanceKlass org/gradle/execution/RunRootBuildWorkBuildOperationType$Details
instanceKlass org/gradle/internal/buildtree/BuildOperationFiringBuildTreeWorkExecutor$2
instanceKlass org/gradle/execution/TaskNameResolver$FixedTaskSelectionResult
instanceKlass org/gradle/execution/TaskNameResolver$MultiProjectTaskSelectionResult
instanceKlass org/gradle/execution/selection/DefaultBuildTaskSelector$ProjectResolutionResult
instanceKlass org/gradle/internal/cc/impl/VintageBuildTreeWorkController$scheduleAndRunRequestedTasks$1
instanceKlass org/gradle/internal/buildtree/BuildTreeModelSideEffect
instanceKlass org/gradle/tooling/internal/provider/PhasedBuildActionResult
instanceKlass org/gradle/plugins/ide/internal/tooling/model/DefaultGradleModuleVersion
instanceKlass org/gradle/plugins/ide/internal/tooling/eclipse/DefaultClasspathAttribute
instanceKlass java/lang/invoke/MethodHandleImpl$CountingWrapper$1
instanceKlass org/gradle/plugins/ide/eclipse/model/AccessRule
instanceKlass org/codehaus/groovy/runtime/callsite/AbstractCallSite
instanceKlass org/codehaus/groovy/runtime/callsite/BooleanReturningMethodInvoker
instanceKlass org/codehaus/groovy/runtime/callsite/BooleanClosurePredicate
instanceKlass groovy/util/Node
instanceKlass jdk/internal/ValueBased
instanceKlass org/gradle/api/internal/provider/ValueSupplier$1
instanceKlass org/gradle/api/internal/provider/DefaultMapProperty$1
instanceKlass org/gradle/api/internal/artifacts/ivyservice/ivyresolve/parser/GradleModuleMetadataParser$ModuleDependency
instanceKlass org/gradle/api/internal/artifacts/ivyservice/ivyresolve/parser/GradleModuleMetadataParser$ModuleFile
instanceKlass org/gradle/api/internal/artifacts/ivyservice/modulecache/ModuleMetadataSerializer$Writer
instanceKlass org/gradle/internal/resource/local/DefaultPathKeyFileStore$1
instanceKlass org/gradle/api/internal/artifacts/ivyservice/ivyresolve/parser/GradleModuleMetadataParser$ModuleDependencyConstraint
instanceKlass com/google/gson/internal/JsonReaderInternalAccess
instanceKlass com/google/gson/stream/JsonReader
instanceKlass org/gradle/api/internal/artifacts/ivyservice/ivyresolve/parser/DefaultParseResult
instanceKlass org/gradle/api/internal/artifacts/ivyservice/ivyresolve/parser/MetaDataParser$ParseResult
instanceKlass org/gradle/api/internal/artifacts/ivyservice/ivyresolve/parser/data/MavenDependencyKey
instanceKlass org/gradle/api/internal/artifacts/ivyservice/ivyresolve/parser/PomReader$PomDependencyMgtElement
instanceKlass org/gradle/api/internal/artifacts/ivyservice/ivyresolve/parser/MavenVersionUtils
instanceKlass org/apache/ivy/core/settings/IvyVariableContainerImpl
instanceKlass org/apache/ivy/core/module/descriptor/Artifact
instanceKlass org/apache/ivy/util/extendable/ExtendableItem
instanceKlass org/apache/ivy/core/settings/IvyVariableContainer
instanceKlass org/apache/ivy/core/IvyPatternHelper
instanceKlass org/w3c/dom/Comment
instanceKlass com/sun/org/apache/xerces/internal/dom/CharacterDataImpl$1
instanceKlass org/w3c/dom/Text
instanceKlass org/w3c/dom/CharacterData
instanceKlass org/gradle/api/internal/artifacts/ivyservice/ivyresolve/parser/PomDomParser
instanceKlass org/w3c/dom/Entity
instanceKlass com/sun/org/apache/xerces/internal/dom/NamedNodeMapImpl
instanceKlass com/sun/org/apache/xerces/internal/impl/Constants$ArrayEnumeration
instanceKlass com/sun/org/apache/xerces/internal/impl/Constants
instanceKlass com/sun/xml/internal/stream/StaxXMLInputSource
instanceKlass com/sun/org/apache/xerces/internal/impl/XMLDocumentScannerImpl$DTDDriver
instanceKlass com/sun/org/apache/xerces/internal/impl/dtd/XMLContentSpec
instanceKlass com/sun/org/apache/xerces/internal/impl/dtd/models/ContentModelValidator
instanceKlass com/sun/org/apache/xerces/internal/impl/dtd/DTDGrammar
instanceKlass com/sun/org/apache/xerces/internal/xni/grammars/Grammar
instanceKlass com/sun/org/apache/xerces/internal/impl/validation/EntityState
instanceKlass com/sun/org/apache/xerces/internal/dom/DeferredDocumentImpl$RefCount
instanceKlass com/sun/org/apache/xerces/internal/dom/NodeListCache
instanceKlass org/w3c/dom/ElementTraversal
instanceKlass org/w3c/dom/DocumentType
instanceKlass com/sun/org/apache/xerces/internal/dom/NodeImpl
instanceKlass org/w3c/dom/events/EventTarget
instanceKlass org/w3c/dom/ranges/DocumentRange
instanceKlass org/w3c/dom/events/DocumentEvent
instanceKlass org/w3c/dom/traversal/DocumentTraversal
instanceKlass com/sun/org/apache/xerces/internal/dom/DeferredNode
instanceKlass com/sun/org/apache/xerces/internal/util/XMLSymbols
instanceKlass com/sun/org/apache/xerces/internal/util/XMLChar
instanceKlass com/sun/xml/internal/stream/Entity
instanceKlass com/sun/xml/internal/stream/util/BufferAllocator
instanceKlass com/sun/xml/internal/stream/util/ThreadLocalBufferAllocator
instanceKlass com/sun/org/apache/xerces/internal/impl/XMLEntityManager$EncodingInfo
instanceKlass com/sun/org/apache/xerces/internal/util/URI
instanceKlass com/sun/org/apache/xerces/internal/utils/XMLLimitAnalyzer
instanceKlass com/sun/org/apache/xerces/internal/xni/parser/XMLInputSource
instanceKlass org/xml/sax/InputSource
instanceKlass com/sun/org/apache/xerces/internal/impl/ExternalSubsetResolver
instanceKlass com/sun/org/apache/xerces/internal/util/EntityResolverWrapper
instanceKlass org/xml/sax/ext/EntityResolver2
instanceKlass com/sun/org/apache/xerces/internal/util/FeatureState
instanceKlass com/sun/org/apache/xerces/internal/util/PropertyState
instanceKlass com/sun/org/apache/xerces/internal/impl/msg/XMLMessageFormatter
instanceKlass com/sun/org/apache/xerces/internal/util/MessageFormatter
instanceKlass com/sun/org/apache/xerces/internal/impl/XMLVersionDetector
instanceKlass com/sun/org/apache/xerces/internal/impl/validation/ValidationManager
instanceKlass com/sun/org/apache/xerces/internal/impl/dv/dtd/NMTOKENDatatypeValidator
instanceKlass com/sun/org/apache/xerces/internal/impl/dv/dtd/NOTATIONDatatypeValidator
instanceKlass com/sun/org/apache/xerces/internal/impl/dv/dtd/ENTITYDatatypeValidator
instanceKlass com/sun/org/apache/xerces/internal/impl/dv/dtd/ListDatatypeValidator
instanceKlass com/sun/org/apache/xerces/internal/impl/dv/dtd/IDREFDatatypeValidator
instanceKlass com/sun/org/apache/xerces/internal/impl/dv/dtd/IDDatatypeValidator
instanceKlass com/sun/org/apache/xerces/internal/impl/dv/dtd/StringDatatypeValidator
instanceKlass com/sun/org/apache/xerces/internal/impl/dv/DatatypeValidator
instanceKlass com/sun/org/apache/xerces/internal/impl/dv/DTDDVFactory
instanceKlass com/sun/org/apache/xerces/internal/impl/dtd/DTDGrammarBucket
instanceKlass com/sun/org/apache/xerces/internal/impl/dtd/XMLAttributeDecl
instanceKlass com/sun/org/apache/xerces/internal/impl/dtd/XMLSimpleType
instanceKlass com/sun/org/apache/xerces/internal/impl/dtd/XMLElementDecl
instanceKlass com/sun/org/apache/xerces/internal/impl/validation/ValidationState
instanceKlass com/sun/org/apache/xerces/internal/impl/dv/ValidationContext
instanceKlass com/sun/org/apache/xerces/internal/impl/dtd/XMLDTDValidator
instanceKlass com/sun/org/apache/xerces/internal/impl/RevalidationHandler
instanceKlass com/sun/org/apache/xerces/internal/impl/dtd/XMLDTDValidatorFilter
instanceKlass com/sun/org/apache/xerces/internal/xni/parser/XMLDocumentFilter
instanceKlass com/sun/org/apache/xerces/internal/impl/dtd/XMLEntityDecl
instanceKlass com/sun/org/apache/xerces/internal/impl/dtd/XMLDTDProcessor
instanceKlass com/sun/org/apache/xerces/internal/xni/parser/XMLDTDContentModelFilter
instanceKlass com/sun/org/apache/xerces/internal/xni/parser/XMLDTDFilter
instanceKlass com/sun/org/apache/xerces/internal/xni/parser/XMLDTDScanner
instanceKlass com/sun/org/apache/xerces/internal/xni/parser/XMLDTDContentModelSource
instanceKlass com/sun/org/apache/xerces/internal/xni/parser/XMLDTDSource
instanceKlass com/sun/org/apache/xerces/internal/xni/grammars/XMLDTDDescription
instanceKlass com/sun/org/apache/xerces/internal/xni/grammars/XMLGrammarDescription
instanceKlass com/sun/org/apache/xerces/internal/impl/XMLDocumentScannerImpl$TrailingMiscDriver
instanceKlass com/sun/org/apache/xerces/internal/impl/XMLDocumentScannerImpl$PrologDriver
instanceKlass com/sun/org/apache/xerces/internal/impl/XMLDocumentScannerImpl$XMLDeclDriver
instanceKlass com/sun/org/apache/xerces/internal/util/NamespaceSupport
instanceKlass com/sun/org/apache/xerces/internal/xni/NamespaceContext
instanceKlass com/sun/org/apache/xerces/internal/util/XMLAttributesImpl$Attribute
instanceKlass com/sun/org/apache/xerces/internal/util/XMLAttributesImpl
instanceKlass com/sun/org/apache/xerces/internal/xni/XMLAttributes
instanceKlass com/sun/org/apache/xerces/internal/impl/XMLDocumentFragmentScannerImpl$FragmentContentDriver
instanceKlass com/sun/org/apache/xerces/internal/impl/XMLDocumentFragmentScannerImpl$Driver
instanceKlass com/sun/org/apache/xerces/internal/impl/XMLDocumentFragmentScannerImpl$ElementStack2
instanceKlass com/sun/org/apache/xerces/internal/xni/QName
instanceKlass com/sun/org/apache/xerces/internal/impl/XMLDocumentFragmentScannerImpl$ElementStack
instanceKlass com/sun/org/apache/xerces/internal/xni/XMLString
instanceKlass com/sun/org/apache/xerces/internal/impl/XMLScanner
instanceKlass com/sun/xml/internal/stream/XMLBufferListener
instanceKlass com/sun/org/apache/xerces/internal/impl/XMLEntityHandler
instanceKlass com/sun/org/apache/xerces/internal/xni/parser/XMLDocumentScanner
instanceKlass com/sun/org/apache/xerces/internal/xni/parser/XMLDocumentSource
instanceKlass com/sun/org/apache/xerces/internal/impl/XMLErrorReporter
instanceKlass com/sun/org/apache/xerces/internal/impl/XMLEntityScanner
instanceKlass com/sun/org/apache/xerces/internal/xni/XMLLocator
instanceKlass com/sun/xml/internal/stream/XMLEntityStorage
instanceKlass com/sun/org/apache/xerces/internal/util/AugmentationsImpl$AugmentationsItemsContainer
instanceKlass com/sun/org/apache/xerces/internal/util/AugmentationsImpl
instanceKlass com/sun/org/apache/xerces/internal/xni/Augmentations
instanceKlass com/sun/org/apache/xerces/internal/util/XMLResourceIdentifierImpl
instanceKlass com/sun/org/apache/xerces/internal/xni/XMLResourceIdentifier
instanceKlass com/sun/org/apache/xerces/internal/impl/XMLEntityManager
instanceKlass com/sun/org/apache/xerces/internal/xni/parser/XMLEntityResolver
instanceKlass com/sun/org/apache/xerces/internal/xni/parser/XMLComponent
instanceKlass com/sun/org/apache/xerces/internal/util/SymbolTable$Entry
instanceKlass com/sun/org/apache/xerces/internal/util/SymbolTable
instanceKlass jdk/xml/internal/JdkConstants
instanceKlass javax/xml/parsers/SAXParserFactory
instanceKlass jdk/xml/internal/JdkXmlUtils
instanceKlass com/sun/org/apache/xerces/internal/util/ParserConfigurationSettings
instanceKlass com/sun/org/apache/xerces/internal/parsers/XML11Configurable
instanceKlass com/sun/org/apache/xerces/internal/xni/parser/XMLPullParserConfiguration
instanceKlass com/sun/org/apache/xerces/internal/xni/parser/XMLParserConfiguration
instanceKlass com/sun/org/apache/xerces/internal/xni/parser/XMLComponentManager
instanceKlass com/sun/org/apache/xerces/internal/parsers/XMLParser
instanceKlass com/sun/org/apache/xerces/internal/xni/XMLDTDContentModelHandler
instanceKlass com/sun/org/apache/xerces/internal/xni/XMLDTDHandler
instanceKlass com/sun/org/apache/xerces/internal/xni/XMLDocumentHandler
instanceKlass javax/xml/parsers/DocumentBuilder
instanceKlass com/sun/org/apache/xerces/internal/jaxp/JAXPConstants
instanceKlass org/gradle/internal/resource/ExternalResource$ContentAction
instanceKlass org/gradle/api/internal/artifacts/ivyservice/ivyresolve/parser/RootPomParent
instanceKlass org/gradle/api/internal/artifacts/ivyservice/ivyresolve/parser/PomReader$1
instanceKlass org/apache/commons/io/function/IOConsumer
instanceKlass org/apache/commons/io/function/IOFunction
instanceKlass org/apache/commons/io/build/AbstractSupplier
instanceKlass org/apache/commons/io/function/IOSupplier
instanceKlass org/apache/ivy/plugins/parser/m2/PomReader
instanceKlass org/xml/sax/EntityResolver
instanceKlass org/gradle/api/internal/artifacts/ivyservice/ivyresolve/parser/PomReader
instanceKlass org/gradle/api/internal/artifacts/repositories/resolver/ExternalResourceResolverDescriptorParseContext
instanceKlass sun/security/internal/spec/TlsPrfParameterSpec
instanceKlass sun/security/internal/spec/TlsKeyMaterialSpec
instanceKlass sun/security/internal/spec/TlsKeyMaterialParameterSpec
instanceKlass sun/security/ssl/SSLTrafficKeyDerivation$LegacyTrafficKeyDerivation
instanceKlass com/sun/crypto/provider/TlsMasterSecretGenerator$TlsMasterSecretKey
instanceKlass sun/security/internal/interfaces/TlsMasterSecret
instanceKlass sun/security/internal/spec/TlsMasterSecretParameterSpec
instanceKlass sun/security/ssl/SSLMasterKeyDerivation$LegacyMasterKeyDerivation
instanceKlass sun/security/ssl/SSLMasterKeyDerivation$1
instanceKlass sun/security/ssl/ECDHKeyExchange$1
instanceKlass sun/security/ssl/ECDHClientKeyExchange$ECDHEClientKeyExchangeProducer
instanceKlass sun/security/ssl/ECDHClientKeyExchange$ECDHEClientKeyExchangeConsumer
instanceKlass sun/security/ssl/ECDHClientKeyExchange$ECDHClientKeyExchangeProducer
instanceKlass sun/security/ssl/ECDHClientKeyExchange$ECDHClientKeyExchangeConsumer
instanceKlass sun/security/ssl/ECDHClientKeyExchange
instanceKlass sun/security/ssl/ECDHServerKeyExchange$ECDHServerKeyExchangeProducer
instanceKlass sun/security/ssl/ECDHServerKeyExchange$ECDHServerKeyExchangeConsumer
instanceKlass sun/security/ssl/ECDHServerKeyExchange
instanceKlass sun/security/ssl/SSLAuthentication
instanceKlass sun/security/ssl/SSLKeyExchange$SSLKeyExECDHEECDSA
instanceKlass sun/security/ssl/SSLKeyExchange$1
instanceKlass sun/security/ssl/SessionTicketExtension$SessionTicketSpec
instanceKlass sun/security/ssl/RenegoInfoExtension$RenegotiationInfoSpec
instanceKlass sun/security/ssl/HandshakeHash$T12HandshakeHash
instanceKlass sun/security/util/ByteArrays
instanceKlass org/gradle/util/internal/GroovyDependencyUtil
instanceKlass org/gradle/plugins/ide/eclipse/model/internal/FileReferenceFactory$FileReferenceImpl
instanceKlass org/gradle/api/internal/artifacts/result/DefaultArtifactResolutionResult
instanceKlass org/gradle/internal/resource/local/LocalFileStandInExternalResource$1
instanceKlass org/gradle/internal/resource/local/DefaultLocallyAvailableExternalResource
instanceKlass org/gradle/internal/resource/cached/DefaultCachedExternalResource
instanceKlass org/gradle/internal/resource/local/DefaultPathKeyFileStore$2
instanceKlass org/gradle/internal/resource/transfer/ProgressLoggingExternalResourceAccessor$ReadOperationResult
instanceKlass org/gradle/internal/resource/ExternalResourceReadBuildOperationType$Result
instanceKlass org/gradle/tooling/internal/protocol/events/InternalStatusEvent
instanceKlass org/gradle/internal/operations/OperationProgressDetails
instanceKlass org/gradle/internal/logging/progress/ProgressLoggingInputStreamListener
instanceKlass org/apache/http/entity/AbstractHttpEntity
instanceKlass org/gradle/internal/logging/progress/ResourceOperation
instanceKlass org/gradle/internal/resource/transfer/ProgressLoggingExternalResourceAccessor$DownloadOperation
instanceKlass org/gradle/internal/resource/ExternalResourceReadResult
instanceKlass org/gradle/internal/resource/transfer/DownloadAction
instanceKlass org/gradle/api/internal/file/collections/SingleIncludePatternFileTree
instanceKlass org/gradle/internal/resource/transfer/CacheAwareExternalResourceAccessor$DefaultResourceFileStore
instanceKlass org/gradle/internal/resource/local/CompositeLocallyAvailableResourceFinder$CompositeLocallyAvailableResourceCandidates
instanceKlass org/gradle/internal/resource/local/LazyLocallyAvailableResourceCandidates
instanceKlass org/apache/http/util/EntityUtils
instanceKlass org/apache/http/client/utils/HttpClientUtils
instanceKlass org/apache/http/client/utils/DateUtils$DateFormatHolder
instanceKlass org/apache/http/client/utils/DateUtils
instanceKlass org/gradle/internal/resource/metadata/DefaultExternalResourceMetaData
instanceKlass org/gradle/internal/resource/transport/http/HttpResponseResource
instanceKlass org/gradle/internal/resource/transport/http/HttpClientResponse
instanceKlass org/apache/http/entity/HttpEntityWrapper
instanceKlass org/apache/http/conn/EofSensorWatcher
instanceKlass org/apache/http/impl/execchain/HttpResponseProxy
instanceKlass org/apache/http/message/TokenParser
instanceKlass org/apache/http/message/BasicHeaderValueParser
instanceKlass org/apache/http/message/HeaderValueParser
instanceKlass org/apache/http/message/BasicHeaderElementIterator
instanceKlass org/apache/http/message/BasicHeaderIterator
instanceKlass org/apache/http/message/BasicTokenIterator
instanceKlass org/apache/http/message/BufferedHeader
instanceKlass org/apache/http/message/BasicStatusLine
instanceKlass org/apache/http/protocol/HTTP
instanceKlass org/apache/http/FormattedHeader
instanceKlass org/apache/http/message/BasicListHeaderIterator
instanceKlass org/apache/http/impl/auth/HttpAuthenticator$1
instanceKlass org/apache/http/conn/util/DnsUtils
instanceKlass org/apache/http/conn/ssl/DefaultHostnameVerifier$1
instanceKlass org/apache/http/conn/ssl/SubjectName
instanceKlass com/sun/crypto/provider/GaloisCounterMode$GCTRGHASH
instanceKlass sun/security/ssl/SSLBasicKeyDerivation$SecretSizeSpec
instanceKlass sun/security/ssl/SSLBasicKeyDerivation
instanceKlass sun/security/ssl/Finished$1
instanceKlass sun/security/ssl/Finished$T13VerifyDataGenerator
instanceKlass sun/security/ssl/Finished$T12VerifyDataGenerator
instanceKlass sun/security/ssl/Finished$T10VerifyDataGenerator
instanceKlass sun/security/ssl/Finished$S30VerifyDataGenerator
instanceKlass sun/security/ssl/Finished$VerifyDataGenerator
instanceKlass sun/security/ssl/X509Authentication$X509Credentials
instanceKlass sun/security/validator/SymantecTLSPolicy
instanceKlass sun/security/validator/CADistrustPolicy$2
instanceKlass java/security/cert/PKIXCertPathValidatorResult
instanceKlass java/security/cert/CertPathValidatorResult
instanceKlass sun/security/ec/ECDSAOperations
instanceKlass sun/security/provider/certpath/CertPathConstraintsParameters
instanceKlass sun/security/provider/certpath/PKIXMasterCertPathValidator
instanceKlass sun/security/provider/certpath/PolicyNodeImpl
instanceKlass java/security/cert/PolicyNode
instanceKlass sun/security/util/UntrustedCertificates$1
instanceKlass sun/security/util/UntrustedCertificates
instanceKlass java/security/cert/X509CertSelector
instanceKlass java/security/cert/CertSelector
instanceKlass sun/security/provider/certpath/PKIX$ValidatorParams
instanceKlass sun/security/provider/certpath/PKIX
instanceKlass java/security/cert/CertPathValidatorSpi
instanceKlass java/security/cert/CertPathValidator
instanceKlass sun/security/util/DisabledAlgorithmConstraints$CertPathHolder
instanceKlass java/security/cert/PKIXCertPathChecker
instanceKlass java/security/cert/CertPathChecker
instanceKlass sun/security/ssl/SSLAlgorithmConstraints$SupportedSignatureAlgorithmConstraints
instanceKlass java/security/cert/PKIXParameters
instanceKlass java/security/cert/CertPathParameters
instanceKlass sun/security/provider/certpath/CertPathHelper
instanceKlass java/security/cert/TrustAnchor
instanceKlass sun/security/validator/EndEntityChecker
instanceKlass sun/security/validator/Validator
instanceKlass javax/net/ssl/SSLEngine
instanceKlass sun/security/ssl/CertificateMessage$CertificateEntry
instanceKlass sun/security/ssl/ServerNameExtension$SHServerNamesSpec
instanceKlass com/sun/crypto/provider/GHASH
instanceKlass com/sun/crypto/provider/GCM
instanceKlass com/sun/crypto/provider/GaloisCounterMode$GCMEngine
instanceKlass javax/crypto/spec/GCMParameterSpec
instanceKlass sun/security/ssl/ChangeCipherSpec$T13ChangeCipherSpecConsumer
instanceKlass sun/security/ssl/ChangeCipherSpec$T10ChangeCipherSpecProducer
instanceKlass sun/security/ssl/ChangeCipherSpec$T10ChangeCipherSpecConsumer
instanceKlass sun/security/ssl/ChangeCipherSpec
instanceKlass javax/crypto/spec/IvParameterSpec
instanceKlass sun/security/ssl/SSLTrafficKeyDerivation$T13TrafficKeyDerivation
instanceKlass sun/security/ssl/SSLTrafficKeyDerivation$1
instanceKlass sun/security/ssl/SSLTrafficKeyDerivation$T13TrafficKeyDerivationGenerator
instanceKlass sun/security/ssl/SSLTrafficKeyDerivation$T12TrafficKeyDerivationGenerator
instanceKlass sun/security/ssl/SSLTrafficKeyDerivation$T10TrafficKeyDerivationGenerator
instanceKlass sun/security/ssl/SSLTrafficKeyDerivation$S30TrafficKeyDerivationGenerator
instanceKlass sun/security/ssl/SSLKeyDerivationGenerator
instanceKlass sun/security/ssl/SSLSecretDerivation
instanceKlass javax/crypto/MacSpi
instanceKlass javax/crypto/Mac
instanceKlass sun/security/ssl/HKDF
instanceKlass javax/crypto/spec/SecretKeySpec$1
instanceKlass jdk/internal/access/JavaxCryptoSpecAccess
instanceKlass javax/crypto/spec/SecretKeySpec
instanceKlass javax/crypto/KeyAgreementSpi
instanceKlass sun/security/ssl/KAKeyDerivation
instanceKlass sun/security/ssl/XDHKeyExchange$XDHEKAGenerator
instanceKlass sun/security/ssl/XDHKeyExchange
instanceKlass java/security/spec/XECPublicKeySpec
instanceKlass sun/security/ssl/XDHKeyExchange$XDHECredentials
instanceKlass sun/security/ssl/NamedGroupCredentials
instanceKlass sun/security/ssl/KeyShareExtension$SHKeyShareSpec
instanceKlass sun/security/ssl/HandshakeHash$CloneableHash
instanceKlass sun/security/ssl/HandshakeHash$T13HandshakeHash
instanceKlass sun/security/ssl/SupportedVersionsExtension$SHSupportedVersionsSpec
instanceKlass sun/security/ssl/TransportContext$1
instanceKlass sun/security/ssl/Plaintext
instanceKlass sun/security/ssl/OutputRecord$T13PaddingHolder
instanceKlass sun/security/ssl/KeyShareExtension$CHKeyShareSpec
instanceKlass sun/security/util/ArrayUtil
instanceKlass java/security/interfaces/ECPrivateKey
instanceKlass sun/security/ec/ECOperations
instanceKlass sun/security/ssl/ECDHKeyExchange$ECDHEPossession
instanceKlass sun/security/ssl/KeyShareExtension$KeyShareEntry
instanceKlass sun/security/ssl/XDHKeyExchange$1
instanceKlass java/security/interfaces/XECPrivateKey
instanceKlass java/security/interfaces/XECPublicKey
instanceKlass java/security/KeyPair
instanceKlass sun/security/util/math/MutableIntegerModuloP
instanceKlass sun/security/jca/JCAUtil$CachedSecureRandomHolder
instanceKlass sun/security/ec/XECOperations
instanceKlass sun/security/ec/XECParameters
instanceKlass sun/security/ssl/XDHKeyExchange$XDHEPossession
instanceKlass sun/security/ssl/ECDHKeyExchange$ECDHEXDHKAGenerator
instanceKlass sun/security/ssl/ECDHKeyExchange$ECDHEKAGenerator
instanceKlass sun/security/ssl/ECDHKeyExchange$ECDHKAGenerator
instanceKlass sun/security/ssl/ECDHKeyExchange$ECDHEPossessionGenerator
instanceKlass sun/security/ssl/ECDHKeyExchange
instanceKlass sun/security/ssl/DHKeyExchange$DHEKAGenerator
instanceKlass sun/security/ssl/DHKeyExchange$DHEPossessionGenerator
instanceKlass sun/security/ssl/DHKeyExchange
instanceKlass sun/security/ssl/RSAKeyExchange$RSAKAGenerator
instanceKlass sun/security/ssl/RSAKeyExchange$EphemeralRSAPossessionGenerator
instanceKlass sun/security/ssl/RSAKeyExchange
instanceKlass sun/security/ssl/SSLKeyExchange$T13KeyAgreement
instanceKlass sun/security/ssl/SSLKeyAgreement
instanceKlass sun/security/ssl/SSLPossessionGenerator
instanceKlass sun/security/ssl/SSLKeyExchange
instanceKlass sun/security/ssl/SSLHandshakeBinding
instanceKlass sun/security/ssl/SSLKeyAgreementGenerator
instanceKlass sun/security/ssl/PskKeyExchangeModesExtension$PskKeyExchangeModesSpec
instanceKlass sun/security/ssl/SupportedVersionsExtension$CHSupportedVersionsSpec
instanceKlass sun/security/ssl/SignatureAlgorithmsExtension$SignatureSchemesSpec
instanceKlass sun/security/ssl/ExtendedMasterSecretExtension$ExtendedMasterSecretSpec
instanceKlass sun/security/ssl/CertStatusExtension$CertStatusRequestV2Spec
instanceKlass sun/security/ssl/ECPointFormatsExtension$ECPointFormatsSpec
instanceKlass sun/security/ssl/SupportedGroupsExtension$SupportedGroupsSpec
instanceKlass sun/security/ssl/CertStatusExtension$CertStatusRequest
instanceKlass sun/security/ssl/CertStatusExtension$CertStatusRequestSpec
instanceKlass sun/security/ssl/ServerNameExtension$CHServerNamesSpec
instanceKlass sun/security/ssl/SSLExtension$SSLExtensionSpec
instanceKlass sun/security/ssl/SSLExtension$ClientExtensions
instanceKlass sun/security/ssl/PreSharedKeyExtension$SHPreSharedKeyStringizer
instanceKlass sun/security/ssl/PreSharedKeyExtension$SHPreSharedKeyAbsence
instanceKlass sun/security/ssl/PreSharedKeyExtension$SHPreSharedKeyConsumer
instanceKlass sun/security/ssl/PreSharedKeyExtension$SHPreSharedKeyProducer
instanceKlass sun/security/ssl/PreSharedKeyExtension$CHPreSharedKeyStringizer
instanceKlass sun/security/ssl/PreSharedKeyExtension$CHPreSharedKeyOnTradeAbsence
instanceKlass sun/security/ssl/PreSharedKeyExtension$CHPreSharedKeyUpdate
instanceKlass sun/security/ssl/PreSharedKeyExtension$CHPreSharedKeyOnLoadAbsence
instanceKlass sun/security/ssl/PreSharedKeyExtension$CHPreSharedKeyConsumer
instanceKlass sun/security/ssl/PreSharedKeyExtension$CHPreSharedKeyProducer
instanceKlass sun/security/ssl/PreSharedKeyExtension
instanceKlass sun/security/ssl/RenegoInfoExtension$RenegotiationInfoStringizer
instanceKlass sun/security/ssl/RenegoInfoExtension$SHRenegotiationInfoAbsence
instanceKlass sun/security/ssl/RenegoInfoExtension$SHRenegotiationInfoConsumer
instanceKlass sun/security/ssl/RenegoInfoExtension$SHRenegotiationInfoProducer
instanceKlass sun/security/ssl/RenegoInfoExtension$CHRenegotiationInfoAbsence
instanceKlass sun/security/ssl/RenegoInfoExtension$CHRenegotiationInfoConsumer
instanceKlass sun/security/ssl/RenegoInfoExtension$CHRenegotiationInfoProducer
instanceKlass sun/security/ssl/RenegoInfoExtension
instanceKlass sun/security/ssl/KeyShareExtension$HRRKeyShareStringizer
instanceKlass sun/security/ssl/KeyShareExtension$HRRKeyShareReproducer
instanceKlass sun/security/ssl/KeyShareExtension$HRRKeyShareConsumer
instanceKlass sun/security/ssl/KeyShareExtension$HRRKeyShareProducer
instanceKlass sun/security/ssl/KeyShareExtension$SHKeyShareStringizer
instanceKlass sun/security/ssl/KeyShareExtension$SHKeyShareAbsence
instanceKlass sun/security/ssl/KeyShareExtension$SHKeyShareConsumer
instanceKlass sun/security/ssl/KeyShareExtension$SHKeyShareProducer
instanceKlass sun/security/ssl/KeyShareExtension$CHKeyShareStringizer
instanceKlass sun/security/ssl/KeyShareExtension$CHKeyShareOnTradeAbsence
instanceKlass sun/security/ssl/KeyShareExtension$CHKeyShareConsumer
instanceKlass sun/security/ssl/KeyShareExtension$CHKeyShareProducer
instanceKlass sun/security/ssl/KeyShareExtension
instanceKlass sun/security/ssl/CertSignAlgsExtension$CertSignatureSchemesStringizer
instanceKlass sun/security/ssl/CertSignAlgsExtension$CRCertSignatureSchemesUpdate
instanceKlass sun/security/ssl/CertSignAlgsExtension$CRCertSignatureSchemesConsumer
instanceKlass sun/security/ssl/CertSignAlgsExtension$CRCertSignatureSchemesProducer
instanceKlass sun/security/ssl/CertSignAlgsExtension$CHCertSignatureSchemesUpdate
instanceKlass sun/security/ssl/CertSignAlgsExtension$CHCertSignatureSchemesConsumer
instanceKlass sun/security/ssl/CertSignAlgsExtension$CHCertSignatureSchemesProducer
instanceKlass sun/security/ssl/CertSignAlgsExtension
instanceKlass sun/security/ssl/CertificateAuthoritiesExtension$CertificateAuthoritiesStringizer
instanceKlass sun/security/ssl/CertificateAuthoritiesExtension$CRCertificateAuthoritiesConsumer
instanceKlass sun/security/ssl/CertificateAuthoritiesExtension$CRCertificateAuthoritiesProducer
instanceKlass sun/security/ssl/CertificateAuthoritiesExtension$CHCertificateAuthoritiesConsumer
instanceKlass sun/security/ssl/CertificateAuthoritiesExtension$CHCertificateAuthoritiesProducer
instanceKlass sun/security/ssl/CertificateAuthoritiesExtension
instanceKlass sun/security/ssl/PskKeyExchangeModesExtension$PskKeyExchangeModesStringizer
instanceKlass sun/security/ssl/PskKeyExchangeModesExtension$PskKeyExchangeModesOnTradeAbsence
instanceKlass sun/security/ssl/PskKeyExchangeModesExtension$PskKeyExchangeModesOnLoadAbsence
instanceKlass sun/security/ssl/PskKeyExchangeModesExtension$PskKeyExchangeModesConsumer
instanceKlass sun/security/ssl/PskKeyExchangeModesExtension$PskKeyExchangeModesProducer
instanceKlass sun/security/ssl/PskKeyExchangeModesExtension
instanceKlass sun/security/ssl/CookieExtension$CookieStringizer
instanceKlass sun/security/ssl/CookieExtension$HRRCookieReproducer
instanceKlass sun/security/ssl/CookieExtension$HRRCookieConsumer
instanceKlass sun/security/ssl/CookieExtension$HRRCookieProducer
instanceKlass sun/security/ssl/CookieExtension$CHCookieUpdate
instanceKlass sun/security/ssl/CookieExtension$CHCookieConsumer
instanceKlass sun/security/ssl/CookieExtension$CHCookieProducer
instanceKlass sun/security/ssl/CookieExtension
instanceKlass sun/security/ssl/SupportedVersionsExtension$HRRSupportedVersionsReproducer
instanceKlass sun/security/ssl/SupportedVersionsExtension$HRRSupportedVersionsConsumer
instanceKlass sun/security/ssl/SupportedVersionsExtension$HRRSupportedVersionsProducer
instanceKlass sun/security/ssl/SupportedVersionsExtension$SHSupportedVersionsStringizer
instanceKlass sun/security/ssl/SupportedVersionsExtension$SHSupportedVersionsConsumer
instanceKlass sun/security/ssl/SupportedVersionsExtension$SHSupportedVersionsProducer
instanceKlass sun/security/ssl/SupportedVersionsExtension$CHSupportedVersionsStringizer
instanceKlass sun/security/ssl/SupportedVersionsExtension$CHSupportedVersionsConsumer
instanceKlass sun/security/ssl/SupportedVersionsExtension$CHSupportedVersionsProducer
instanceKlass sun/security/ssl/SupportedVersionsExtension
instanceKlass sun/security/ssl/SignatureAlgorithmsExtension$SignatureSchemesStringizer
instanceKlass sun/security/ssl/SignatureAlgorithmsExtension$CRSignatureSchemesUpdate
instanceKlass sun/security/ssl/SignatureAlgorithmsExtension$CRSignatureSchemesAbsence
instanceKlass sun/security/ssl/SignatureAlgorithmsExtension$CRSignatureSchemesConsumer
instanceKlass sun/security/ssl/SignatureAlgorithmsExtension$CRSignatureSchemesProducer
instanceKlass sun/security/ssl/SignatureAlgorithmsExtension$CHSignatureSchemesOnTradeAbsence
instanceKlass sun/security/ssl/SignatureAlgorithmsExtension$CHSignatureSchemesUpdate
instanceKlass sun/security/ssl/SignatureAlgorithmsExtension$CHSignatureSchemesOnLoadAbsence
instanceKlass sun/security/ssl/SignatureAlgorithmsExtension$CHSignatureSchemesConsumer
instanceKlass sun/security/ssl/SignatureAlgorithmsExtension$CHSignatureSchemesProducer
instanceKlass sun/security/ssl/SignatureAlgorithmsExtension
instanceKlass sun/security/ssl/SessionTicketExtension$SessionTicketStringizer
instanceKlass sun/security/ssl/SessionTicketExtension$T12SHSessionTicketConsumer
instanceKlass sun/security/ssl/SessionTicketExtension$T12CHSessionTicketConsumer
instanceKlass sun/security/ssl/SessionTicketExtension
instanceKlass sun/security/ssl/ExtendedMasterSecretExtension$ExtendedMasterSecretStringizer
instanceKlass sun/security/ssl/ExtendedMasterSecretExtension$SHExtendedMasterSecretAbsence
instanceKlass sun/security/ssl/ExtendedMasterSecretExtension$SHExtendedMasterSecretConsumer
instanceKlass sun/security/ssl/ExtendedMasterSecretExtension$SHExtendedMasterSecretProducer
instanceKlass sun/security/ssl/ExtendedMasterSecretExtension$CHExtendedMasterSecretAbsence
instanceKlass sun/security/ssl/ExtendedMasterSecretExtension$CHExtendedMasterSecretConsumer
instanceKlass sun/security/ssl/ExtendedMasterSecretExtension$CHExtendedMasterSecretProducer
instanceKlass sun/security/ssl/ExtendedMasterSecretExtension
instanceKlass sun/security/ssl/AlpnExtension$AlpnStringizer
instanceKlass sun/security/ssl/AlpnExtension$SHAlpnAbsence
instanceKlass sun/security/ssl/AlpnExtension$SHAlpnConsumer
instanceKlass sun/security/ssl/AlpnExtension$SHAlpnProducer
instanceKlass sun/security/ssl/AlpnExtension$CHAlpnAbsence
instanceKlass sun/security/ssl/AlpnExtension$CHAlpnConsumer
instanceKlass sun/security/ssl/AlpnExtension$CHAlpnProducer
instanceKlass sun/security/ssl/AlpnExtension
instanceKlass sun/security/ssl/ECPointFormatsExtension$ECPointFormatsStringizer
instanceKlass sun/security/ssl/ECPointFormatsExtension$SHECPointFormatsConsumer
instanceKlass sun/security/ssl/ECPointFormatsExtension$CHECPointFormatsConsumer
instanceKlass sun/security/ssl/ECPointFormatsExtension$CHECPointFormatsProducer
instanceKlass sun/security/ssl/ECPointFormatsExtension
instanceKlass sun/security/ssl/SupportedGroupsExtension$EESupportedGroupsConsumer
instanceKlass sun/security/ssl/SupportedGroupsExtension$SupportedGroupsStringizer
instanceKlass sun/security/ssl/SupportedGroupsExtension$CHSupportedGroupsOnTradeAbsence
instanceKlass sun/security/ssl/SupportedGroupsExtension$CHSupportedGroupsConsumer
instanceKlass sun/security/ssl/SupportedGroupsExtension
instanceKlass sun/security/ssl/CertStatusExtension$CertStatusRespStringizer
instanceKlass sun/security/ssl/CertStatusExtension$CertStatusRequestsStringizer
instanceKlass sun/security/ssl/CertStatusExtension$SHCertStatusReqV2Consumer
instanceKlass sun/security/ssl/CertStatusExtension$SHCertStatusReqV2Producer
instanceKlass sun/security/ssl/CertStatusExtension$CHCertStatusReqV2Consumer
instanceKlass sun/security/ssl/CertStatusExtension$CHCertStatusReqV2Producer
instanceKlass sun/security/ssl/CertStatusExtension$CertStatusRequestStringizer
instanceKlass sun/security/ssl/CertStatusExtension$CTCertStatusResponseConsumer
instanceKlass sun/security/ssl/CertStatusExtension$CTCertStatusResponseProducer
instanceKlass sun/security/ssl/CertStatusExtension$SHCertStatusReqConsumer
instanceKlass sun/security/ssl/CertStatusExtension$SHCertStatusReqProducer
instanceKlass sun/security/ssl/CertStatusExtension$CHCertStatusReqConsumer
instanceKlass sun/security/ssl/CertStatusExtension$CHCertStatusReqProducer
instanceKlass sun/security/ssl/CertStatusExtension
instanceKlass sun/security/ssl/MaxFragExtension$MaxFragLenStringizer
instanceKlass sun/security/ssl/MaxFragExtension$EEMaxFragmentLengthUpdate
instanceKlass sun/security/ssl/MaxFragExtension$EEMaxFragmentLengthConsumer
instanceKlass sun/security/ssl/MaxFragExtension$EEMaxFragmentLengthProducer
instanceKlass sun/security/ssl/MaxFragExtension$SHMaxFragmentLengthUpdate
instanceKlass sun/security/ssl/MaxFragExtension$SHMaxFragmentLengthConsumer
instanceKlass sun/security/ssl/MaxFragExtension$SHMaxFragmentLengthProducer
instanceKlass sun/security/ssl/MaxFragExtension$CHMaxFragmentLengthConsumer
instanceKlass sun/security/ssl/MaxFragExtension$CHMaxFragmentLengthProducer
instanceKlass sun/security/ssl/MaxFragExtension
instanceKlass sun/security/ssl/ServerNameExtension$EEServerNameConsumer
instanceKlass sun/security/ssl/ServerNameExtension$EEServerNameProducer
instanceKlass sun/security/ssl/ServerNameExtension$SHServerNamesStringizer
instanceKlass sun/security/ssl/ServerNameExtension$SHServerNameConsumer
instanceKlass sun/security/ssl/ServerNameExtension$SHServerNameProducer
instanceKlass sun/security/ssl/ServerNameExtension$CHServerNamesStringizer
instanceKlass sun/security/ssl/ServerNameExtension$CHServerNameConsumer
instanceKlass sun/security/ssl/SSLExtension$ExtensionConsumer
instanceKlass sun/security/ssl/ServerNameExtension$CHServerNameProducer
instanceKlass sun/security/ssl/ServerNameExtension
instanceKlass sun/security/ssl/SSLStringizer
instanceKlass sun/security/ssl/SSLExtensions
instanceKlass sun/security/ssl/SSLHandshake$HandshakeMessage
instanceKlass sun/security/ssl/RandomCookie
instanceKlass sun/security/ssl/SupportedGroupsExtension$SupportedGroups
instanceKlass sun/security/ssl/SSLKeyDerivation
instanceKlass sun/security/ssl/SSLCredentials
instanceKlass sun/security/ssl/NamedGroupPossession
instanceKlass sun/security/ssl/SSLPossession
instanceKlass sun/security/ssl/HandshakeContext
instanceKlass jdk/internal/icu/impl/Trie2$UTrie2Header
instanceKlass jdk/internal/icu/impl/Trie2$1
instanceKlass jdk/internal/icu/impl/Trie2$ValueMapper
instanceKlass jdk/internal/icu/impl/Trie2
instanceKlass jdk/internal/icu/impl/UCharacterProperty$IsAcceptable
instanceKlass jdk/internal/icu/impl/UCharacterProperty$IntProperty
instanceKlass jdk/internal/icu/impl/UCharacterProperty
instanceKlass jdk/internal/icu/lang/UCharacter
instanceKlass jdk/internal/icu/impl/Trie
instanceKlass jdk/internal/icu/text/StringPrep$StringPrepTrieImpl
instanceKlass jdk/internal/icu/impl/Trie$DataManipulate
instanceKlass jdk/internal/icu/impl/StringPrepDataReader
instanceKlass jdk/internal/icu/text/StringPrep
instanceKlass java/net/IDN
instanceKlass javax/net/ssl/SNIServerName
instanceKlass java/net/InetAddress$CachedAddresses
instanceKlass sun/net/InetAddressCachePolicy$2
instanceKlass sun/net/InetAddressCachePolicy$1
instanceKlass sun/net/InetAddressCachePolicy
instanceKlass java/net/InetAddress$NameServiceAddresses
instanceKlass java/net/InetAddress$Addresses
instanceKlass org/apache/http/conn/routing/RouteTracker
instanceKlass org/apache/http/impl/execchain/ConnectionHolder
instanceKlass org/apache/http/conn/ConnectionReleaseTrigger
instanceKlass org/apache/http/impl/conn/CPoolProxy
instanceKlass org/apache/http/impl/conn/Wire
instanceKlass org/apache/http/impl/io/AbstractMessageParser
instanceKlass org/apache/http/util/CharArrayBuffer
instanceKlass org/apache/http/impl/io/AbstractMessageWriter
instanceKlass org/apache/http/impl/HttpConnectionMetricsImpl
instanceKlass org/apache/http/impl/io/SessionOutputBufferImpl
instanceKlass org/apache/http/util/ByteArrayBuffer
instanceKlass org/apache/http/config/MessageConstraints$Builder
instanceKlass org/apache/http/config/MessageConstraints
instanceKlass org/apache/http/impl/io/SessionInputBufferImpl
instanceKlass org/apache/http/io/BufferInfo
instanceKlass org/apache/http/impl/io/HttpTransportMetricsImpl
instanceKlass org/apache/http/io/SessionInputBuffer
instanceKlass org/apache/http/io/SessionOutputBuffer
instanceKlass org/apache/http/io/HttpTransportMetrics
instanceKlass org/apache/http/HttpConnectionMetrics
instanceKlass org/apache/http/config/ConnectionConfig$Builder
instanceKlass org/apache/http/config/ConnectionConfig
instanceKlass org/apache/http/util/LangUtils
instanceKlass org/apache/http/impl/conn/PoolingHttpClientConnectionManager$1
instanceKlass org/apache/http/pool/AbstractConnPool$2
instanceKlass org/apache/http/util/Asserts
instanceKlass org/apache/http/impl/cookie/DefaultCookieSpec
instanceKlass org/apache/http/impl/cookie/BasicDomainHandler
instanceKlass org/apache/http/impl/cookie/RFC2109DomainHandler
instanceKlass org/apache/http/impl/cookie/RFC2965DiscardAttributeHandler
instanceKlass org/apache/http/impl/cookie/RFC2965CommentUrlAttributeHandler
instanceKlass org/apache/http/impl/cookie/AbstractCookieAttributeHandler
instanceKlass org/apache/http/impl/cookie/RFC2965PortAttributeHandler
instanceKlass org/apache/http/impl/cookie/PublicSuffixDomainFilter
instanceKlass org/apache/http/impl/cookie/RFC2965DomainAttributeHandler
instanceKlass org/apache/http/impl/cookie/RFC2965VersionAttributeHandler
instanceKlass org/apache/http/cookie/SetCookie
instanceKlass org/apache/http/cookie/Cookie
instanceKlass org/apache/http/impl/cookie/AbstractCookieSpec
instanceKlass org/apache/http/cookie/CookieOrigin
instanceKlass org/apache/http/conn/routing/HttpRoute
instanceKlass org/apache/http/impl/conn/SystemDefaultRoutePlanner$1
instanceKlass org/apache/http/auth/AuthState
instanceKlass org/apache/http/protocol/HttpCoreContext
instanceKlass org/apache/http/message/BasicRequestLine
instanceKlass org/apache/http/params/HttpProtocolParams
instanceKlass org/apache/http/params/CoreProtocolPNames
instanceKlass org/apache/http/params/AbstractHttpParams
instanceKlass org/apache/http/params/HttpParamsNames
instanceKlass org/apache/http/HttpHost
instanceKlass org/apache/http/client/utils/URIUtils
instanceKlass org/apache/http/conn/ClientConnectionManager
instanceKlass org/apache/http/impl/client/HttpClientBuilder$2
instanceKlass org/apache/http/cookie/CookieIdentityComparator
instanceKlass org/apache/http/impl/client/BasicCookieStore
instanceKlass org/apache/http/impl/execchain/RedirectExec
instanceKlass org/apache/http/impl/execchain/RetryExec
instanceKlass org/apache/http/impl/client/DefaultHttpRequestRetryHandler
instanceKlass org/apache/http/impl/execchain/ProtocolExec
instanceKlass org/apache/http/client/entity/DeflateInputStreamFactory
instanceKlass org/apache/http/client/entity/GZIPInputStreamFactory
instanceKlass org/apache/http/client/entity/InputStreamFactory
instanceKlass org/apache/http/client/protocol/ResponseContentEncoding
instanceKlass org/apache/http/client/protocol/ResponseProcessCookies
instanceKlass org/apache/http/client/protocol/RequestAuthCache
instanceKlass org/apache/http/client/protocol/RequestAcceptEncoding
instanceKlass org/apache/http/client/protocol/RequestAddCookies
instanceKlass org/apache/http/protocol/ChainBuilder
instanceKlass org/apache/http/client/protocol/RequestExpectContinue
instanceKlass org/apache/http/client/protocol/RequestClientConnControl
instanceKlass org/apache/http/protocol/RequestContent
instanceKlass org/apache/http/client/protocol/RequestDefaultHeaders
instanceKlass org/apache/http/protocol/HttpProcessorBuilder
instanceKlass org/apache/http/conn/routing/BasicRouteDirector
instanceKlass org/apache/http/impl/auth/HttpAuthenticator
instanceKlass org/apache/http/conn/routing/RouteInfo
instanceKlass org/apache/http/client/methods/CloseableHttpResponse
instanceKlass org/apache/http/conn/routing/HttpRouteDirector
instanceKlass org/apache/http/impl/execchain/MainClientExec
instanceKlass org/apache/http/protocol/RequestUserAgent
instanceKlass org/apache/http/protocol/RequestTargetHost
instanceKlass org/apache/http/protocol/ImmutableHttpProcessor
instanceKlass org/apache/http/impl/client/DefaultUserTokenHandler
instanceKlass org/apache/http/client/AuthCache
instanceKlass org/apache/http/impl/client/AuthenticationStrategyImpl
instanceKlass org/apache/http/HeaderElementIterator
instanceKlass org/apache/http/impl/client/DefaultConnectionKeepAliveStrategy
instanceKlass org/apache/http/TokenIterator
instanceKlass org/apache/http/impl/DefaultConnectionReuseStrategy
instanceKlass org/apache/http/impl/entity/StrictContentLengthStrategy
instanceKlass org/apache/http/impl/entity/LaxContentLengthStrategy
instanceKlass org/apache/http/impl/EnglishReasonPhraseCatalog
instanceKlass org/apache/http/HttpResponse
instanceKlass org/apache/http/ReasonPhraseCatalog
instanceKlass org/apache/http/impl/DefaultHttpResponseFactory
instanceKlass org/apache/http/StatusLine
instanceKlass org/apache/http/message/BasicLineParser
instanceKlass org/apache/http/io/HttpMessageParser
instanceKlass org/apache/http/HttpResponseFactory
instanceKlass org/apache/http/message/LineParser
instanceKlass org/apache/http/impl/conn/DefaultHttpResponseParserFactory
instanceKlass org/apache/http/message/BasicLineFormatter
instanceKlass org/apache/http/io/HttpMessageWriter
instanceKlass org/apache/http/message/LineFormatter
instanceKlass org/apache/http/impl/io/DefaultHttpRequestWriterFactory
instanceKlass org/apache/http/impl/BHttpConnectionBase
instanceKlass org/apache/http/conn/ManagedHttpClientConnection
instanceKlass org/apache/http/HttpInetConnection
instanceKlass org/apache/http/HttpClientConnection
instanceKlass org/apache/http/HttpConnection
instanceKlass org/apache/http/entity/ContentLengthStrategy
instanceKlass org/apache/http/io/HttpMessageParserFactory
instanceKlass org/apache/http/io/HttpMessageWriterFactory
instanceKlass org/apache/http/impl/conn/ManagedHttpClientConnectionFactory
instanceKlass org/apache/http/conn/HttpConnectionFactory
instanceKlass org/apache/http/impl/conn/PoolingHttpClientConnectionManager$InternalConnectionFactory
instanceKlass org/apache/http/pool/RouteSpecificPool
instanceKlass org/apache/http/pool/AbstractConnPool
instanceKlass org/apache/http/pool/ConnPool
instanceKlass org/apache/http/impl/conn/PoolingHttpClientConnectionManager$ConfigData
instanceKlass org/apache/http/impl/conn/SystemDefaultDnsResolver
instanceKlass org/apache/http/conn/DnsResolver
instanceKlass org/apache/http/impl/conn/DefaultHttpClientConnectionOperator
instanceKlass org/apache/http/conn/socket/PlainConnectionSocketFactory
instanceKlass org/apache/http/conn/ConnectionRequest
instanceKlass org/apache/http/pool/PoolEntry
instanceKlass org/apache/http/pool/PoolEntryCallback
instanceKlass org/apache/http/pool/ConnFactory
instanceKlass org/apache/http/conn/HttpClientConnectionOperator
instanceKlass org/apache/http/impl/conn/PoolingHttpClientConnectionManager
instanceKlass org/apache/http/pool/ConnPoolControl
instanceKlass org/apache/http/ProtocolVersion
instanceKlass org/apache/http/protocol/HttpRequestExecutor
instanceKlass org/apache/http/impl/client/DefaultRedirectStrategy
instanceKlass org/gradle/internal/resource/transport/http/HttpClientConfigurer$1
instanceKlass org/gradle/internal/resource/transport/http/RedirectVerifyingStrategyDecorator
instanceKlass org/apache/http/config/SocketConfig$Builder
instanceKlass org/apache/http/config/SocketConfig
instanceKlass org/apache/http/client/config/RequestConfig$Builder
instanceKlass org/apache/http/client/config/RequestConfig
instanceKlass org/gradle/internal/resource/transport/http/JavaSystemPropertiesHttpTimeoutSettings
instanceKlass org/apache/http/impl/cookie/IgnoreSpecProvider
instanceKlass org/apache/http/impl/cookie/NetscapeDraftSpecProvider
instanceKlass org/apache/http/impl/cookie/RFC6265CookieSpecProvider
instanceKlass org/apache/http/cookie/CookieSpec
instanceKlass org/apache/http/impl/cookie/BasicPathHandler
instanceKlass org/apache/http/cookie/CommonCookieAttributeHandler
instanceKlass org/apache/http/cookie/CookieAttributeHandler
instanceKlass org/apache/http/impl/cookie/DefaultCookieSpecProvider
instanceKlass org/apache/http/cookie/CookieSpecProvider
instanceKlass org/apache/http/conn/util/PublicSuffixMatcher
instanceKlass org/apache/http/conn/util/PublicSuffixList
instanceKlass org/apache/http/conn/util/PublicSuffixListParser
instanceKlass org/apache/http/conn/util/PublicSuffixMatcherLoader
instanceKlass org/apache/http/impl/conn/DefaultSchemePortResolver
instanceKlass org/apache/http/impl/conn/DefaultRoutePlanner
instanceKlass org/gradle/internal/resource/transport/http/JavaSystemPropertiesProxySettings
instanceKlass org/apache/http/config/Registry
instanceKlass org/gradle/internal/resource/transport/http/HttpHeaderSchemeFactory
instanceKlass org/apache/http/impl/auth/KerberosSchemeFactory
instanceKlass org/apache/http/impl/auth/SPNegoSchemeFactory
instanceKlass org/apache/http/impl/auth/NTLMEngine
instanceKlass org/gradle/internal/resource/transport/http/ntlm/NTLMSchemeFactory
instanceKlass org/apache/http/impl/auth/DigestSchemeFactory
instanceKlass org/apache/http/impl/auth/BasicSchemeFactory
instanceKlass org/apache/http/auth/AuthSchemeProvider
instanceKlass org/apache/http/auth/AuthSchemeFactory
instanceKlass org/apache/http/config/RegistryBuilder
instanceKlass org/apache/http/conn/ssl/AbstractVerifier
instanceKlass org/apache/http/conn/ssl/X509HostnameVerifier
instanceKlass org/apache/http/conn/ssl/SSLConnectionSocketFactory
instanceKlass org/apache/http/impl/client/BasicCredentialsProvider
instanceKlass org/apache/http/impl/client/SystemDefaultCredentialsProvider
instanceKlass sun/security/ssl/SSLConfiguration$1
instanceKlass javax/net/ssl/SSLParameters
instanceKlass sun/security/ssl/SessionId
instanceKlass java/security/spec/MGF1ParameterSpec
instanceKlass sun/security/ec/ParametersMap$1
instanceKlass sun/security/ec/ed/EdDSAParameters$SHAKE256DigesterFactory
instanceKlass sun/security/ec/point/ProjectivePoint
instanceKlass sun/security/ec/ed/EdDSAParameters$Digester
instanceKlass sun/security/ec/ed/EdDSAParameters$SHA512DigesterFactory
instanceKlass sun/security/ec/point/ExtendedHomogeneousPoint
instanceKlass sun/security/ec/point/AffinePoint
instanceKlass sun/security/util/math/intpoly/IntegerPolynomial$Limb
instanceKlass sun/security/util/math/SmallValue
instanceKlass sun/security/ec/point/MutablePoint
instanceKlass sun/security/ec/point/ImmutablePoint
instanceKlass sun/security/util/math/intpoly/IntegerPolynomial$Element
instanceKlass sun/security/util/math/ImmutableIntegerModuloP
instanceKlass sun/security/util/math/IntegerModuloP
instanceKlass sun/security/util/math/intpoly/IntegerPolynomial
instanceKlass sun/security/ec/ParametersMap
instanceKlass sun/security/ec/ed/EdECOperations
instanceKlass sun/security/ec/ed/EdDSAParameters$DigesterFactory
instanceKlass sun/security/util/math/IntegerFieldModuloP
instanceKlass sun/security/ec/ed/EdDSAParameters
instanceKlass java/security/spec/EdDSAParameterSpec
instanceKlass sun/security/ec/ed/EdDSASignature$MessageAccumulator
instanceKlass javax/crypto/spec/DHParameterSpec
instanceKlass sun/security/ssl/PredefinedDHParameterSpecs$1
instanceKlass sun/security/ssl/PredefinedDHParameterSpecs
instanceKlass javax/net/ssl/ExtendedSSLSession
instanceKlass javax/net/ssl/SSLSession
instanceKlass sun/security/ssl/SSLConfiguration$CustomizedClientSignatureSchemes
instanceKlass javax/crypto/KeyGeneratorSpi
instanceKlass javax/crypto/KeyGenerator
instanceKlass sun/security/ssl/SSLConfiguration
instanceKlass sun/security/ssl/SSLCipher$SSLWriteCipher
instanceKlass sun/security/ssl/KeyUpdate$KeyUpdateProducer
instanceKlass sun/security/ssl/KeyUpdate$KeyUpdateConsumer
instanceKlass sun/security/ssl/KeyUpdate$KeyUpdateKickstartProducer
instanceKlass sun/security/ssl/KeyUpdate
instanceKlass sun/security/ssl/CertificateStatus$CertificateStatusAbsence
instanceKlass sun/security/ssl/HandshakeAbsence
instanceKlass sun/security/ssl/CertificateStatus$CertificateStatusProducer
instanceKlass sun/security/ssl/CertificateStatus$CertificateStatusConsumer
instanceKlass sun/security/ssl/CertificateStatus
instanceKlass sun/security/ssl/Finished$T13FinishedProducer
instanceKlass sun/security/ssl/Finished$T13FinishedConsumer
instanceKlass sun/security/ssl/Finished$T12FinishedProducer
instanceKlass sun/security/ssl/Finished$T12FinishedConsumer
instanceKlass sun/security/ssl/Finished
instanceKlass sun/security/ssl/ClientKeyExchange$ClientKeyExchangeProducer
instanceKlass sun/security/ssl/ClientKeyExchange$ClientKeyExchangeConsumer
instanceKlass sun/security/ssl/ClientKeyExchange
instanceKlass sun/security/ssl/CertificateVerify$T13CertificateVerifyProducer
instanceKlass sun/security/ssl/CertificateVerify$T13CertificateVerifyConsumer
instanceKlass sun/security/ssl/CertificateVerify$T12CertificateVerifyProducer
instanceKlass sun/security/ssl/CertificateVerify$T12CertificateVerifyConsumer
instanceKlass sun/security/ssl/CertificateVerify$T10CertificateVerifyProducer
instanceKlass sun/security/ssl/CertificateVerify$T10CertificateVerifyConsumer
instanceKlass sun/security/ssl/CertificateVerify$S30CertificateVerifyProducer
instanceKlass sun/security/ssl/CertificateVerify$S30CertificateVerifyConsumer
instanceKlass sun/security/ssl/CertificateVerify
instanceKlass sun/security/ssl/ServerHelloDone$ServerHelloDoneProducer
instanceKlass sun/security/ssl/ServerHelloDone$ServerHelloDoneConsumer
instanceKlass sun/security/ssl/ServerHelloDone
instanceKlass sun/security/ssl/CertificateRequest$T13CertificateRequestProducer
instanceKlass sun/security/ssl/CertificateRequest$T13CertificateRequestConsumer
instanceKlass sun/security/ssl/CertificateRequest$T12CertificateRequestProducer
instanceKlass sun/security/ssl/CertificateRequest$T12CertificateRequestConsumer
instanceKlass sun/security/ssl/CertificateRequest$T10CertificateRequestProducer
instanceKlass sun/security/ssl/CertificateRequest$T10CertificateRequestConsumer
instanceKlass sun/security/ssl/CertificateRequest
instanceKlass sun/security/ssl/ServerKeyExchange$ServerKeyExchangeProducer
instanceKlass sun/security/ssl/ServerKeyExchange$ServerKeyExchangeConsumer
instanceKlass sun/security/ssl/ServerKeyExchange
instanceKlass sun/security/ssl/CertificateMessage$T13CertificateProducer
instanceKlass sun/security/ssl/CertificateMessage$T13CertificateConsumer
instanceKlass sun/security/ssl/CertificateMessage$T12CertificateProducer
instanceKlass sun/security/ssl/CertificateMessage$T12CertificateConsumer
instanceKlass sun/security/ssl/CertificateMessage
instanceKlass sun/security/ssl/EncryptedExtensions$EncryptedExtensionsConsumer
instanceKlass sun/security/ssl/EncryptedExtensions$EncryptedExtensionsProducer
instanceKlass sun/security/ssl/EncryptedExtensions
instanceKlass sun/security/ssl/NewSessionTicket$T12NewSessionTicketProducer
instanceKlass sun/security/ssl/NewSessionTicket$T13NewSessionTicketProducer
instanceKlass sun/security/ssl/NewSessionTicket$T12NewSessionTicketConsumer
instanceKlass sun/security/ssl/NewSessionTicket$T13NewSessionTicketConsumer
