#
# There is insufficient memory for the Java Runtime Environment to continue.
# Native memory allocation (mmap) failed to map 307232768 bytes for G1 virtual space
# Possible reasons:
#   The system is out of physical RAM or swap space
#   The process is running with CompressedOops enabled, and the Java Heap may be blocking the growth of the native heap
# Possible solutions:
#   Reduce memory load on the system
#   Increase physical memory or swap space
#   Check if swap backing store is full
#   Decrease Java heap size (-Xmx/-Xms)
#   Decrease number of Java threads
#   Decrease Java thread stack sizes (-Xss)
#   Set larger code cache with -XX:ReservedCodeCacheSize=
#   JVM is running with Unscaled Compressed Oops mode in which the Java heap is
#     placed in the first 4GB address space. The Java Heap base address is the
#     maximum limit for the native heap growth. Please use -XX:HeapBaseMinAddress
#     to set the Java Heap base and to place the Java Heap above 4GB virtual address.
# This output file may be truncated or incomplete.
#
#  Out of Memory Error (os_windows.cpp:3548), pid=3676, tid=13728
#
# JRE version: Java(TM) SE Runtime Environment (17.0.12+8) (build 17.0.12+8-LTS-286)
# Java VM: Java HotSpot(TM) 64-Bit Server VM (17.0.12+8-LTS-286, mixed mode, sharing, tiered, compressed oops, compressed class ptrs, g1 gc, windows-amd64)
# No core dump will be written. Minidumps are not enabled by default on client versions of Windows
#

---------------  S U M M A R Y ------------

Command Line: --add-opens=java.base/java.util=ALL-UNNAMED --add-opens=java.base/java.lang=ALL-UNNAMED --add-opens=java.base/java.lang.invoke=ALL-UNNAMED --add-opens=java.prefs/java.util.prefs=ALL-UNNAMED --add-opens=java.base/java.nio.charset=ALL-UNNAMED --add-opens=java.base/java.net=ALL-UNNAMED --add-opens=java.base/java.util.concurrent.atomic=ALL-UNNAMED -Xmx1536M -Dfile.encoding=windows-1252 -Duser.country=IN -Duser.language=en -Duser.variant org.gradle.launcher.daemon.bootstrap.GradleDaemon 7.6

Host: 12th Gen Intel(R) Core(TM) i3-12100F, 8 cores, 15G,  Windows 11 , 64 bit Build 26100 (10.0.26100.8246)
Time: Tue Jun  9 16:25:12 2026 India Standard Time elapsed time: 8154.207295 seconds (0d 2h 15m 54s)

---------------  T H R E A D  ---------------

Current thread (0x0000020d98aed470):  VMThread "VM Thread" [stack: 0x000000ba4ca00000,0x000000ba4cb00000] [id=13728]

Stack: [0x000000ba4ca00000,0x000000ba4cb00000]
Native frames: (J=compiled Java code, j=interpreted, Vv=VM code, C=native code)
V  [jvm.dll+0x67a04a]
V  [jvm.dll+0x7da4ed]
V  [jvm.dll+0x7dbe33]
V  [jvm.dll+0x7dc4a3]
V  [jvm.dll+0x24508f]
V  [jvm.dll+0x677089]
V  [jvm.dll+0x66bd32]
V  [jvm.dll+0x301fa6]
V  [jvm.dll+0x309546]
V  [jvm.dll+0x359d2e]
V  [jvm.dll+0x359f5f]
V  [jvm.dll+0x2d9078]
V  [jvm.dll+0x2dc0e6]
V  [jvm.dll+0x2e67eb]
V  [jvm.dll+0x31a870]
V  [jvm.dll+0x7e0d9b]
V  [jvm.dll+0x7e1ad4]
V  [jvm.dll+0x7e1fed]
V  [jvm.dll+0x7e23c4]
V  [jvm.dll+0x7e2490]
V  [jvm.dll+0x78abea]
V  [jvm.dll+0x678f35]
C  [ucrtbase.dll+0x37b0]
C  [KERNEL32.DLL+0x2e8d7]
C  [ntdll.dll+0x8c3fc]

VM_Operation (0x000000ba4c6ff430): G1Concurrent, mode: safepoint, requested by thread 0x0000020dfbb104b0


---------------  P R O C E S S  ---------------

Threads class SMR info:
_java_thread_list=0x0000020dece869c0, length=141, elements={
0x0000020dfbab4e70, 0x0000020d98af3e50, 0x0000020d98af6930, 0x0000020dde00f340,
0x0000020dde00fc10, 0x0000020dde0118f0, 0x0000020dde0121c0, 0x0000020dde012dc0,
0x0000020dde0136d0, 0x0000020dde045f30, 0x0000020dde18ae70, 0x0000020dde18d980,
0x0000020de086f9f0, 0x0000020de09a2310, 0x0000020ddfcf3370, 0x0000020ddee71a20,
0x0000020ddee72440, 0x0000020ddee73370, 0x0000020ddee70af0, 0x0000020ddee71000,
0x0000020de23b3ad0, 0x0000020de23b4a00, 0x0000020de23b30b0, 0x0000020de23b44f0,
0x0000020de23b2ba0, 0x0000020de23b81b0, 0x0000020de23b6d70, 0x0000020de180f490,
0x0000020de180db40, 0x0000020de180e050, 0x0000020de180f9a0, 0x0000020de180e560,
0x0000020de5190c20, 0x0000020de5190710, 0x0000020de5191130, 0x0000020de23b35c0,
0x0000020de23b6860, 0x0000020de23b5930, 0x0000020de23b7280, 0x0000020de23b7790,
0x0000020de23b3fe0, 0x0000020de23b7ca0, 0x0000020de23b8bd0, 0x0000020de23b90e0,
0x0000020de23b95f0, 0x0000020de23b9b00, 0x0000020dee9339b0, 0x0000020dee930c20,
0x0000020dee930200, 0x0000020dee934df0, 0x0000020dee931b50, 0x0000020dee935d20,
0x0000020dee9385a0, 0x0000020dee936c50, 0x0000020dee938ab0, 0x0000020dee937160,
0x0000020dee93ae20, 0x0000020dee93c260, 0x0000020dee93d6a0, 0x0000020dee93c770,
0x0000020dee93e0c0, 0x0000020dee93cc80, 0x0000020dee93d190, 0x0000020dee93dbb0,
0x0000020dee93a910, 0x0000020dee93e5d0, 0x0000020dee93eae0, 0x0000020de22011e0,
0x0000020de2202110, 0x0000020de2203f70, 0x0000020de22016f0, 0x0000020de2203a60,
0x0000020de2204480, 0x0000020de2200cd0, 0x0000020de2202620, 0x0000020de2204990,
0x0000020de2201c00, 0x0000020de2203040, 0x0000020de2206d00, 0x0000020de2205dd0,
0x0000020de2203550, 0x0000020de2207720, 0x0000020de2207c30, 0x0000020de2208140,
0x0000020de2204ea0, 0x0000020de22053b0, 0x0000020de22058c0, 0x0000020dec4c8360,
0x0000020dec4c7430, 0x0000020dec4c7e50, 0x0000020dec4c6500, 0x0000020dec4c6a10,
0x0000020dec4c7940, 0x0000020dec4c8870, 0x0000020dec4c50c0, 0x0000020dec4c5ae0,
0x0000020dec4c6f20, 0x0000020dec4c8d80, 0x0000020dec4c9290, 0x0000020dec4c5ff0,
0x0000020dec4c9cb0, 0x0000020dec4ca6d0, 0x0000020dec4cbb10, 0x0000020dec4cabe0,
0x0000020dec4cc020, 0x0000020dec4cb0f0, 0x0000020dec4cb600, 0x0000020de5673240,
0x0000020de56718f0, 0x0000020de5673750, 0x0000020de5671e00, 0x0000020de5672820,
0x0000020de5673c60, 0x0000020de5672d30, 0x0000020de5674170, 0x0000020de56709c0,
0x0000020de5675fd0, 0x0000020de5674680, 0x0000020de5677920, 0x0000020de56764e0,
0x0000020de56769f0, 0x0000020de5677e30, 0x0000020de5676f00, 0x0000020de5677410,
0x0000020de5678340, 0x0000020decfe00e0, 0x0000020decfe1520, 0x0000020decfe1f40,
0x0000020decfe2e70, 0x0000020decfe3da0, 0x0000020decfe05f0, 0x0000020decfe1010,
0x0000020decfe51e0, 0x0000020decfe56f0, 0x0000020decfe5c00, 0x0000020decfe6b30,
0x0000020decfe7040, 0x0000020decfe7a60, 0x0000020de5190200, 0x0000020de51943d0,
0x0000020de51948e0
}

Java Threads: ( => current thread )
  0x0000020dfbab4e70 JavaThread "main" [_thread_blocked, id=7876, stack(0x000000ba4c400000,0x000000ba4c500000)]
  0x0000020d98af3e50 JavaThread "Reference Handler" daemon [_thread_blocked, id=20312, stack(0x000000ba4cb00000,0x000000ba4cc00000)]
  0x0000020d98af6930 JavaThread "Finalizer" daemon [_thread_blocked, id=5980, stack(0x000000ba4cc00000,0x000000ba4cd00000)]
  0x0000020dde00f340 JavaThread "Signal Dispatcher" daemon [_thread_blocked, id=21736, stack(0x000000ba4cd00000,0x000000ba4ce00000)]
  0x0000020dde00fc10 JavaThread "Attach Listener" daemon [_thread_blocked, id=21192, stack(0x000000ba4ce00000,0x000000ba4cf00000)]
  0x0000020dde0118f0 JavaThread "Service Thread" daemon [_thread_blocked, id=14140, stack(0x000000ba4cf00000,0x000000ba4d000000)]
  0x0000020dde0121c0 JavaThread "Monitor Deflation Thread" daemon [_thread_blocked, id=19940, stack(0x000000ba4d000000,0x000000ba4d100000)]
  0x0000020dde012dc0 JavaThread "C2 CompilerThread0" daemon [_thread_blocked, id=6584, stack(0x000000ba4d100000,0x000000ba4d200000)]
  0x0000020dde0136d0 JavaThread "C1 CompilerThread0" daemon [_thread_blocked, id=17176, stack(0x000000ba4d200000,0x000000ba4d300000)]
  0x0000020dde045f30 JavaThread "Sweeper thread" daemon [_thread_blocked, id=5232, stack(0x000000ba4d300000,0x000000ba4d400000)]
  0x0000020dde18ae70 JavaThread "Common-Cleaner" daemon [_thread_blocked, id=20652, stack(0x000000ba4d400000,0x000000ba4d500000)]
  0x0000020dde18d980 JavaThread "Notification Thread" daemon [_thread_blocked, id=21616, stack(0x000000ba4d500000,0x000000ba4d600000)]
  0x0000020de086f9f0 JavaThread "Daemon health stats" [_thread_blocked, id=17184, stack(0x000000ba4dd00000,0x000000ba4de00000)]
  0x0000020de09a2310 JavaThread "Incoming local TCP Connector on port 55381" [_thread_in_native, id=6484, stack(0x000000ba4de00000,0x000000ba4df00000)]
  0x0000020ddfcf3370 JavaThread "Daemon periodic checks" [_thread_blocked, id=12340, stack(0x000000ba4df00000,0x000000ba4e000000)]
  0x0000020ddee71a20 JavaThread "Cache worker for journal cache (C:\Users\Inurum_Four\.gradle\caches\journal-1)" [_thread_blocked, id=9264, stack(0x000000ba4e700000,0x000000ba4e800000)]
  0x0000020ddee72440 JavaThread "File lock request listener" [_thread_in_native, id=11184, stack(0x000000ba4e800000,0x000000ba4e900000)]
  0x0000020ddee73370 JavaThread "Cache worker for file hash cache (C:\Users\Inurum_Four\.gradle\caches\7.6\fileHashes)" [_thread_blocked, id=8224, stack(0x000000ba4d700000,0x000000ba4d800000)]
  0x0000020ddee70af0 JavaThread "File watcher server" daemon [_thread_blocked, id=2988, stack(0x000000ba4ea00000,0x000000ba4eb00000)]
  0x0000020ddee71000 JavaThread "File watcher consumer" daemon [_thread_blocked, id=10036, stack(0x000000ba4eb00000,0x000000ba4ec00000)]
  0x0000020de23b3ad0 JavaThread "Cache worker for file content cache (C:\Users\Inurum_Four\.gradle\caches\7.6\fileContent)" [_thread_blocked, id=4004, stack(0x000000ba4ee00000,0x000000ba4ef00000)]
  0x0000020de23b4a00 JavaThread "Cache worker for execution history cache (C:\Users\Inurum_Four\.gradle\caches\7.6\executionHistory)" [_thread_blocked, id=21992, stack(0x000000ba4e900000,0x000000ba4ea00000)]
  0x0000020de23b30b0 JavaThread "jar transforms" [_thread_blocked, id=7544, stack(0x000000ba4f700000,0x000000ba4f800000)]
  0x0000020de23b44f0 JavaThread "jar transforms Thread 2" [_thread_blocked, id=8996, stack(0x000000ba4f800000,0x000000ba4f900000)]
  0x0000020de23b2ba0 JavaThread "jar transforms Thread 3" [_thread_blocked, id=19676, stack(0x000000ba4f900000,0x000000ba4fa00000)]
  0x0000020de23b81b0 JavaThread "jar transforms Thread 4" [_thread_blocked, id=22468, stack(0x000000ba4fa00000,0x000000ba4fb00000)]
  0x0000020de23b6d70 JavaThread "jar transforms Thread 5" [_thread_blocked, id=22164, stack(0x000000ba4fc00000,0x000000ba4fd00000)]
  0x0000020de180f490 JavaThread "jar transforms Thread 6" [_thread_blocked, id=21188, stack(0x000000ba54e00000,0x000000ba54f00000)]
  0x0000020de180db40 JavaThread "jar transforms Thread 7" [_thread_blocked, id=5680, stack(0x000000ba54f00000,0x000000ba55000000)]
  0x0000020de180e050 JavaThread "jar transforms Thread 8" [_thread_blocked, id=15628, stack(0x000000ba55000000,0x000000ba55100000)]
  0x0000020de180f9a0 JavaThread "Memory manager" [_thread_blocked, id=19820, stack(0x000000ba4f500000,0x000000ba4f600000)]
  0x0000020de180e560 JavaThread "Cache worker for kotlin-dsl (C:\Users\Inurum_Four\.gradle\caches\7.6\kotlin-dsl)" [_thread_blocked, id=14476, stack(0x000000ba55200000,0x000000ba55300000)]
  0x0000020de5190c20 JavaThread "Cache worker for Java compile cache (C:\Users\Inurum_Four\.gradle\caches\7.6\javaCompile)" [_thread_blocked, id=17548, stack(0x000000ba56600000,0x000000ba56700000)]
  0x0000020de5190710 JavaThread "RMI Scheduler(0)" daemon [_thread_blocked, id=7696, stack(0x000000ba4ef00000,0x000000ba4f000000)]
  0x0000020de5191130 JavaThread "RMI TCP Accept-0" daemon [_thread_in_native, id=22488, stack(0x000000ba57000000,0x000000ba57100000)]
  0x0000020de23b35c0 JavaThread "Daemon Thread 4" [_thread_blocked, id=5068, stack(0x000000ba4c100000,0x000000ba4c200000)]
  0x0000020de23b6860 JavaThread "Handler for socket connection from /127.0.0.1:55381 to /127.0.0.1:62783" [_thread_in_native, id=13420, stack(0x000000ba4c200000,0x000000ba4c300000)]
  0x0000020de23b5930 JavaThread "Cancel handler" [_thread_blocked, id=22180, stack(0x000000ba4c300000,0x000000ba4c400000)]
  0x0000020de23b7280 JavaThread "Daemon worker Thread 4" [_thread_blocked, id=18672, stack(0x000000ba4e000000,0x000000ba4e100000)]
  0x0000020de23b7790 JavaThread "Asynchronous log dispatcher for DefaultDaemonConnection: socket connection from /127.0.0.1:55381 to /127.0.0.1:62783" [_thread_blocked, id=5652, stack(0x000000ba4e100000,0x000000ba4e200000)]
  0x0000020de23b3fe0 JavaThread "Stdin handler" [_thread_blocked, id=18580, stack(0x000000ba4e200000,0x000000ba4e300000)]
  0x0000020de23b7ca0 JavaThread "Daemon client event forwarder" [_thread_blocked, id=3524, stack(0x000000ba4e300000,0x000000ba4e400000)]
  0x0000020de23b8bd0 JavaThread "Cache worker for checksums cache (D:\InurumFlutter\mg\driver and customer\mahilasaarthi\driver\android\.gradle\7.6\checksums)" [_thread_blocked, id=17232, stack(0x000000ba4e400000,0x000000ba4e500000)]
  0x0000020de23b90e0 JavaThread "Cache worker for cache directory md-rule (C:\Users\Inurum_Four\.gradle\caches\7.6\md-rule)" [_thread_blocked, id=3636, stack(0x000000ba4e500000,0x000000ba4e600000)]
  0x0000020de23b95f0 JavaThread "Cache worker for file hash cache (D:\InurumFlutter\mg\driver and customer\mahilasaarthi\driver\android\.gradle\7.6\fileHashes)" [_thread_blocked, id=4044, stack(0x000000ba4e600000,0x000000ba4e700000)]
  0x0000020de23b9b00 JavaThread "Cache worker for cache directory md-supplier (C:\Users\Inurum_Four\.gradle\caches\7.6\md-supplier)" [_thread_blocked, id=5772, stack(0x000000ba4ec00000,0x000000ba4ed00000)]
  0x0000020dee9339b0 JavaThread "Cache worker for dependencies-accessors (D:\InurumFlutter\mg\driver and customer\mahilasaarthi\driver\android\.gradle\7.6\dependencies-accessors)" [_thread_blocked, id=13620, stack(0x000000ba4ed00000,0x000000ba4ee00000)]
  0x0000020dee930c20 JavaThread "Cache worker for Build Output Cleanup Cache (D:\InurumFlutter\mg\driver and customer\mahilasaarthi\driver\android\.gradle\buildOutputCleanup)" [_thread_blocked, id=18188, stack(0x000000ba4f000000,0x000000ba4f100000)]
  0x0000020dee930200 JavaThread "Unconstrained build operations" [_thread_blocked, id=5088, stack(0x000000ba4f400000,0x000000ba4f500000)]
  0x0000020dee934df0 JavaThread "Unconstrained build operations Thread 2" [_thread_blocked, id=22112, stack(0x000000ba4fb00000,0x000000ba4fc00000)]
  0x0000020dee931b50 JavaThread "Unconstrained build operations Thread 3" [_thread_blocked, id=15648, stack(0x000000ba4fd00000,0x000000ba4fe00000)]
  0x0000020dee935d20 JavaThread "Unconstrained build operations Thread 4" [_thread_blocked, id=1796, stack(0x000000ba4fe00000,0x000000ba4ff00000)]
  0x0000020dee9385a0 JavaThread "Unconstrained build operations Thread 5" [_thread_blocked, id=17804, stack(0x000000ba4ff00000,0x000000ba50000000)]
  0x0000020dee936c50 JavaThread "Unconstrained build operations Thread 6" [_thread_blocked, id=22104, stack(0x000000ba50000000,0x000000ba50100000)]
  0x0000020dee938ab0 JavaThread "Unconstrained build operations Thread 7" [_thread_blocked, id=14444, stack(0x000000ba50100000,0x000000ba50200000)]
  0x0000020dee937160 JavaThread "Unconstrained build operations Thread 8" [_thread_blocked, id=5784, stack(0x000000ba50200000,0x000000ba50300000)]
  0x0000020dee93ae20 JavaThread "Unconstrained build operations Thread 9" [_thread_blocked, id=9280, stack(0x000000ba50300000,0x000000ba50400000)]
  0x0000020dee93c260 JavaThread "Unconstrained build operations Thread 10" [_thread_blocked, id=9716, stack(0x000000ba50400000,0x000000ba50500000)]
  0x0000020dee93d6a0 JavaThread "Unconstrained build operations Thread 11" [_thread_blocked, id=16800, stack(0x000000ba50500000,0x000000ba50600000)]
  0x0000020dee93c770 JavaThread "Unconstrained build operations Thread 12" [_thread_blocked, id=14276, stack(0x000000ba50600000,0x000000ba50700000)]
  0x0000020dee93e0c0 JavaThread "Unconstrained build operations Thread 13" [_thread_blocked, id=8060, stack(0x000000ba50700000,0x000000ba50800000)]
  0x0000020dee93cc80 JavaThread "Unconstrained build operations Thread 14" [_thread_blocked, id=20316, stack(0x000000ba50800000,0x000000ba50900000)]
  0x0000020dee93d190 JavaThread "Unconstrained build operations Thread 15" [_thread_blocked, id=10032, stack(0x000000ba50900000,0x000000ba50a00000)]
  0x0000020dee93dbb0 JavaThread "Unconstrained build operations Thread 16" [_thread_blocked, id=15128, stack(0x000000ba50a00000,0x000000ba50b00000)]
  0x0000020dee93a910 JavaThread "Unconstrained build operations Thread 17" [_thread_blocked, id=17536, stack(0x000000ba50b00000,0x000000ba50c00000)]
  0x0000020dee93e5d0 JavaThread "Unconstrained build operations Thread 18" [_thread_blocked, id=16592, stack(0x000000ba50c00000,0x000000ba50d00000)]
  0x0000020dee93eae0 JavaThread "Unconstrained build operations Thread 19" [_thread_blocked, id=17668, stack(0x000000ba50d00000,0x000000ba50e00000)]
  0x0000020de22011e0 JavaThread "Unconstrained build operations Thread 20" [_thread_blocked, id=16640, stack(0x000000ba50e00000,0x000000ba50f00000)]
  0x0000020de2202110 JavaThread "Unconstrained build operations Thread 21" [_thread_blocked, id=15056, stack(0x000000ba50f00000,0x000000ba51000000)]
  0x0000020de2203f70 JavaThread "Unconstrained build operations Thread 22" [_thread_blocked, id=4752, stack(0x000000ba51000000,0x000000ba51100000)]
  0x0000020de22016f0 JavaThread "Unconstrained build operations Thread 23" [_thread_blocked, id=18896, stack(0x000000ba51100000,0x000000ba51200000)]
  0x0000020de2203a60 JavaThread "Unconstrained build operations Thread 24" [_thread_blocked, id=3880, stack(0x000000ba51200000,0x000000ba51300000)]
  0x0000020de2204480 JavaThread "Unconstrained build operations Thread 25" [_thread_blocked, id=14792, stack(0x000000ba51300000,0x000000ba51400000)]
  0x0000020de2200cd0 JavaThread "Unconstrained build operations Thread 26" [_thread_blocked, id=11212, stack(0x000000ba51400000,0x000000ba51500000)]
  0x0000020de2202620 JavaThread "Unconstrained build operations Thread 27" [_thread_blocked, id=15656, stack(0x000000ba51500000,0x000000ba51600000)]
  0x0000020de2204990 JavaThread "Unconstrained build operations Thread 28" [_thread_blocked, id=16716, stack(0x000000ba51600000,0x000000ba51700000)]
  0x0000020de2201c00 JavaThread "Unconstrained build operations Thread 29" [_thread_blocked, id=18488, stack(0x000000ba51700000,0x000000ba51800000)]
  0x0000020de2203040 JavaThread "Unconstrained build operations Thread 30" [_thread_blocked, id=14268, stack(0x000000ba51800000,0x000000ba51900000)]
  0x0000020de2206d00 JavaThread "Unconstrained build operations Thread 31" [_thread_blocked, id=17152, stack(0x000000ba51900000,0x000000ba51a00000)]
  0x0000020de2205dd0 JavaThread "Unconstrained build operations Thread 32" [_thread_blocked, id=13136, stack(0x000000ba51a00000,0x000000ba51b00000)]
  0x0000020de2203550 JavaThread "Unconstrained build operations Thread 33" [_thread_blocked, id=20556, stack(0x000000ba51b00000,0x000000ba51c00000)]
  0x0000020de2207720 JavaThread "Unconstrained build operations Thread 34" [_thread_blocked, id=14300, stack(0x000000ba51c00000,0x000000ba51d00000)]
  0x0000020de2207c30 JavaThread "Unconstrained build operations Thread 35" [_thread_blocked, id=21896, stack(0x000000ba51d00000,0x000000ba51e00000)]
  0x0000020de2208140 JavaThread "Unconstrained build operations Thread 36" [_thread_blocked, id=16728, stack(0x000000ba51e00000,0x000000ba51f00000)]
  0x0000020de2204ea0 JavaThread "Unconstrained build operations Thread 37" [_thread_blocked, id=17308, stack(0x000000ba51f00000,0x000000ba52000000)]
  0x0000020de22053b0 JavaThread "Unconstrained build operations Thread 38" [_thread_blocked, id=14088, stack(0x000000ba52000000,0x000000ba52100000)]
  0x0000020de22058c0 JavaThread "Unconstrained build operations Thread 39" [_thread_blocked, id=5564, stack(0x000000ba52100000,0x000000ba52200000)]
  0x0000020dec4c8360 JavaThread "Unconstrained build operations Thread 40" [_thread_blocked, id=2324, stack(0x000000ba52200000,0x000000ba52300000)]
  0x0000020dec4c7430 JavaThread "Unconstrained build operations Thread 41" [_thread_blocked, id=19264, stack(0x000000ba52300000,0x000000ba52400000)]
  0x0000020dec4c7e50 JavaThread "Unconstrained build operations Thread 42" [_thread_blocked, id=12252, stack(0x000000ba52400000,0x000000ba52500000)]
  0x0000020dec4c6500 JavaThread "Unconstrained build operations Thread 43" [_thread_blocked, id=22256, stack(0x000000ba52500000,0x000000ba52600000)]
  0x0000020dec4c6a10 JavaThread "Unconstrained build operations Thread 44" [_thread_blocked, id=17124, stack(0x000000ba52600000,0x000000ba52700000)]
  0x0000020dec4c7940 JavaThread "Unconstrained build operations Thread 45" [_thread_blocked, id=5748, stack(0x000000ba52700000,0x000000ba52800000)]
  0x0000020dec4c8870 JavaThread "Unconstrained build operations Thread 46" [_thread_blocked, id=16476, stack(0x000000ba52800000,0x000000ba52900000)]
  0x0000020dec4c50c0 JavaThread "Unconstrained build operations Thread 47" [_thread_blocked, id=20704, stack(0x000000ba52900000,0x000000ba52a00000)]
  0x0000020dec4c5ae0 JavaThread "Unconstrained build operations Thread 48" [_thread_blocked, id=7416, stack(0x000000ba52a00000,0x000000ba52b00000)]
  0x0000020dec4c6f20 JavaThread "Unconstrained build operations Thread 49" [_thread_blocked, id=16912, stack(0x000000ba52b00000,0x000000ba52c00000)]
  0x0000020dec4c8d80 JavaThread "Unconstrained build operations Thread 50" [_thread_blocked, id=17424, stack(0x000000ba52c00000,0x000000ba52d00000)]
  0x0000020dec4c9290 JavaThread "Unconstrained build operations Thread 51" [_thread_blocked, id=21692, stack(0x000000ba52d00000,0x000000ba52e00000)]
  0x0000020dec4c5ff0 JavaThread "Unconstrained build operations Thread 52" [_thread_blocked, id=17316, stack(0x000000ba52e00000,0x000000ba52f00000)]
  0x0000020dec4c9cb0 JavaThread "Unconstrained build operations Thread 53" [_thread_blocked, id=14228, stack(0x000000ba52f00000,0x000000ba53000000)]
  0x0000020dec4ca6d0 JavaThread "Unconstrained build operations Thread 54" [_thread_blocked, id=16816, stack(0x000000ba53000000,0x000000ba53100000)]
  0x0000020dec4cbb10 JavaThread "Unconstrained build operations Thread 55" [_thread_blocked, id=18772, stack(0x000000ba53100000,0x000000ba53200000)]
  0x0000020dec4cabe0 JavaThread "Unconstrained build operations Thread 56" [_thread_blocked, id=15620, stack(0x000000ba53200000,0x000000ba53300000)]
  0x0000020dec4cc020 JavaThread "Unconstrained build operations Thread 57" [_thread_blocked, id=12868, stack(0x000000ba53300000,0x000000ba53400000)]
  0x0000020dec4cb0f0 JavaThread "Unconstrained build operations Thread 58" [_thread_blocked, id=19428, stack(0x000000ba53400000,0x000000ba53500000)]
  0x0000020dec4cb600 JavaThread "Unconstrained build operations Thread 59" [_thread_blocked, id=16124, stack(0x000000ba53500000,0x000000ba53600000)]
  0x0000020de5673240 JavaThread "Unconstrained build operations Thread 60" [_thread_blocked, id=4708, stack(0x000000ba53600000,0x000000ba53700000)]
  0x0000020de56718f0 JavaThread "Unconstrained build operations Thread 61" [_thread_blocked, id=13592, stack(0x000000ba53700000,0x000000ba53800000)]
  0x0000020de5673750 JavaThread "Unconstrained build operations Thread 62" [_thread_blocked, id=8664, stack(0x000000ba53800000,0x000000ba53900000)]
  0x0000020de5671e00 JavaThread "Unconstrained build operations Thread 63" [_thread_blocked, id=13880, stack(0x000000ba53900000,0x000000ba53a00000)]
  0x0000020de5672820 JavaThread "Unconstrained build operations Thread 64" [_thread_blocked, id=21264, stack(0x000000ba53a00000,0x000000ba53b00000)]
  0x0000020de5673c60 JavaThread "Unconstrained build operations Thread 65" [_thread_blocked, id=21608, stack(0x000000ba53b00000,0x000000ba53c00000)]
  0x0000020de5672d30 JavaThread "Unconstrained build operations Thread 66" [_thread_blocked, id=21996, stack(0x000000ba53c00000,0x000000ba53d00000)]
  0x0000020de5674170 JavaThread "Unconstrained build operations Thread 67" [_thread_blocked, id=19948, stack(0x000000ba53d00000,0x000000ba53e00000)]
  0x0000020de56709c0 JavaThread "Unconstrained build operations Thread 68" [_thread_blocked, id=19104, stack(0x000000ba53e00000,0x000000ba53f00000)]
  0x0000020de5675fd0 JavaThread "Unconstrained build operations Thread 69" [_thread_blocked, id=12832, stack(0x000000ba53f00000,0x000000ba54000000)]
  0x0000020de5674680 JavaThread "Unconstrained build operations Thread 70" [_thread_blocked, id=21008, stack(0x000000ba54000000,0x000000ba54100000)]
  0x0000020de5677920 JavaThread "Unconstrained build operations Thread 71" [_thread_blocked, id=16624, stack(0x000000ba54100000,0x000000ba54200000)]
  0x0000020de56764e0 JavaThread "Unconstrained build operations Thread 72" [_thread_blocked, id=19172, stack(0x000000ba54200000,0x000000ba54300000)]
  0x0000020de56769f0 JavaThread "Unconstrained build operations Thread 73" [_thread_blocked, id=2064, stack(0x000000ba54300000,0x000000ba54400000)]
  0x0000020de5677e30 JavaThread "Unconstrained build operations Thread 74" [_thread_blocked, id=1304, stack(0x000000ba54400000,0x000000ba54500000)]
  0x0000020de5676f00 JavaThread "Unconstrained build operations Thread 75" [_thread_blocked, id=8744, stack(0x000000ba54500000,0x000000ba54600000)]
  0x0000020de5677410 JavaThread "Unconstrained build operations Thread 76" [_thread_blocked, id=1624, stack(0x000000ba54600000,0x000000ba54700000)]
  0x0000020de5678340 JavaThread "Unconstrained build operations Thread 77" [_thread_blocked, id=14028, stack(0x000000ba54700000,0x000000ba54800000)]
  0x0000020decfe00e0 JavaThread "Unconstrained build operations Thread 78" [_thread_blocked, id=3076, stack(0x000000ba54800000,0x000000ba54900000)]
  0x0000020decfe1520 JavaThread "Unconstrained build operations Thread 79" [_thread_blocked, id=14728, stack(0x000000ba54900000,0x000000ba54a00000)]
  0x0000020decfe1f40 JavaThread "Unconstrained build operations Thread 80" [_thread_blocked, id=2676, stack(0x000000ba54a00000,0x000000ba54b00000)]
  0x0000020decfe2e70 JavaThread "included builds" [_thread_blocked, id=5420, stack(0x000000ba55100000,0x000000ba55200000)]
  0x0000020decfe3da0 JavaThread "Execution worker" [_thread_blocked, id=18584, stack(0x000000ba55300000,0x000000ba55400000)]
  0x0000020decfe05f0 JavaThread "Execution worker Thread 2" [_thread_blocked, id=6836, stack(0x000000ba55900000,0x000000ba55a00000)]
  0x0000020decfe1010 JavaThread "Execution worker Thread 3" [_thread_blocked, id=13532, stack(0x000000ba55a00000,0x000000ba55b00000)]
  0x0000020decfe51e0 JavaThread "Execution worker Thread 4" [_thread_blocked, id=6408, stack(0x000000ba55b00000,0x000000ba55c00000)]
  0x0000020decfe56f0 JavaThread "Execution worker Thread 5" [_thread_blocked, id=5268, stack(0x000000ba55c00000,0x000000ba55d00000)]
  0x0000020decfe5c00 JavaThread "Execution worker Thread 6" [_thread_blocked, id=13696, stack(0x000000ba55d00000,0x000000ba55e00000)]
  0x0000020decfe6b30 JavaThread "Execution worker Thread 7" [_thread_blocked, id=17312, stack(0x000000ba55e00000,0x000000ba55f00000)]
  0x0000020decfe7040 JavaThread "Cache worker for execution history cache (D:\InurumFlutter\mg\driver and customer\mahilasaarthi\driver\android\.gradle\7.6\executionHistory)" [_thread_blocked, id=10164, stack(0x000000ba55f00000,0x000000ba56000000)]
  0x0000020decfe7a60 JavaThread "Exec process Thread 10" [_thread_blocked, id=19336, stack(0x000000ba56000000,0x000000ba56100000)]
  0x0000020de5190200 JavaThread "Exec process Thread 11" [_thread_blocked, id=20180, stack(0x000000ba56100000,0x000000ba56200000)]
  0x0000020de51943d0 JavaThread "Exec process Thread 12" [_thread_blocked, id=21732, stack(0x000000ba56200000,0x000000ba56300000)]
  0x0000020de51948e0 JavaThread "WorkerExecutor Queue" [_thread_blocked, id=21124, stack(0x000000ba54b00000,0x000000ba54c00000)]

Other Threads:
=>0x0000020d98aed470 VMThread "VM Thread" [stack: 0x000000ba4ca00000,0x000000ba4cb00000] [id=13728]
  0x0000020dde192270 WatcherThread [stack: 0x000000ba4d600000,0x000000ba4d700000] [id=16316]
  0x0000020dfbb034f0 GCTaskThread "GC Thread#0" [stack: 0x000000ba4c500000,0x000000ba4c600000] [id=9320]
  0x0000020ddf047590 GCTaskThread "GC Thread#1" [stack: 0x000000ba4d800000,0x000000ba4d900000] [id=10440]
  0x0000020ddf047850 GCTaskThread "GC Thread#2" [stack: 0x000000ba4d900000,0x000000ba4da00000] [id=16000]
  0x0000020ddf047b10 GCTaskThread "GC Thread#3" [stack: 0x000000ba4da00000,0x000000ba4db00000] [id=16848]
  0x0000020dde9b4870 GCTaskThread "GC Thread#4" [stack: 0x000000ba4db00000,0x000000ba4dc00000] [id=22348]
  0x0000020dde9b4d40 GCTaskThread "GC Thread#5" [stack: 0x000000ba4dc00000,0x000000ba4dd00000] [id=9616]
  0x0000020de07787b0 GCTaskThread "GC Thread#6" [stack: 0x000000ba4f100000,0x000000ba4f200000] [id=7960]
  0x0000020de0778a70 GCTaskThread "GC Thread#7" [stack: 0x000000ba4f200000,0x000000ba4f300000] [id=7852]
  0x0000020dfbb104b0 ConcurrentGCThread "G1 Main Marker" [stack: 0x000000ba4c600000,0x000000ba4c700000] [id=1732]
  0x0000020dfbb12e00 ConcurrentGCThread "G1 Conc#0" [stack: 0x000000ba4c700000,0x000000ba4c800000] [id=22272]
  0x0000020de0779830 ConcurrentGCThread "G1 Conc#1" [stack: 0x000000ba4f300000,0x000000ba4f400000] [id=14844]
  0x0000020d989afe80 ConcurrentGCThread "G1 Refine#0" [stack: 0x000000ba4c800000,0x000000ba4c900000] [id=17508]
  0x0000020de25419d0 ConcurrentGCThread "G1 Refine#1" [stack: 0x000000ba4f600000,0x000000ba4f700000] [id=8684]
  0x0000020de5b69560 ConcurrentGCThread "G1 Refine#2" [stack: 0x000000ba55400000,0x000000ba55500000] [id=17712]
  0x0000020de5b6c170 ConcurrentGCThread "G1 Refine#3" [stack: 0x000000ba55500000,0x000000ba55600000] [id=21496]
  0x0000020de5b69850 ConcurrentGCThread "G1 Refine#4" [stack: 0x000000ba55600000,0x000000ba55700000] [id=15652]
  0x0000020de5b6b8a0 ConcurrentGCThread "G1 Refine#5" [stack: 0x000000ba55700000,0x000000ba55800000] [id=17972]
  0x0000020de5b6afd0 ConcurrentGCThread "G1 Refine#6" [stack: 0x000000ba55800000,0x000000ba55900000] [id=6268]
  0x0000020ded12dfa0 ConcurrentGCThread "G1 Refine#7" [stack: 0x000000ba54c00000,0x000000ba54d00000] [id=14704]
  0x0000020d989b0660 ConcurrentGCThread "G1 Service" [stack: 0x000000ba4c900000,0x000000ba4ca00000] [id=2184]

Threads with active compile tasks:

VM state: at safepoint (normal execution)

VM Mutex/Monitor currently owned by a thread:  ([mutex/lock_event])
[0x0000020dfbaaffd0] Threads_lock - owner thread: 0x0000020d98aed470
[0x0000020dfbab0cc0] Heap_lock - owner thread: 0x0000020dfbb104b0

Heap address: 0x00000000a0000000, size: 1536 MB, Compressed Oops mode: 32-bit

CDS archive(s) mapped at: [0x0000020d99000000-0x0000020d99bd0000-0x0000020d99bd0000), size 12386304, SharedBaseAddress: 0x0000020d99000000, ArchiveRelocationMode: 1.
Compressed class space mapped at: 0x0000020d9a000000-0x0000020dda000000, reserved size: 1073741824
Narrow klass base: 0x0000020d99000000, Narrow klass shift: 0, Narrow klass range: 0x100000000

GC Precious Log:
 CPUs: 8 total, 8 available
 Memory: 16197M
 Large Page Support: Disabled
 NUMA Support: Disabled
 Compressed Oops: Enabled (32-bit)
 Heap Region Size: 1M
 Heap Min Capacity: 8M
 Heap Initial Capacity: 254M
 Heap Max Capacity: 1536M
 Pre-touch: Disabled
 Parallel Workers: 8
 Concurrent Workers: 2
 Concurrent Refinement Workers: 8
 Periodic GC: Disabled

Heap:
 garbage-first heap   total 910336K, used 721968K [0x00000000a0000000, 0x0000000100000000)
  region size 1024K, 16 young (16384K), 3 survivors (3072K)
 Metaspace       used 154854K, committed 157440K, reserved 1245184K
  class space    used 20212K, committed 21312K, reserved 1048576K

Heap Regions: E=young(eden), S=young(survivor), O=old, HS=humongous(starts), HC=humongous(continues), CS=collection set, F=free, OA=open archive, CA=closed archive, TAMS=top-at-mark-start (previous, next)
|   0|0x00000000a0000000, 0x00000000a0100000, 0x00000000a0100000|100%|HS|  |TAMS 0x00000000a0100000, 0x00000000a0000000| Complete 
|   1|0x00000000a0100000, 0x00000000a0200000, 0x00000000a0200000|100%|HC|  |TAMS 0x00000000a0200000, 0x00000000a0100000| Complete 
|   2|0x00000000a0200000, 0x00000000a0300000, 0x00000000a0300000|100%|HC|  |TAMS 0x00000000a0300000, 0x00000000a0200000| Complete 
|   3|0x00000000a0300000, 0x00000000a0400000, 0x00000000a0400000|100%| O|  |TAMS 0x00000000a0400000, 0x00000000a0300000| Untracked 
|   4|0x00000000a0400000, 0x00000000a0500000, 0x00000000a0500000|100%| O|  |TAMS 0x00000000a0500000, 0x00000000a0400000| Untracked 
|   5|0x00000000a0500000, 0x00000000a05fff78, 0x00000000a0600000| 99%| O|  |TAMS 0x00000000a05fff78, 0x00000000a0500000| Untracked 
|   6|0x00000000a0600000, 0x00000000a06feff0, 0x00000000a0700000| 99%| O|  |TAMS 0x00000000a06feff0, 0x00000000a0600000| Untracked 
|   7|0x00000000a0700000, 0x00000000a07fffa8, 0x00000000a0800000| 99%| O|  |TAMS 0x00000000a07fffa8, 0x00000000a0700000| Untracked 
|   8|0x00000000a0800000, 0x00000000a0900000, 0x00000000a0900000|100%| O|  |TAMS 0x00000000a0900000, 0x00000000a0800000| Untracked 
|   9|0x00000000a0900000, 0x00000000a09f8ce0, 0x00000000a0a00000| 97%| O|  |TAMS 0x00000000a09f8ce0, 0x00000000a0900000| Untracked 
|  10|0x00000000a0a00000, 0x00000000a0aee680, 0x00000000a0b00000| 93%| O|  |TAMS 0x00000000a0aee680, 0x00000000a0a00000| Untracked 
|  11|0x00000000a0b00000, 0x00000000a0c00000, 0x00000000a0c00000|100%| O|  |TAMS 0x00000000a0c00000, 0x00000000a0b00000| Untracked 
|  12|0x00000000a0c00000, 0x00000000a0cf6820, 0x00000000a0d00000| 96%| O|  |TAMS 0x00000000a0cf6820, 0x00000000a0c00000| Untracked 
|  13|0x00000000a0d00000, 0x00000000a0dffff0, 0x00000000a0e00000| 99%| O|  |TAMS 0x00000000a0dffff0, 0x00000000a0d00000| Untracked 
|  14|0x00000000a0e00000, 0x00000000a0effff0, 0x00000000a0f00000| 99%| O|  |TAMS 0x00000000a0effff0, 0x00000000a0e00000| Untracked 
|  15|0x00000000a0f00000, 0x00000000a0fffd30, 0x00000000a1000000| 99%| O|  |TAMS 0x00000000a0fffd30, 0x00000000a0f00000| Untracked 
|  16|0x00000000a1000000, 0x00000000a10fffd8, 0x00000000a1100000| 99%| O|  |TAMS 0x00000000a10fffd8, 0x00000000a1000000| Untracked 
|  17|0x00000000a1100000, 0x00000000a11ffff0, 0x00000000a1200000| 99%| O|  |TAMS 0x00000000a11ffff0, 0x00000000a1100000| Untracked 
|  18|0x00000000a1200000, 0x00000000a12fffe0, 0x00000000a1300000| 99%| O|  |TAMS 0x00000000a12fffe0, 0x00000000a1200000| Untracked 
|  19|0x00000000a1300000, 0x00000000a13fffe0, 0x00000000a1400000| 99%| O|  |TAMS 0x00000000a13fffe0, 0x00000000a1300000| Untracked 
|  20|0x00000000a1400000, 0x00000000a14fffe8, 0x00000000a1500000| 99%| O|  |TAMS 0x00000000a14fffe8, 0x00000000a1400000| Untracked 
|  21|0x00000000a1500000, 0x00000000a1600000, 0x00000000a1600000|100%| O|  |TAMS 0x00000000a1600000, 0x00000000a1500000| Untracked 
|  22|0x00000000a1600000, 0x00000000a16ffea8, 0x00000000a1700000| 99%| O|  |TAMS 0x00000000a16ffea8, 0x00000000a1600000| Untracked 
|  23|0x00000000a1700000, 0x00000000a17ffff0, 0x00000000a1800000| 99%| O|  |TAMS 0x00000000a17ffff0, 0x00000000a1700000| Untracked 
|  24|0x00000000a1800000, 0x00000000a1900000, 0x00000000a1900000|100%| O|  |TAMS 0x00000000a1900000, 0x00000000a1800000| Untracked 
|  25|0x00000000a1900000, 0x00000000a19ffe88, 0x00000000a1a00000| 99%| O|  |TAMS 0x00000000a19ffe88, 0x00000000a1900000| Untracked 
|  26|0x00000000a1a00000, 0x00000000a1afcce0, 0x00000000a1b00000| 98%| O|  |TAMS 0x00000000a1afcce0, 0x00000000a1a00000| Untracked 
|  27|0x00000000a1b00000, 0x00000000a1bfffe0, 0x00000000a1c00000| 99%| O|  |TAMS 0x00000000a1bfffe0, 0x00000000a1b00000| Untracked 
|  28|0x00000000a1c00000, 0x00000000a1cffff0, 0x00000000a1d00000| 99%| O|  |TAMS 0x00000000a1cffff0, 0x00000000a1c00000| Untracked 
|  29|0x00000000a1d00000, 0x00000000a1dffff0, 0x00000000a1e00000| 99%| O|  |TAMS 0x00000000a1dffff0, 0x00000000a1d00000| Untracked 
|  30|0x00000000a1e00000, 0x00000000a1f00000, 0x00000000a1f00000|100%| O|  |TAMS 0x00000000a1f00000, 0x00000000a1e00000| Untracked 
|  31|0x00000000a1f00000, 0x00000000a1ffffe0, 0x00000000a2000000| 99%| O|  |TAMS 0x00000000a1ffffe0, 0x00000000a1f00000| Untracked 
|  32|0x00000000a2000000, 0x00000000a20fffc0, 0x00000000a2100000| 99%| O|  |TAMS 0x00000000a20fffc0, 0x00000000a2000000| Untracked 
|  33|0x00000000a2100000, 0x00000000a21fffc8, 0x00000000a2200000| 99%| O|  |TAMS 0x00000000a21fffc8, 0x00000000a2100000| Untracked 
|  34|0x00000000a2200000, 0x00000000a2300000, 0x00000000a2300000|100%| O|  |TAMS 0x00000000a2300000, 0x00000000a2200000| Updating 
|  35|0x00000000a2300000, 0x00000000a2400000, 0x00000000a2400000|100%|HS|  |TAMS 0x00000000a2400000, 0x00000000a2300000| Complete 
|  36|0x00000000a2400000, 0x00000000a2500000, 0x00000000a2500000|100%|HS|  |TAMS 0x00000000a2500000, 0x00000000a2400000| Complete 
|  37|0x00000000a2500000, 0x00000000a25fffc8, 0x00000000a2600000| 99%| O|  |TAMS 0x00000000a25fffc8, 0x00000000a2500000| Untracked 
|  38|0x00000000a2600000, 0x00000000a2700000, 0x00000000a2700000|100%|HS|  |TAMS 0x00000000a2700000, 0x00000000a2600000| Complete 
|  39|0x00000000a2700000, 0x00000000a2800000, 0x00000000a2800000|100%|HS|  |TAMS 0x00000000a2800000, 0x00000000a2700000| Complete 
|  40|0x00000000a2800000, 0x00000000a2900000, 0x00000000a2900000|100%|HC|  |TAMS 0x00000000a2900000, 0x00000000a2800000| Complete 
|  41|0x00000000a2900000, 0x00000000a2a00000, 0x00000000a2a00000|100%|HS|  |TAMS 0x00000000a2a00000, 0x00000000a2900000| Complete 
|  42|0x00000000a2a00000, 0x00000000a2b00000, 0x00000000a2b00000|100%|HS|  |TAMS 0x00000000a2b00000, 0x00000000a2a00000| Complete 
|  43|0x00000000a2b00000, 0x00000000a2bfffe0, 0x00000000a2c00000| 99%| O|  |TAMS 0x00000000a2bfffe0, 0x00000000a2b00000| Untracked 
|  44|0x00000000a2c00000, 0x00000000a2d00000, 0x00000000a2d00000|100%|HS|  |TAMS 0x00000000a2d00000, 0x00000000a2c00000| Complete 
|  45|0x00000000a2d00000, 0x00000000a2e00000, 0x00000000a2e00000|100%|HC|  |TAMS 0x00000000a2e00000, 0x00000000a2d00000| Complete 
|  46|0x00000000a2e00000, 0x00000000a2f00000, 0x00000000a2f00000|100%|HC|  |TAMS 0x00000000a2f00000, 0x00000000a2e00000| Complete 
|  47|0x00000000a2f00000, 0x00000000a3000000, 0x00000000a3000000|100%|HC|  |TAMS 0x00000000a3000000, 0x00000000a2f00000| Complete 
|  48|0x00000000a3000000, 0x00000000a3100000, 0x00000000a3100000|100%|HS|  |TAMS 0x00000000a3100000, 0x00000000a3000000| Complete 
|  49|0x00000000a3100000, 0x00000000a3200000, 0x00000000a3200000|100%|HC|  |TAMS 0x00000000a3200000, 0x00000000a3100000| Complete 
|  50|0x00000000a3200000, 0x00000000a3300000, 0x00000000a3300000|100%| O|  |TAMS 0x00000000a3300000, 0x00000000a3200000| Untracked 
|  51|0x00000000a3300000, 0x00000000a33fffd0, 0x00000000a3400000| 99%| O|  |TAMS 0x00000000a33fffd0, 0x00000000a3300000| Untracked 
|  52|0x00000000a3400000, 0x00000000a3500000, 0x00000000a3500000|100%| O|  |TAMS 0x00000000a3500000, 0x00000000a3400000| Untracked 
|  53|0x00000000a3500000, 0x00000000a35973b8, 0x00000000a3600000| 59%| O|  |TAMS 0x00000000a35973b8, 0x00000000a3500000| Updating 
|  54|0x00000000a3600000, 0x00000000a3700000, 0x00000000a3700000|100%| O|  |TAMS 0x00000000a3700000, 0x00000000a3600000| Untracked 
|  55|0x00000000a3700000, 0x00000000a37ffff8, 0x00000000a3800000| 99%| O|  |TAMS 0x00000000a37ffff8, 0x00000000a3700000| Untracked 
|  56|0x00000000a3800000, 0x00000000a38fffe0, 0x00000000a3900000| 99%| O|  |TAMS 0x00000000a38fffe0, 0x00000000a3800000| Untracked 
|  57|0x00000000a3900000, 0x00000000a39f9840, 0x00000000a3a00000| 97%| O|  |TAMS 0x00000000a39f9840, 0x00000000a3900000| Updating 
|  58|0x00000000a3a00000, 0x00000000a3b00000, 0x00000000a3b00000|100%| O|  |TAMS 0x00000000a3b00000, 0x00000000a3a00000| Untracked 
|  59|0x00000000a3b00000, 0x00000000a3bfffe8, 0x00000000a3c00000| 99%| O|  |TAMS 0x00000000a3bfffe8, 0x00000000a3b00000| Untracked 
|  60|0x00000000a3c00000, 0x00000000a3cffff8, 0x00000000a3d00000| 99%| O|  |TAMS 0x00000000a3cffff8, 0x00000000a3c00000| Untracked 
|  61|0x00000000a3d00000, 0x00000000a3dd7550, 0x00000000a3e00000| 84%| O|  |TAMS 0x00000000a3dd7550, 0x00000000a3d00000| Updating 
|  62|0x00000000a3e00000, 0x00000000a3efd168, 0x00000000a3f00000| 98%| O|  |TAMS 0x00000000a3efd168, 0x00000000a3e00000| Untracked 
|  63|0x00000000a3f00000, 0x00000000a3fffff8, 0x00000000a4000000| 99%| O|  |TAMS 0x00000000a3fffff8, 0x00000000a3f00000| Updating 
|  64|0x00000000a4000000, 0x00000000a4100000, 0x00000000a4100000|100%|HS|  |TAMS 0x00000000a4100000, 0x00000000a4000000| Complete 
|  65|0x00000000a4100000, 0x00000000a41fffd0, 0x00000000a4200000| 99%| O|  |TAMS 0x00000000a41fffd0, 0x00000000a4100000| Updating 
|  66|0x00000000a4200000, 0x00000000a4300000, 0x00000000a4300000|100%|HS|  |TAMS 0x00000000a4300000, 0x00000000a4200000| Complete 
|  67|0x00000000a4300000, 0x00000000a4400000, 0x00000000a4400000|100%| O|  |TAMS 0x00000000a4400000, 0x00000000a4300000| Untracked 
|  68|0x00000000a4400000, 0x00000000a44ffff8, 0x00000000a4500000| 99%| O|  |TAMS 0x00000000a44ffff8, 0x00000000a4400000| Untracked 
|  69|0x00000000a4500000, 0x00000000a45fff48, 0x00000000a4600000| 99%| O|  |TAMS 0x00000000a45fff48, 0x00000000a4500000| Updating 
|  70|0x00000000a4600000, 0x00000000a46fffd8, 0x00000000a4700000| 99%| O|  |TAMS 0x00000000a46fffd8, 0x00000000a4600000| Untracked 
|  71|0x00000000a4700000, 0x00000000a47fffe8, 0x00000000a4800000| 99%| O|  |TAMS 0x00000000a47fffe8, 0x00000000a4700000| Untracked 
|  72|0x00000000a4800000, 0x00000000a48ffff0, 0x00000000a4900000| 99%| O|  |TAMS 0x00000000a48ffff0, 0x00000000a4800000| Untracked 
|  73|0x00000000a4900000, 0x00000000a4a00000, 0x00000000a4a00000|100%| O|  |TAMS 0x00000000a4a00000, 0x00000000a4900000| Untracked 
|  74|0x00000000a4a00000, 0x00000000a4affff8, 0x00000000a4b00000| 99%| O|  |TAMS 0x00000000a4affff8, 0x00000000a4a00000| Updating 
|  75|0x00000000a4b00000, 0x00000000a4bfada0, 0x00000000a4c00000| 97%| O|  |TAMS 0x00000000a4bfada0, 0x00000000a4b00000| Untracked 
|  76|0x00000000a4c00000, 0x00000000a4cffff0, 0x00000000a4d00000| 99%| O|  |TAMS 0x00000000a4cffff0, 0x00000000a4c00000| Untracked 
|  77|0x00000000a4d00000, 0x00000000a4dff5a0, 0x00000000a4e00000| 99%| O|  |TAMS 0x00000000a4dff5a0, 0x00000000a4d00000| Updating 
|  78|0x00000000a4e00000, 0x00000000a4efffd0, 0x00000000a4f00000| 99%| O|  |TAMS 0x00000000a4efffd0, 0x00000000a4e00000| Untracked 
|  79|0x00000000a4f00000, 0x00000000a4fffff8, 0x00000000a5000000| 99%| O|  |TAMS 0x00000000a4fffff8, 0x00000000a4f00000| Untracked 
|  80|0x00000000a5000000, 0x00000000a5100000, 0x00000000a5100000|100%| O|  |TAMS 0x00000000a5100000, 0x00000000a5000000| Untracked 
|  81|0x00000000a5100000, 0x00000000a51ffff8, 0x00000000a5200000| 99%| O|  |TAMS 0x00000000a51ffff8, 0x00000000a5100000| Untracked 
|  82|0x00000000a5200000, 0x00000000a52ffff0, 0x00000000a5300000| 99%| O|  |TAMS 0x00000000a52ffff0, 0x00000000a5200000| Updating 
|  83|0x00000000a5300000, 0x00000000a5400000, 0x00000000a5400000|100%| O|  |TAMS 0x00000000a5400000, 0x00000000a5300000| Untracked 
|  84|0x00000000a5400000, 0x00000000a54fffe8, 0x00000000a5500000| 99%| O|  |TAMS 0x00000000a54fffe8, 0x00000000a5400000| Updating 
|  85|0x00000000a5500000, 0x00000000a5600000, 0x00000000a5600000|100%| O|  |TAMS 0x00000000a5600000, 0x00000000a5500000| Untracked 
|  86|0x00000000a5600000, 0x00000000a56ffff8, 0x00000000a5700000| 99%| O|  |TAMS 0x00000000a56ffff8, 0x00000000a5600000| Updating 
|  87|0x00000000a5700000, 0x00000000a57fffc8, 0x00000000a5800000| 99%| O|  |TAMS 0x00000000a57fffc8, 0x00000000a5700000| Untracked 
|  88|0x00000000a5800000, 0x00000000a58ffff0, 0x00000000a5900000| 99%| O|  |TAMS 0x00000000a58ffff0, 0x00000000a5800000| Untracked 
|  89|0x00000000a5900000, 0x00000000a59fffe8, 0x00000000a5a00000| 99%| O|  |TAMS 0x00000000a59fffe8, 0x00000000a5900000| Untracked 
|  90|0x00000000a5a00000, 0x00000000a5affff0, 0x00000000a5b00000| 99%| O|  |TAMS 0x00000000a5affff0, 0x00000000a5a00000| Untracked 
|  91|0x00000000a5b00000, 0x00000000a5bfffe0, 0x00000000a5c00000| 99%| O|  |TAMS 0x00000000a5bfffe0, 0x00000000a5b00000| Untracked 
|  92|0x00000000a5c00000, 0x00000000a5cffff0, 0x00000000a5d00000| 99%| O|  |TAMS 0x00000000a5cffff0, 0x00000000a5c00000| Untracked 
|  93|0x00000000a5d00000, 0x00000000a5dfffa8, 0x00000000a5e00000| 99%| O|  |TAMS 0x00000000a5dfffa8, 0x00000000a5d00000| Untracked 
|  94|0x00000000a5e00000, 0x00000000a5effff8, 0x00000000a5f00000| 99%| O|  |TAMS 0x00000000a5effff8, 0x00000000a5e00000| Untracked 
|  95|0x00000000a5f00000, 0x00000000a5fff648, 0x00000000a6000000| 99%| O|  |TAMS 0x00000000a5fff648, 0x00000000a5f00000| Untracked 
|  96|0x00000000a6000000, 0x00000000a6100000, 0x00000000a6100000|100%|HS|  |TAMS 0x00000000a6100000, 0x00000000a6000000| Complete 
|  97|0x00000000a6100000, 0x00000000a6200000, 0x00000000a6200000|100%|HS|  |TAMS 0x00000000a6200000, 0x00000000a6100000| Complete 
|  98|0x00000000a6200000, 0x00000000a6300000, 0x00000000a6300000|100%|HS|  |TAMS 0x00000000a6300000, 0x00000000a6200000| Complete 
|  99|0x00000000a6300000, 0x00000000a6400000, 0x00000000a6400000|100%|HC|  |TAMS 0x00000000a6400000, 0x00000000a6300000| Complete 
| 100|0x00000000a6400000, 0x00000000a6500000, 0x00000000a6500000|100%|HC|  |TAMS 0x00000000a6500000, 0x00000000a6400000| Complete 
| 101|0x00000000a6500000, 0x00000000a6600000, 0x00000000a6600000|100%|HC|  |TAMS 0x00000000a6600000, 0x00000000a6500000| Complete 
| 102|0x00000000a6600000, 0x00000000a6663510, 0x00000000a6700000| 38%| O|  |TAMS 0x00000000a6663510, 0x00000000a6600000| Updating 
| 103|0x00000000a6700000, 0x00000000a6800000, 0x00000000a6800000|100%| O|  |TAMS 0x00000000a6800000, 0x00000000a6700000| Untracked 
| 104|0x00000000a6800000, 0x00000000a68fffc0, 0x00000000a6900000| 99%| O|  |TAMS 0x00000000a68fffc0, 0x00000000a6800000| Updating 
| 105|0x00000000a6900000, 0x00000000a6a00000, 0x00000000a6a00000|100%| O|  |TAMS 0x00000000a6a00000, 0x00000000a6900000| Untracked 
| 106|0x00000000a6a00000, 0x00000000a6affff8, 0x00000000a6b00000| 99%| O|  |TAMS 0x00000000a6affff8, 0x00000000a6a00000| Untracked 
| 107|0x00000000a6b00000, 0x00000000a6c00000, 0x00000000a6c00000|100%| O|  |TAMS 0x00000000a6c00000, 0x00000000a6b00000| Untracked 
| 108|0x00000000a6c00000, 0x00000000a6cfffc8, 0x00000000a6d00000| 99%| O|  |TAMS 0x00000000a6cfffc8, 0x00000000a6c00000| Updating 
| 109|0x00000000a6d00000, 0x00000000a6dea990, 0x00000000a6e00000| 91%| O|  |TAMS 0x00000000a6dea990, 0x00000000a6d00000| Untracked 
| 110|0x00000000a6e00000, 0x00000000a6f00000, 0x00000000a6f00000|100%| O|  |TAMS 0x00000000a6f00000, 0x00000000a6e00000| Untracked 
| 111|0x00000000a6f00000, 0x00000000a7000000, 0x00000000a7000000|100%|HS|  |TAMS 0x00000000a7000000, 0x00000000a6f00000| Complete 
| 112|0x00000000a7000000, 0x00000000a7100000, 0x00000000a7100000|100%|HC|  |TAMS 0x00000000a7100000, 0x00000000a7000000| Complete 
| 113|0x00000000a7100000, 0x00000000a7200000, 0x00000000a7200000|100%| O|  |TAMS 0x00000000a7200000, 0x00000000a7100000| Untracked 
| 114|0x00000000a7200000, 0x00000000a7300000, 0x00000000a7300000|100%| O|  |TAMS 0x00000000a7300000, 0x00000000a7200000| Untracked 
| 115|0x00000000a7300000, 0x00000000a73ffff8, 0x00000000a7400000| 99%| O|  |TAMS 0x00000000a73ffff8, 0x00000000a7300000| Untracked 
| 116|0x00000000a7400000, 0x00000000a7500000, 0x00000000a7500000|100%| O|  |TAMS 0x00000000a7500000, 0x00000000a7400000| Untracked 
| 117|0x00000000a7500000, 0x00000000a75fffd0, 0x00000000a7600000| 99%| O|  |TAMS 0x00000000a75fffd0, 0x00000000a7500000| Untracked 
| 118|0x00000000a7600000, 0x00000000a7700000, 0x00000000a7700000|100%| O|  |TAMS 0x00000000a7700000, 0x00000000a7600000| Untracked 
| 119|0x00000000a7700000, 0x00000000a77fe2f8, 0x00000000a7800000| 99%| O|  |TAMS 0x00000000a77fe2f8, 0x00000000a7700000| Untracked 
| 120|0x00000000a7800000, 0x00000000a7900000, 0x00000000a7900000|100%| O|  |TAMS 0x00000000a7900000, 0x00000000a7800000| Updating 
| 121|0x00000000a7900000, 0x00000000a79fffe0, 0x00000000a7a00000| 99%| O|  |TAMS 0x00000000a79fffe0, 0x00000000a7900000| Untracked 
| 122|0x00000000a7a00000, 0x00000000a7b00000, 0x00000000a7b00000|100%|HS|  |TAMS 0x00000000a7b00000, 0x00000000a7a00000| Complete 
| 123|0x00000000a7b00000, 0x00000000a7c00000, 0x00000000a7c00000|100%|HS|  |TAMS 0x00000000a7c00000, 0x00000000a7b00000| Complete 
| 124|0x00000000a7c00000, 0x00000000a7cffff0, 0x00000000a7d00000| 99%| O|  |TAMS 0x00000000a7cffff0, 0x00000000a7c00000| Untracked 
| 125|0x00000000a7d00000, 0x00000000a7dfffe8, 0x00000000a7e00000| 99%| O|  |TAMS 0x00000000a7dfffe8, 0x00000000a7d00000| Updating 
| 126|0x00000000a7e00000, 0x00000000a7effff8, 0x00000000a7f00000| 99%| O|  |TAMS 0x00000000a7effff8, 0x00000000a7e00000| Untracked 
| 127|0x00000000a7f00000, 0x00000000a8000000, 0x00000000a8000000|100%| O|  |TAMS 0x00000000a8000000, 0x00000000a7f00000| Updating 
| 128|0x00000000a8000000, 0x00000000a8084320, 0x00000000a8100000| 51%| O|  |TAMS 0x00000000a8084320, 0x00000000a8000000| Updating 
| 129|0x00000000a8100000, 0x00000000a81ffff8, 0x00000000a8200000| 99%| O|  |TAMS 0x00000000a81ffff8, 0x00000000a8100000| Untracked 
| 130|0x00000000a8200000, 0x00000000a82fffe8, 0x00000000a8300000| 99%| O|  |TAMS 0x00000000a82fffe8, 0x00000000a8200000| Untracked 
| 131|0x00000000a8300000, 0x00000000a8400000, 0x00000000a8400000|100%| O|  |TAMS 0x00000000a8400000, 0x00000000a8300000| Untracked 
| 132|0x00000000a8400000, 0x00000000a84fffe8, 0x00000000a8500000| 99%| O|  |TAMS 0x00000000a84fffe8, 0x00000000a8400000| Updating 
| 133|0x00000000a8500000, 0x00000000a85e8850, 0x00000000a8600000| 90%| O|  |TAMS 0x00000000a85e8850, 0x00000000a8500000| Untracked 
| 134|0x00000000a8600000, 0x00000000a8700000, 0x00000000a8700000|100%| O|  |TAMS 0x00000000a8700000, 0x00000000a8600000| Updating 
| 135|0x00000000a8700000, 0x00000000a87ffff0, 0x00000000a8800000| 99%| O|  |TAMS 0x00000000a87ffff0, 0x00000000a8700000| Updating 
| 136|0x00000000a8800000, 0x00000000a88ffac0, 0x00000000a8900000| 99%| O|  |TAMS 0x00000000a88ffac0, 0x00000000a8800000| Updating 
| 137|0x00000000a8900000, 0x00000000a8a00000, 0x00000000a8a00000|100%| O|  |TAMS 0x00000000a8a00000, 0x00000000a8900000| Untracked 
| 138|0x00000000a8a00000, 0x00000000a8b00000, 0x00000000a8b00000|100%|HS|  |TAMS 0x00000000a8b00000, 0x00000000a8a00000| Complete 
| 139|0x00000000a8b00000, 0x00000000a8c00000, 0x00000000a8c00000|100%|HS|  |TAMS 0x00000000a8c00000, 0x00000000a8b00000| Complete 
| 140|0x00000000a8c00000, 0x00000000a8d00000, 0x00000000a8d00000|100%|HS|  |TAMS 0x00000000a8d00000, 0x00000000a8c00000| Complete 
| 141|0x00000000a8d00000, 0x00000000a8e00000, 0x00000000a8e00000|100%|HC|  |TAMS 0x00000000a8e00000, 0x00000000a8d00000| Complete 
| 142|0x00000000a8e00000, 0x00000000a8f00000, 0x00000000a8f00000|100%|HC|  |TAMS 0x00000000a8f00000, 0x00000000a8e00000| Complete 
| 143|0x00000000a8f00000, 0x00000000a9000000, 0x00000000a9000000|100%|HC|  |TAMS 0x00000000a9000000, 0x00000000a8f00000| Complete 
| 144|0x00000000a9000000, 0x00000000a90fffc0, 0x00000000a9100000| 99%| O|  |TAMS 0x00000000a90fffc0, 0x00000000a9000000| Untracked 
| 145|0x00000000a9100000, 0x00000000a91fff80, 0x00000000a9200000| 99%| O|  |TAMS 0x00000000a91fff80, 0x00000000a9100000| Untracked 
| 146|0x00000000a9200000, 0x00000000a9300000, 0x00000000a9300000|100%| O|  |TAMS 0x00000000a9300000, 0x00000000a9200000| Untracked 
| 147|0x00000000a9300000, 0x00000000a93ffe48, 0x00000000a9400000| 99%| O|  |TAMS 0x00000000a93ffe48, 0x00000000a9300000| Untracked 
| 148|0x00000000a9400000, 0x00000000a9500000, 0x00000000a9500000|100%| O|  |TAMS 0x00000000a9500000, 0x00000000a9400000| Updating 
| 149|0x00000000a9500000, 0x00000000a95fffe8, 0x00000000a9600000| 99%| O|  |TAMS 0x00000000a95fffe8, 0x00000000a9500000| Untracked 
| 150|0x00000000a9600000, 0x00000000a96ffff8, 0x00000000a9700000| 99%| O|  |TAMS 0x00000000a96ffff8, 0x00000000a9600000| Untracked 
| 151|0x00000000a9700000, 0x00000000a97fffd0, 0x00000000a9800000| 99%| O|  |TAMS 0x00000000a97fffd0, 0x00000000a9700000| Untracked 
| 152|0x00000000a9800000, 0x00000000a9900000, 0x00000000a9900000|100%|HS|  |TAMS 0x00000000a9900000, 0x00000000a9800000| Complete 
| 153|0x00000000a9900000, 0x00000000a9a00000, 0x00000000a9a00000|100%|HC|  |TAMS 0x00000000a9a00000, 0x00000000a9900000| Complete 
| 154|0x00000000a9a00000, 0x00000000a9b00000, 0x00000000a9b00000|100%| O|  |TAMS 0x00000000a9b00000, 0x00000000a9a00000| Untracked 
| 155|0x00000000a9b00000, 0x00000000a9c00000, 0x00000000a9c00000|100%| O|  |TAMS 0x00000000a9c00000, 0x00000000a9b00000| Untracked 
| 156|0x00000000a9c00000, 0x00000000a9cfffa0, 0x00000000a9d00000| 99%| O|  |TAMS 0x00000000a9cfffa0, 0x00000000a9c00000| Untracked 
| 157|0x00000000a9d00000, 0x00000000a9e00000, 0x00000000a9e00000|100%| O|  |TAMS 0x00000000a9e00000, 0x00000000a9d00000| Untracked 
| 158|0x00000000a9e00000, 0x00000000a9f00000, 0x00000000a9f00000|100%| O|  |TAMS 0x00000000a9f00000, 0x00000000a9e00000| Untracked 
| 159|0x00000000a9f00000, 0x00000000aa000000, 0x00000000aa000000|100%| O|  |TAMS 0x00000000aa000000, 0x00000000a9f00000| Untracked 
| 160|0x00000000aa000000, 0x00000000aa0ff6e0, 0x00000000aa100000| 99%| O|  |TAMS 0x00000000aa0ff6e0, 0x00000000aa000000| Updating 
| 161|0x00000000aa100000, 0x00000000aa1ffff0, 0x00000000aa200000| 99%| O|  |TAMS 0x00000000aa1ffff0, 0x00000000aa100000| Untracked 
| 162|0x00000000aa200000, 0x00000000aa2fffe8, 0x00000000aa300000| 99%| O|  |TAMS 0x00000000aa2fffe8, 0x00000000aa200000| Updating 
| 163|0x00000000aa300000, 0x00000000aa3ffff8, 0x00000000aa400000| 99%| O|  |TAMS 0x00000000aa3ffff8, 0x00000000aa300000| Updating 
| 164|0x00000000aa400000, 0x00000000aa4fc4c8, 0x00000000aa500000| 98%| O|  |TAMS 0x00000000aa4fc4c8, 0x00000000aa400000| Untracked 
| 165|0x00000000aa500000, 0x00000000aa600000, 0x00000000aa600000|100%| O|  |TAMS 0x00000000aa600000, 0x00000000aa500000| Updating 
| 166|0x00000000aa600000, 0x00000000aa6fff90, 0x00000000aa700000| 99%| O|  |TAMS 0x00000000aa6fff90, 0x00000000aa600000| Untracked 
| 167|0x00000000aa700000, 0x00000000aa800000, 0x00000000aa800000|100%| O|  |TAMS 0x00000000aa800000, 0x00000000aa700000| Untracked 
| 168|0x00000000aa800000, 0x00000000aa900000, 0x00000000aa900000|100%| O|  |TAMS 0x00000000aa900000, 0x00000000aa800000| Untracked 
| 169|0x00000000aa900000, 0x00000000aa9ffff0, 0x00000000aaa00000| 99%| O|  |TAMS 0x00000000aa9ffff0, 0x00000000aa900000| Untracked 
| 170|0x00000000aaa00000, 0x00000000aaaffff8, 0x00000000aab00000| 99%| O|  |TAMS 0x00000000aaaffff8, 0x00000000aaa00000| Untracked 
| 171|0x00000000aab00000, 0x00000000aabffff8, 0x00000000aac00000| 99%| O|  |TAMS 0x00000000aabffff8, 0x00000000aab00000| Untracked 
| 172|0x00000000aac00000, 0x00000000aacf2b78, 0x00000000aad00000| 94%| O|  |TAMS 0x00000000aacf2b78, 0x00000000aac00000| Updating 
| 173|0x00000000aad00000, 0x00000000aae00000, 0x00000000aae00000|100%| O|  |TAMS 0x00000000aae00000, 0x00000000aad00000| Untracked 
| 174|0x00000000aae00000, 0x00000000aaf00000, 0x00000000aaf00000|100%|HS|  |TAMS 0x00000000aaf00000, 0x00000000aae00000| Complete 
| 175|0x00000000aaf00000, 0x00000000ab000000, 0x00000000ab000000|100%|HS|  |TAMS 0x00000000ab000000, 0x00000000aaf00000| Complete 
| 176|0x00000000ab000000, 0x00000000ab100000, 0x00000000ab100000|100%|HS|  |TAMS 0x00000000ab100000, 0x00000000ab000000| Complete 
| 177|0x00000000ab100000, 0x00000000ab200000, 0x00000000ab200000|100%|HS|  |TAMS 0x00000000ab200000, 0x00000000ab100000| Complete 
| 178|0x00000000ab200000, 0x00000000ab300000, 0x00000000ab300000|100%|HC|  |TAMS 0x00000000ab300000, 0x00000000ab200000| Complete 
| 179|0x00000000ab300000, 0x00000000ab400000, 0x00000000ab400000|100%|HC|  |TAMS 0x00000000ab400000, 0x00000000ab300000| Complete 
| 180|0x00000000ab400000, 0x00000000ab4fffe0, 0x00000000ab500000| 99%| O|  |TAMS 0x00000000ab4fffe0, 0x00000000ab400000| Updating 
| 181|0x00000000ab500000, 0x00000000ab5f1460, 0x00000000ab600000| 94%| O|  |TAMS 0x00000000ab5f1460, 0x00000000ab500000| Untracked 
| 182|0x00000000ab600000, 0x00000000ab6fffe8, 0x00000000ab700000| 99%| O|  |TAMS 0x00000000ab6fffe8, 0x00000000ab600000| Untracked 
| 183|0x00000000ab700000, 0x00000000ab800000, 0x00000000ab800000|100%| O|  |TAMS 0x00000000ab800000, 0x00000000ab700000| Untracked 
| 184|0x00000000ab800000, 0x00000000ab8ff8f8, 0x00000000ab900000| 99%| O|  |TAMS 0x00000000ab8ff8f8, 0x00000000ab800000| Updating 
| 185|0x00000000ab900000, 0x00000000aba00000, 0x00000000aba00000|100%| O|  |TAMS 0x00000000aba00000, 0x00000000ab900000| Untracked 
| 186|0x00000000aba00000, 0x00000000abafffe8, 0x00000000abb00000| 99%| O|  |TAMS 0x00000000abafffe8, 0x00000000aba00000| Untracked 
| 187|0x00000000abb00000, 0x00000000abbffff8, 0x00000000abc00000| 99%| O|  |TAMS 0x00000000abbffff8, 0x00000000abb00000| Updating 
| 188|0x00000000abc00000, 0x00000000abcffff0, 0x00000000abd00000| 99%| O|  |TAMS 0x00000000abcffff0, 0x00000000abc00000| Untracked 
| 189|0x00000000abd00000, 0x00000000abe00000, 0x00000000abe00000|100%| O|  |TAMS 0x00000000abe00000, 0x00000000abd00000| Untracked 
| 190|0x00000000abe00000, 0x00000000abeffff8, 0x00000000abf00000| 99%| O|  |TAMS 0x00000000abeffff8, 0x00000000abe00000| Updating 
| 191|0x00000000abf00000, 0x00000000ac000000, 0x00000000ac000000|100%| O|  |TAMS 0x00000000ac000000, 0x00000000abf00000| Updating 
| 192|0x00000000ac000000, 0x00000000ac0fcf38, 0x00000000ac100000| 98%| O|  |TAMS 0x00000000ac0fcf38, 0x00000000ac000000| Updating 
| 193|0x00000000ac100000, 0x00000000ac200000, 0x00000000ac200000|100%| O|  |TAMS 0x00000000ac200000, 0x00000000ac100000| Untracked 
| 194|0x00000000ac200000, 0x00000000ac300000, 0x00000000ac300000|100%| O|  |TAMS 0x00000000ac300000, 0x00000000ac200000| Updating 
| 195|0x00000000ac300000, 0x00000000ac3ffff0, 0x00000000ac400000| 99%| O|  |TAMS 0x00000000ac3ffff0, 0x00000000ac300000| Updating 
| 196|0x00000000ac400000, 0x00000000ac500000, 0x00000000ac500000|100%| O|  |TAMS 0x00000000ac500000, 0x00000000ac400000| Untracked 
| 197|0x00000000ac500000, 0x00000000ac5f4b78, 0x00000000ac600000| 95%| O|  |TAMS 0x00000000ac5f4b78, 0x00000000ac500000| Updating 
| 198|0x00000000ac600000, 0x00000000ac6fddc8, 0x00000000ac700000| 99%| O|  |TAMS 0x00000000ac6fddc8, 0x00000000ac600000| Updating 
| 199|0x00000000ac700000, 0x00000000ac800000, 0x00000000ac800000|100%| O|  |TAMS 0x00000000ac800000, 0x00000000ac700000| Untracked 
| 200|0x00000000ac800000, 0x00000000ac8fffe8, 0x00000000ac900000| 99%| O|  |TAMS 0x00000000ac8fffe8, 0x00000000ac800000| Untracked 
| 201|0x00000000ac900000, 0x00000000aca00000, 0x00000000aca00000|100%| O|  |TAMS 0x00000000aca00000, 0x00000000ac900000| Untracked 
| 202|0x00000000aca00000, 0x00000000acb00000, 0x00000000acb00000|100%| O|  |TAMS 0x00000000acb00000, 0x00000000aca00000| Updating 
| 203|0x00000000acb00000, 0x00000000acc00000, 0x00000000acc00000|100%|HS|  |TAMS 0x00000000acc00000, 0x00000000acb00000| Complete 
| 204|0x00000000acc00000, 0x00000000acd00000, 0x00000000acd00000|100%|HS|  |TAMS 0x00000000acd00000, 0x00000000acc00000| Complete 
| 205|0x00000000acd00000, 0x00000000ace00000, 0x00000000ace00000|100%|HC|  |TAMS 0x00000000ace00000, 0x00000000acd00000| Complete 
| 206|0x00000000ace00000, 0x00000000acf00000, 0x00000000acf00000|100%|HC|  |TAMS 0x00000000acf00000, 0x00000000ace00000| Complete 
| 207|0x00000000acf00000, 0x00000000acfffff8, 0x00000000ad000000| 99%| O|  |TAMS 0x00000000acfffff8, 0x00000000acf00000| Updating 
| 208|0x00000000ad000000, 0x00000000ad100000, 0x00000000ad100000|100%| O|  |TAMS 0x00000000ad100000, 0x00000000ad000000| Updating 
| 209|0x00000000ad100000, 0x00000000ad200000, 0x00000000ad200000|100%| O|  |TAMS 0x00000000ad200000, 0x00000000ad100000| Updating 
| 210|0x00000000ad200000, 0x00000000ad300000, 0x00000000ad300000|100%| O|  |TAMS 0x00000000ad300000, 0x00000000ad200000| Untracked 
| 211|0x00000000ad300000, 0x00000000ad400000, 0x00000000ad400000|100%| O|  |TAMS 0x00000000ad400000, 0x00000000ad300000| Untracked 
| 212|0x00000000ad400000, 0x00000000ad4fffe0, 0x00000000ad500000| 99%| O|  |TAMS 0x00000000ad4fffe0, 0x00000000ad400000| Updating 
| 213|0x00000000ad500000, 0x00000000ad5ffff0, 0x00000000ad600000| 99%| O|  |TAMS 0x00000000ad5ffff0, 0x00000000ad500000| Updating 
| 214|0x00000000ad600000, 0x00000000ad700000, 0x00000000ad700000|100%| O|  |TAMS 0x00000000ad700000, 0x00000000ad600000| Untracked 
| 215|0x00000000ad700000, 0x00000000ad800000, 0x00000000ad800000|100%| O|  |TAMS 0x00000000ad800000, 0x00000000ad700000| Untracked 
| 216|0x00000000ad800000, 0x00000000ad900000, 0x00000000ad900000|100%| O|  |TAMS 0x00000000ad900000, 0x00000000ad800000| Untracked 
| 217|0x00000000ad900000, 0x00000000ada00000, 0x00000000ada00000|100%| O|  |TAMS 0x00000000ada00000, 0x00000000ad900000| Untracked 
| 218|0x00000000ada00000, 0x00000000adb00000, 0x00000000adb00000|100%| O|  |TAMS 0x00000000adb00000, 0x00000000ada00000| Updating 
| 219|0x00000000adb00000, 0x00000000adc00000, 0x00000000adc00000|100%| O|  |TAMS 0x00000000adc00000, 0x00000000adb00000| Untracked 
| 220|0x00000000adc00000, 0x00000000adcc5cb8, 0x00000000add00000| 77%| O|  |TAMS 0x00000000adcc5cb8, 0x00000000adc00000| Updating 
| 221|0x00000000add00000, 0x00000000ade00000, 0x00000000ade00000|100%| O|  |TAMS 0x00000000ade00000, 0x00000000add00000| Updating 
| 222|0x00000000ade00000, 0x00000000adf00000, 0x00000000adf00000|100%| O|  |TAMS 0x00000000adf00000, 0x00000000ade00000| Updating 
| 223|0x00000000adf00000, 0x00000000ae000000, 0x00000000ae000000|100%| O|  |TAMS 0x00000000ae000000, 0x00000000adf00000| Untracked 
| 224|0x00000000ae000000, 0x00000000ae100000, 0x00000000ae100000|100%| O|  |TAMS 0x00000000ae100000, 0x00000000ae000000| Updating 
| 225|0x00000000ae100000, 0x00000000ae200000, 0x00000000ae200000|100%| O|  |TAMS 0x00000000ae200000, 0x00000000ae100000| Updating 
| 226|0x00000000ae200000, 0x00000000ae300000, 0x00000000ae300000|100%| O|  |TAMS 0x00000000ae300000, 0x00000000ae200000| Updating 
| 227|0x00000000ae300000, 0x00000000ae3d5290, 0x00000000ae400000| 83%| O|  |TAMS 0x00000000ae3d5290, 0x00000000ae300000| Updating 
| 228|0x00000000ae400000, 0x00000000ae500000, 0x00000000ae500000|100%| O|  |TAMS 0x00000000ae500000, 0x00000000ae400000| Untracked 
| 229|0x00000000ae500000, 0x00000000ae5fffe8, 0x00000000ae600000| 99%| O|  |TAMS 0x00000000ae5fffe8, 0x00000000ae500000| Untracked 
| 230|0x00000000ae600000, 0x00000000ae700000, 0x00000000ae700000|100%| O|  |TAMS 0x00000000ae700000, 0x00000000ae600000| Updating 
| 231|0x00000000ae700000, 0x00000000ae7fffc8, 0x00000000ae800000| 99%| O|  |TAMS 0x00000000ae7fffc8, 0x00000000ae700000| Updating 
| 232|0x00000000ae800000, 0x00000000ae900000, 0x00000000ae900000|100%| O|  |TAMS 0x00000000ae900000, 0x00000000ae800000| Updating 
| 233|0x00000000ae900000, 0x00000000aea00000, 0x00000000aea00000|100%| O|  |TAMS 0x00000000aea00000, 0x00000000ae900000| Updating 
| 234|0x00000000aea00000, 0x00000000aeb00000, 0x00000000aeb00000|100%| O|  |TAMS 0x00000000aeb00000, 0x00000000aea00000| Untracked 
| 235|0x00000000aeb00000, 0x00000000aec00000, 0x00000000aec00000|100%| O|  |TAMS 0x00000000aec00000, 0x00000000aeb00000| Updating 
| 236|0x00000000aec00000, 0x00000000aed00000, 0x00000000aed00000|100%| O|  |TAMS 0x00000000aed00000, 0x00000000aec00000| Updating 
| 237|0x00000000aed00000, 0x00000000aee00000, 0x00000000aee00000|100%| O|  |TAMS 0x00000000aee00000, 0x00000000aed00000| Untracked 
| 238|0x00000000aee00000, 0x00000000aef00000, 0x00000000aef00000|100%| O|  |TAMS 0x00000000aef00000, 0x00000000aee00000| Updating 
| 239|0x00000000aef00000, 0x00000000af000000, 0x00000000af000000|100%| O|  |TAMS 0x00000000af000000, 0x00000000aef00000| Updating 
| 240|0x00000000af000000, 0x00000000af100000, 0x00000000af100000|100%| O|  |TAMS 0x00000000af100000, 0x00000000af000000| Updating 
| 241|0x00000000af100000, 0x00000000af100000, 0x00000000af200000|  0%| F|  |TAMS 0x00000000af100000, 0x00000000af100000| Untracked 
| 242|0x00000000af200000, 0x00000000af200000, 0x00000000af300000|  0%| F|  |TAMS 0x00000000af200000, 0x00000000af200000| Untracked 
| 243|0x00000000af300000, 0x00000000af300000, 0x00000000af400000|  0%| F|  |TAMS 0x00000000af300000, 0x00000000af300000| Untracked 
| 244|0x00000000af400000, 0x00000000af400000, 0x00000000af500000|  0%| F|  |TAMS 0x00000000af400000, 0x00000000af400000| Untracked 
| 245|0x00000000af500000, 0x00000000af600000, 0x00000000af600000|100%| O|  |TAMS 0x00000000af600000, 0x00000000af500000| Updating 
| 246|0x00000000af600000, 0x00000000af700000, 0x00000000af700000|100%| O|  |TAMS 0x00000000af700000, 0x00000000af600000| Untracked 
| 247|0x00000000af700000, 0x00000000af800000, 0x00000000af800000|100%| O|  |TAMS 0x00000000af800000, 0x00000000af700000| Untracked 
| 248|0x00000000af800000, 0x00000000af900000, 0x00000000af900000|100%| O|  |TAMS 0x00000000af900000, 0x00000000af800000| Untracked 
| 249|0x00000000af900000, 0x00000000afa00000, 0x00000000afa00000|100%| O|  |TAMS 0x00000000afa00000, 0x00000000af900000| Untracked 
| 250|0x00000000afa00000, 0x00000000afb00000, 0x00000000afb00000|100%| O|  |TAMS 0x00000000afb00000, 0x00000000afa00000| Untracked 
| 251|0x00000000afb00000, 0x00000000afbffff8, 0x00000000afc00000| 99%| O|  |TAMS 0x00000000afbffff8, 0x00000000afb00000| Updating 
| 252|0x00000000afc00000, 0x00000000afd00000, 0x00000000afd00000|100%| O|  |TAMS 0x00000000afd00000, 0x00000000afc00000| Untracked 
| 253|0x00000000afd00000, 0x00000000afe00000, 0x00000000afe00000|100%| O|  |TAMS 0x00000000afe00000, 0x00000000afd00000| Updating 
| 254|0x00000000afe00000, 0x00000000afeb2b48, 0x00000000aff00000| 69%| O|  |TAMS 0x00000000afeb2b48, 0x00000000afe00000| Updating 
| 255|0x00000000aff00000, 0x00000000b0000000, 0x00000000b0000000|100%| O|  |TAMS 0x00000000b0000000, 0x00000000aff00000| Untracked 
| 256|0x00000000b0000000, 0x00000000b0100000, 0x00000000b0100000|100%| O|  |TAMS 0x00000000b0100000, 0x00000000b0000000| Untracked 
| 257|0x00000000b0100000, 0x00000000b0200000, 0x00000000b0200000|100%| O|  |TAMS 0x00000000b0200000, 0x00000000b0100000| Updating 
| 258|0x00000000b0200000, 0x00000000b0300000, 0x00000000b0300000|100%| O|  |TAMS 0x00000000b0300000, 0x00000000b0200000| Untracked 
| 259|0x00000000b0300000, 0x00000000b0400000, 0x00000000b0400000|100%| O|  |TAMS 0x00000000b0400000, 0x00000000b0300000| Untracked 
| 260|0x00000000b0400000, 0x00000000b0500000, 0x00000000b0500000|100%| O|  |TAMS 0x00000000b0500000, 0x00000000b0400000| Updating 
| 261|0x00000000b0500000, 0x00000000b0600000, 0x00000000b0600000|100%| O|  |TAMS 0x00000000b0600000, 0x00000000b0500000| Untracked 
| 262|0x00000000b0600000, 0x00000000b0700000, 0x00000000b0700000|100%| O|  |TAMS 0x00000000b0700000, 0x00000000b0600000| Updating 
| 263|0x00000000b0700000, 0x00000000b0800000, 0x00000000b0800000|100%| O|  |TAMS 0x00000000b0800000, 0x00000000b0700000| Untracked 
| 264|0x00000000b0800000, 0x00000000b0900000, 0x00000000b0900000|100%| O|  |TAMS 0x00000000b0900000, 0x00000000b0800000| Updating 
| 265|0x00000000b0900000, 0x00000000b0a00000, 0x00000000b0a00000|100%| O|  |TAMS 0x00000000b0a00000, 0x00000000b0900000| Updating 
| 266|0x00000000b0a00000, 0x00000000b0b00000, 0x00000000b0b00000|100%| O|  |TAMS 0x00000000b0b00000, 0x00000000b0a00000| Untracked 
| 267|0x00000000b0b00000, 0x00000000b0c00000, 0x00000000b0c00000|100%| O|  |TAMS 0x00000000b0c00000, 0x00000000b0b00000| Untracked 
| 268|0x00000000b0c00000, 0x00000000b0d00000, 0x00000000b0d00000|100%| O|  |TAMS 0x00000000b0d00000, 0x00000000b0c00000| Untracked 
| 269|0x00000000b0d00000, 0x00000000b0e00000, 0x00000000b0e00000|100%| O|  |TAMS 0x00000000b0e00000, 0x00000000b0d00000| Updating 
| 270|0x00000000b0e00000, 0x00000000b0f00000, 0x00000000b0f00000|100%| O|  |TAMS 0x00000000b0f00000, 0x00000000b0e00000| Untracked 
| 271|0x00000000b0f00000, 0x00000000b1000000, 0x00000000b1000000|100%| O|  |TAMS 0x00000000b1000000, 0x00000000b0f00000| Updating 
| 272|0x00000000b1000000, 0x00000000b1100000, 0x00000000b1100000|100%| O|  |TAMS 0x00000000b1100000, 0x00000000b1000000| Updating 
| 273|0x00000000b1100000, 0x00000000b1200000, 0x00000000b1200000|100%| O|  |TAMS 0x00000000b1200000, 0x00000000b1100000| Untracked 
| 274|0x00000000b1200000, 0x00000000b1300000, 0x00000000b1300000|100%| O|  |TAMS 0x00000000b1300000, 0x00000000b1200000| Untracked 
| 275|0x00000000b1300000, 0x00000000b1400000, 0x00000000b1400000|100%| O|  |TAMS 0x00000000b1400000, 0x00000000b1300000| Updating 
| 276|0x00000000b1400000, 0x00000000b1500000, 0x00000000b1500000|100%| O|  |TAMS 0x00000000b1500000, 0x00000000b1400000| Updating 
| 277|0x00000000b1500000, 0x00000000b1600000, 0x00000000b1600000|100%| O|  |TAMS 0x00000000b1600000, 0x00000000b1500000| Updating 
| 278|0x00000000b1600000, 0x00000000b1700000, 0x00000000b1700000|100%| O|  |TAMS 0x00000000b1700000, 0x00000000b1600000| Updating 
| 279|0x00000000b1700000, 0x00000000b1800000, 0x00000000b1800000|100%| O|  |TAMS 0x00000000b1800000, 0x00000000b1700000| Untracked 
| 280|0x00000000b1800000, 0x00000000b1900000, 0x00000000b1900000|100%| O|  |TAMS 0x00000000b1900000, 0x00000000b1800000| Updating 
| 281|0x00000000b1900000, 0x00000000b1a00000, 0x00000000b1a00000|100%| O|  |TAMS 0x00000000b1a00000, 0x00000000b1900000| Updating 
| 282|0x00000000b1a00000, 0x00000000b1b00000, 0x00000000b1b00000|100%| O|  |TAMS 0x00000000b1b00000, 0x00000000b1a00000| Updating 
| 283|0x00000000b1b00000, 0x00000000b1c00000, 0x00000000b1c00000|100%| O|  |TAMS 0x00000000b1c00000, 0x00000000b1b00000| Updating 
| 284|0x00000000b1c00000, 0x00000000b1d00000, 0x00000000b1d00000|100%| O|  |TAMS 0x00000000b1d00000, 0x00000000b1c00000| Untracked 
| 285|0x00000000b1d00000, 0x00000000b1e00000, 0x00000000b1e00000|100%| O|  |TAMS 0x00000000b1e00000, 0x00000000b1d00000| Updating 
| 286|0x00000000b1e00000, 0x00000000b1f00000, 0x00000000b1f00000|100%| O|  |TAMS 0x00000000b1f00000, 0x00000000b1e00000| Untracked 
| 287|0x00000000b1f00000, 0x00000000b2000000, 0x00000000b2000000|100%| O|  |TAMS 0x00000000b2000000, 0x00000000b1f00000| Untracked 
| 288|0x00000000b2000000, 0x00000000b2100000, 0x00000000b2100000|100%| O|  |TAMS 0x00000000b2100000, 0x00000000b2000000| Untracked 
| 289|0x00000000b2100000, 0x00000000b2200000, 0x00000000b2200000|100%| O|  |TAMS 0x00000000b2200000, 0x00000000b2100000| Untracked 
| 290|0x00000000b2200000, 0x00000000b2300000, 0x00000000b2300000|100%| O|  |TAMS 0x00000000b2300000, 0x00000000b2200000| Updating 
| 291|0x00000000b2300000, 0x00000000b2400000, 0x00000000b2400000|100%| O|  |TAMS 0x00000000b2400000, 0x00000000b2300000| Untracked 
| 292|0x00000000b2400000, 0x00000000b2500000, 0x00000000b2500000|100%| O|  |TAMS 0x00000000b2500000, 0x00000000b2400000| Updating 
| 293|0x00000000b2500000, 0x00000000b2600000, 0x00000000b2600000|100%| O|  |TAMS 0x00000000b2600000, 0x00000000b2500000| Untracked 
| 294|0x00000000b2600000, 0x00000000b2700000, 0x00000000b2700000|100%| O|  |TAMS 0x00000000b2700000, 0x00000000b2600000| Updating 
| 295|0x00000000b2700000, 0x00000000b2800000, 0x00000000b2800000|100%| O|  |TAMS 0x00000000b2800000, 0x00000000b2700000| Updating 
| 296|0x00000000b2800000, 0x00000000b2900000, 0x00000000b2900000|100%| O|  |TAMS 0x00000000b2900000, 0x00000000b2800000| Untracked 
| 297|0x00000000b2900000, 0x00000000b2a00000, 0x00000000b2a00000|100%| O|  |TAMS 0x00000000b2a00000, 0x00000000b2900000| Updating 
| 298|0x00000000b2a00000, 0x00000000b2b00000, 0x00000000b2b00000|100%| O|  |TAMS 0x00000000b2b00000, 0x00000000b2a00000| Updating 
| 299|0x00000000b2b00000, 0x00000000b2c00000, 0x00000000b2c00000|100%| O|  |TAMS 0x00000000b2c00000, 0x00000000b2b00000| Untracked 
| 300|0x00000000b2c00000, 0x00000000b2d00000, 0x00000000b2d00000|100%| O|  |TAMS 0x00000000b2d00000, 0x00000000b2c00000| Updating 
| 301|0x00000000b2d00000, 0x00000000b2e00000, 0x00000000b2e00000|100%| O|  |TAMS 0x00000000b2e00000, 0x00000000b2d00000| Updating 
| 302|0x00000000b2e00000, 0x00000000b2f00000, 0x00000000b2f00000|100%| O|  |TAMS 0x00000000b2f00000, 0x00000000b2e00000| Updating 
| 303|0x00000000b2f00000, 0x00000000b3000000, 0x00000000b3000000|100%| O|  |TAMS 0x00000000b3000000, 0x00000000b2f00000| Updating 
| 304|0x00000000b3000000, 0x00000000b3100000, 0x00000000b3100000|100%| O|  |TAMS 0x00000000b3100000, 0x00000000b3000000| Updating 
| 305|0x00000000b3100000, 0x00000000b3200000, 0x00000000b3200000|100%| O|  |TAMS 0x00000000b3200000, 0x00000000b3100000| Untracked 
| 306|0x00000000b3200000, 0x00000000b3300000, 0x00000000b3300000|100%| O|  |TAMS 0x00000000b3300000, 0x00000000b3200000| Untracked 
| 307|0x00000000b3300000, 0x00000000b3400000, 0x00000000b3400000|100%| O|  |TAMS 0x00000000b3400000, 0x00000000b3300000| Untracked 
| 308|0x00000000b3400000, 0x00000000b3500000, 0x00000000b3500000|100%| O|  |TAMS 0x00000000b3500000, 0x00000000b3400000| Untracked 
| 309|0x00000000b3500000, 0x00000000b3600000, 0x00000000b3600000|100%| O|  |TAMS 0x00000000b3600000, 0x00000000b3500000| Updating 
| 310|0x00000000b3600000, 0x00000000b3700000, 0x00000000b3700000|100%| O|  |TAMS 0x00000000b3700000, 0x00000000b3600000| Untracked 
| 311|0x00000000b3700000, 0x00000000b3800000, 0x00000000b3800000|100%| O|  |TAMS 0x00000000b3800000, 0x00000000b3700000| Untracked 
| 312|0x00000000b3800000, 0x00000000b3900000, 0x00000000b3900000|100%| O|  |TAMS 0x00000000b3900000, 0x00000000b3800000| Updating 
| 313|0x00000000b3900000, 0x00000000b3a00000, 0x00000000b3a00000|100%| O|  |TAMS 0x00000000b3a00000, 0x00000000b3900000| Untracked 
| 314|0x00000000b3a00000, 0x00000000b3b00000, 0x00000000b3b00000|100%| O|  |TAMS 0x00000000b3b00000, 0x00000000b3a00000| Updating 
| 315|0x00000000b3b00000, 0x00000000b3c00000, 0x00000000b3c00000|100%| O|  |TAMS 0x00000000b3c00000, 0x00000000b3b00000| Untracked 
| 316|0x00000000b3c00000, 0x00000000b3d00000, 0x00000000b3d00000|100%| O|  |TAMS 0x00000000b3d00000, 0x00000000b3c00000| Untracked 
| 317|0x00000000b3d00000, 0x00000000b3e00000, 0x00000000b3e00000|100%| O|  |TAMS 0x00000000b3e00000, 0x00000000b3d00000| Updating 
| 318|0x00000000b3e00000, 0x00000000b3f00000, 0x00000000b3f00000|100%| O|  |TAMS 0x00000000b3f00000, 0x00000000b3e00000| Untracked 
| 319|0x00000000b3f00000, 0x00000000b4000000, 0x00000000b4000000|100%| O|  |TAMS 0x00000000b4000000, 0x00000000b3f00000| Updating 
| 320|0x00000000b4000000, 0x00000000b4100000, 0x00000000b4100000|100%| O|  |TAMS 0x00000000b4100000, 0x00000000b4000000| Untracked 
| 321|0x00000000b4100000, 0x00000000b4200000, 0x00000000b4200000|100%| O|  |TAMS 0x00000000b4200000, 0x00000000b4100000| Untracked 
| 322|0x00000000b4200000, 0x00000000b4300000, 0x00000000b4300000|100%| O|  |TAMS 0x00000000b4300000, 0x00000000b4200000| Updating 
| 323|0x00000000b4300000, 0x00000000b4400000, 0x00000000b4400000|100%| O|  |TAMS 0x00000000b4400000, 0x00000000b4300000| Updating 
| 324|0x00000000b4400000, 0x00000000b4500000, 0x00000000b4500000|100%| O|  |TAMS 0x00000000b4500000, 0x00000000b4400000| Untracked 
| 325|0x00000000b4500000, 0x00000000b4600000, 0x00000000b4600000|100%| O|  |TAMS 0x00000000b4600000, 0x00000000b4500000| Untracked 
| 326|0x00000000b4600000, 0x00000000b4700000, 0x00000000b4700000|100%| O|  |TAMS 0x00000000b4700000, 0x00000000b4600000| Untracked 
| 327|0x00000000b4700000, 0x00000000b4800000, 0x00000000b4800000|100%| O|  |TAMS 0x00000000b4800000, 0x00000000b4700000| Untracked 
| 328|0x00000000b4800000, 0x00000000b4900000, 0x00000000b4900000|100%| O|  |TAMS 0x00000000b4900000, 0x00000000b4800000| Untracked 
| 329|0x00000000b4900000, 0x00000000b4a00000, 0x00000000b4a00000|100%| O|  |TAMS 0x00000000b4a00000, 0x00000000b4900000| Untracked 
| 330|0x00000000b4a00000, 0x00000000b4b00000, 0x00000000b4b00000|100%| O|  |TAMS 0x00000000b4b00000, 0x00000000b4a00000| Untracked 
| 331|0x00000000b4b00000, 0x00000000b4c00000, 0x00000000b4c00000|100%| O|  |TAMS 0x00000000b4c00000, 0x00000000b4b00000| Untracked 
| 332|0x00000000b4c00000, 0x00000000b4d00000, 0x00000000b4d00000|100%| O|  |TAMS 0x00000000b4d00000, 0x00000000b4c00000| Untracked 
| 333|0x00000000b4d00000, 0x00000000b4e00000, 0x00000000b4e00000|100%| O|  |TAMS 0x00000000b4e00000, 0x00000000b4d00000| Untracked 
| 334|0x00000000b4e00000, 0x00000000b4f00000, 0x00000000b4f00000|100%| O|  |TAMS 0x00000000b4f00000, 0x00000000b4e00000| Untracked 
| 335|0x00000000b4f00000, 0x00000000b5000000, 0x00000000b5000000|100%| O|  |TAMS 0x00000000b5000000, 0x00000000b4f00000| Untracked 
| 336|0x00000000b5000000, 0x00000000b5100000, 0x00000000b5100000|100%| O|  |TAMS 0x00000000b5100000, 0x00000000b5000000| Untracked 
| 337|0x00000000b5100000, 0x00000000b5200000, 0x00000000b5200000|100%| O|  |TAMS 0x00000000b5200000, 0x00000000b5100000| Untracked 
| 338|0x00000000b5200000, 0x00000000b5300000, 0x00000000b5300000|100%| O|  |TAMS 0x00000000b5300000, 0x00000000b5200000| Untracked 
| 339|0x00000000b5300000, 0x00000000b5400000, 0x00000000b5400000|100%| O|  |TAMS 0x00000000b5400000, 0x00000000b5300000| Untracked 
| 340|0x00000000b5400000, 0x00000000b5500000, 0x00000000b5500000|100%| O|  |TAMS 0x00000000b5500000, 0x00000000b5400000| Updating 
| 341|0x00000000b5500000, 0x00000000b5600000, 0x00000000b5600000|100%| O|  |TAMS 0x00000000b5600000, 0x00000000b5500000| Updating 
| 342|0x00000000b5600000, 0x00000000b5700000, 0x00000000b5700000|100%| O|  |TAMS 0x00000000b5700000, 0x00000000b5600000| Updating 
| 343|0x00000000b5700000, 0x00000000b5800000, 0x00000000b5800000|100%| O|  |TAMS 0x00000000b5800000, 0x00000000b5700000| Updating 
| 344|0x00000000b5800000, 0x00000000b5900000, 0x00000000b5900000|100%| O|  |TAMS 0x00000000b5900000, 0x00000000b5800000| Untracked 
| 345|0x00000000b5900000, 0x00000000b5a00000, 0x00000000b5a00000|100%| O|  |TAMS 0x00000000b5a00000, 0x00000000b5900000| Untracked 
| 346|0x00000000b5a00000, 0x00000000b5b00000, 0x00000000b5b00000|100%| O|  |TAMS 0x00000000b5b00000, 0x00000000b5a00000| Untracked 
| 347|0x00000000b5b00000, 0x00000000b5c00000, 0x00000000b5c00000|100%| O|  |TAMS 0x00000000b5c00000, 0x00000000b5b00000| Untracked 
| 348|0x00000000b5c00000, 0x00000000b5d00000, 0x00000000b5d00000|100%| O|  |TAMS 0x00000000b5d00000, 0x00000000b5c00000| Untracked 
| 349|0x00000000b5d00000, 0x00000000b5e00000, 0x00000000b5e00000|100%| O|  |TAMS 0x00000000b5e00000, 0x00000000b5d00000| Untracked 
| 350|0x00000000b5e00000, 0x00000000b5f00000, 0x00000000b5f00000|100%| O|  |TAMS 0x00000000b5f00000, 0x00000000b5e00000| Untracked 
| 351|0x00000000b5f00000, 0x00000000b6000000, 0x00000000b6000000|100%| O|  |TAMS 0x00000000b6000000, 0x00000000b5f00000| Untracked 
| 352|0x00000000b6000000, 0x00000000b6100000, 0x00000000b6100000|100%| O|  |TAMS 0x00000000b6100000, 0x00000000b6000000| Untracked 
| 353|0x00000000b6100000, 0x00000000b6200000, 0x00000000b6200000|100%| O|  |TAMS 0x00000000b6200000, 0x00000000b6100000| Untracked 
| 354|0x00000000b6200000, 0x00000000b6300000, 0x00000000b6300000|100%| O|  |TAMS 0x00000000b6300000, 0x00000000b6200000| Untracked 
| 355|0x00000000b6300000, 0x00000000b6400000, 0x00000000b6400000|100%| O|  |TAMS 0x00000000b6400000, 0x00000000b6300000| Untracked 
| 356|0x00000000b6400000, 0x00000000b6500000, 0x00000000b6500000|100%| O|  |TAMS 0x00000000b6500000, 0x00000000b6400000| Untracked 
| 357|0x00000000b6500000, 0x00000000b6600000, 0x00000000b6600000|100%| O|  |TAMS 0x00000000b6600000, 0x00000000b6500000| Untracked 
| 358|0x00000000b6600000, 0x00000000b6700000, 0x00000000b6700000|100%| O|  |TAMS 0x00000000b6700000, 0x00000000b6600000| Updating 
| 359|0x00000000b6700000, 0x00000000b6800000, 0x00000000b6800000|100%| O|  |TAMS 0x00000000b6800000, 0x00000000b6700000| Untracked 
| 360|0x00000000b6800000, 0x00000000b6900000, 0x00000000b6900000|100%| O|  |TAMS 0x00000000b6900000, 0x00000000b6800000| Untracked 
| 361|0x00000000b6900000, 0x00000000b6a00000, 0x00000000b6a00000|100%| O|  |TAMS 0x00000000b6a00000, 0x00000000b6900000| Updating 
| 362|0x00000000b6a00000, 0x00000000b6b00000, 0x00000000b6b00000|100%| O|  |TAMS 0x00000000b6b00000, 0x00000000b6a00000| Untracked 
| 363|0x00000000b6b00000, 0x00000000b6c00000, 0x00000000b6c00000|100%| O|  |TAMS 0x00000000b6c00000, 0x00000000b6b00000| Updating 
| 364|0x00000000b6c00000, 0x00000000b6d00000, 0x00000000b6d00000|100%| O|  |TAMS 0x00000000b6d00000, 0x00000000b6c00000| Updating 
| 365|0x00000000b6d00000, 0x00000000b6e00000, 0x00000000b6e00000|100%| O|  |TAMS 0x00000000b6e00000, 0x00000000b6d00000| Untracked 
| 366|0x00000000b6e00000, 0x00000000b6f00000, 0x00000000b6f00000|100%| O|  |TAMS 0x00000000b6f00000, 0x00000000b6e00000| Untracked 
| 367|0x00000000b6f00000, 0x00000000b7000000, 0x00000000b7000000|100%| O|  |TAMS 0x00000000b7000000, 0x00000000b6f00000| Untracked 
| 368|0x00000000b7000000, 0x00000000b7100000, 0x00000000b7100000|100%| O|  |TAMS 0x00000000b7100000, 0x00000000b7000000| Untracked 
| 369|0x00000000b7100000, 0x00000000b7200000, 0x00000000b7200000|100%| O|  |TAMS 0x00000000b7200000, 0x00000000b7100000| Untracked 
| 370|0x00000000b7200000, 0x00000000b7300000, 0x00000000b7300000|100%| O|  |TAMS 0x00000000b7300000, 0x00000000b7200000| Untracked 
| 371|0x00000000b7300000, 0x00000000b7400000, 0x00000000b7400000|100%| O|  |TAMS 0x00000000b7400000, 0x00000000b7300000| Untracked 
| 372|0x00000000b7400000, 0x00000000b7500000, 0x00000000b7500000|100%| O|  |TAMS 0x00000000b7500000, 0x00000000b7400000| Untracked 
| 373|0x00000000b7500000, 0x00000000b7600000, 0x00000000b7600000|100%| O|  |TAMS 0x00000000b7600000, 0x00000000b7500000| Untracked 
| 374|0x00000000b7600000, 0x00000000b7700000, 0x00000000b7700000|100%| O|  |TAMS 0x00000000b7700000, 0x00000000b7600000| Updating 
| 375|0x00000000b7700000, 0x00000000b7800000, 0x00000000b7800000|100%| O|  |TAMS 0x00000000b7800000, 0x00000000b7700000| Untracked 
| 376|0x00000000b7800000, 0x00000000b7900000, 0x00000000b7900000|100%| O|  |TAMS 0x00000000b7900000, 0x00000000b7800000| Updating 
| 377|0x00000000b7900000, 0x00000000b7a00000, 0x00000000b7a00000|100%| O|  |TAMS 0x00000000b7a00000, 0x00000000b7900000| Updating 
| 378|0x00000000b7a00000, 0x00000000b7b00000, 0x00000000b7b00000|100%| O|  |TAMS 0x00000000b7b00000, 0x00000000b7a00000| Updating 
| 379|0x00000000b7b00000, 0x00000000b7b00000, 0x00000000b7c00000|  0%| F|  |TAMS 0x00000000b7b00000, 0x00000000b7b00000| Untracked 
| 380|0x00000000b7c00000, 0x00000000b7c00000, 0x00000000b7d00000|  0%| F|  |TAMS 0x00000000b7c00000, 0x00000000b7c00000| Untracked 
| 381|0x00000000b7d00000, 0x00000000b7d00000, 0x00000000b7e00000|  0%| F|  |TAMS 0x00000000b7d00000, 0x00000000b7d00000| Untracked 
| 382|0x00000000b7e00000, 0x00000000b7e00000, 0x00000000b7f00000|  0%| F|  |TAMS 0x00000000b7e00000, 0x00000000b7e00000| Untracked 
| 383|0x00000000b7f00000, 0x00000000b7f00000, 0x00000000b8000000|  0%| F|  |TAMS 0x00000000b7f00000, 0x00000000b7f00000| Untracked 
| 384|0x00000000b8000000, 0x00000000b8000000, 0x00000000b8100000|  0%| F|  |TAMS 0x00000000b8000000, 0x00000000b8000000| Untracked 
| 385|0x00000000b8100000, 0x00000000b8100000, 0x00000000b8200000|  0%| F|  |TAMS 0x00000000b8100000, 0x00000000b8100000| Untracked 
| 386|0x00000000b8200000, 0x00000000b8200000, 0x00000000b8300000|  0%| F|  |TAMS 0x00000000b8200000, 0x00000000b8200000| Untracked 
| 387|0x00000000b8300000, 0x00000000b8300000, 0x00000000b8400000|  0%| F|  |TAMS 0x00000000b8300000, 0x00000000b8300000| Untracked 
| 388|0x00000000b8400000, 0x00000000b8400000, 0x00000000b8500000|  0%| F|  |TAMS 0x00000000b8400000, 0x00000000b8400000| Untracked 
| 389|0x00000000b8500000, 0x00000000b8500000, 0x00000000b8600000|  0%| F|  |TAMS 0x00000000b8500000, 0x00000000b8500000| Untracked 
| 390|0x00000000b8600000, 0x00000000b8600000, 0x00000000b8700000|  0%| F|  |TAMS 0x00000000b8600000, 0x00000000b8600000| Untracked 
| 391|0x00000000b8700000, 0x00000000b8700000, 0x00000000b8800000|  0%| F|  |TAMS 0x00000000b8700000, 0x00000000b8700000| Untracked 
| 392|0x00000000b8800000, 0x00000000b8800000, 0x00000000b8900000|  0%| F|  |TAMS 0x00000000b8800000, 0x00000000b8800000| Untracked 
| 393|0x00000000b8900000, 0x00000000b8900000, 0x00000000b8a00000|  0%| F|  |TAMS 0x00000000b8900000, 0x00000000b8900000| Untracked 
| 394|0x00000000b8a00000, 0x00000000b8a00000, 0x00000000b8b00000|  0%| F|  |TAMS 0x00000000b8a00000, 0x00000000b8a00000| Untracked 
| 395|0x00000000b8b00000, 0x00000000b8b00000, 0x00000000b8c00000|  0%| F|  |TAMS 0x00000000b8b00000, 0x00000000b8b00000| Untracked 
| 396|0x00000000b8c00000, 0x00000000b8d00000, 0x00000000b8d00000|100%| O|  |TAMS 0x00000000b8d00000, 0x00000000b8c00000| Untracked 
| 397|0x00000000b8d00000, 0x00000000b8d00000, 0x00000000b8e00000|  0%| F|  |TAMS 0x00000000b8d00000, 0x00000000b8d00000| Untracked 
| 398|0x00000000b8e00000, 0x00000000b8e00000, 0x00000000b8f00000|  0%| F|  |TAMS 0x00000000b8e00000, 0x00000000b8e00000| Untracked 
| 399|0x00000000b8f00000, 0x00000000b8f00000, 0x00000000b9000000|  0%| F|  |TAMS 0x00000000b8f00000, 0x00000000b8f00000| Untracked 
| 400|0x00000000b9000000, 0x00000000b9000000, 0x00000000b9100000|  0%| F|  |TAMS 0x00000000b9000000, 0x00000000b9000000| Untracked 
| 401|0x00000000b9100000, 0x00000000b9100000, 0x00000000b9200000|  0%| F|  |TAMS 0x00000000b9100000, 0x00000000b9100000| Untracked 
| 402|0x00000000b9200000, 0x00000000b9300000, 0x00000000b9300000|100%| O|  |TAMS 0x00000000b9300000, 0x00000000b9200000| Untracked 
| 403|0x00000000b9300000, 0x00000000b9400000, 0x00000000b9400000|100%| O|  |TAMS 0x00000000b9400000, 0x00000000b9300000| Untracked 
| 404|0x00000000b9400000, 0x00000000b9500000, 0x00000000b9500000|100%| O|  |TAMS 0x00000000b9500000, 0x00000000b9400000| Untracked 
| 405|0x00000000b9500000, 0x00000000b9600000, 0x00000000b9600000|100%| O|  |TAMS 0x00000000b9600000, 0x00000000b9500000| Untracked 
| 406|0x00000000b9600000, 0x00000000b9700000, 0x00000000b9700000|100%| O|  |TAMS 0x00000000b9700000, 0x00000000b9600000| Untracked 
| 407|0x00000000b9700000, 0x00000000b9800000, 0x00000000b9800000|100%| O|  |TAMS 0x00000000b9800000, 0x00000000b9700000| Untracked 
| 408|0x00000000b9800000, 0x00000000b9900000, 0x00000000b9900000|100%| O|  |TAMS 0x00000000b9900000, 0x00000000b9800000| Untracked 
| 409|0x00000000b9900000, 0x00000000b9a00000, 0x00000000b9a00000|100%| O|  |TAMS 0x00000000b9a00000, 0x00000000b9900000| Untracked 
| 410|0x00000000b9a00000, 0x00000000b9b00000, 0x00000000b9b00000|100%| O|  |TAMS 0x00000000b9b00000, 0x00000000b9a00000| Untracked 
| 411|0x00000000b9b00000, 0x00000000b9c00000, 0x00000000b9c00000|100%| O|  |TAMS 0x00000000b9c00000, 0x00000000b9b00000| Untracked 
| 412|0x00000000b9c00000, 0x00000000b9d00000, 0x00000000b9d00000|100%| O|  |TAMS 0x00000000b9d00000, 0x00000000b9c00000| Untracked 
| 413|0x00000000b9d00000, 0x00000000b9e00000, 0x00000000b9e00000|100%| O|  |TAMS 0x00000000b9e00000, 0x00000000b9d00000| Untracked 
| 414|0x00000000b9e00000, 0x00000000b9f00000, 0x00000000b9f00000|100%| O|  |TAMS 0x00000000b9f00000, 0x00000000b9e00000| Untracked 
| 415|0x00000000b9f00000, 0x00000000ba000000, 0x00000000ba000000|100%| O|  |TAMS 0x00000000ba000000, 0x00000000b9f00000| Untracked 
| 416|0x00000000ba000000, 0x00000000ba100000, 0x00000000ba100000|100%| O|  |TAMS 0x00000000ba100000, 0x00000000ba000000| Untracked 
| 417|0x00000000ba100000, 0x00000000ba200000, 0x00000000ba200000|100%| O|  |TAMS 0x00000000ba200000, 0x00000000ba100000| Untracked 
| 418|0x00000000ba200000, 0x00000000ba300000, 0x00000000ba300000|100%| O|  |TAMS 0x00000000ba300000, 0x00000000ba200000| Untracked 
| 419|0x00000000ba300000, 0x00000000ba400000, 0x00000000ba400000|100%| O|  |TAMS 0x00000000ba400000, 0x00000000ba300000| Untracked 
| 420|0x00000000ba400000, 0x00000000ba500000, 0x00000000ba500000|100%| O|  |TAMS 0x00000000ba500000, 0x00000000ba400000| Untracked 
| 421|0x00000000ba500000, 0x00000000ba600000, 0x00000000ba600000|100%| O|  |TAMS 0x00000000ba600000, 0x00000000ba500000| Untracked 
| 422|0x00000000ba600000, 0x00000000ba700000, 0x00000000ba700000|100%| O|  |TAMS 0x00000000ba700000, 0x00000000ba600000| Untracked 
| 423|0x00000000ba700000, 0x00000000ba800000, 0x00000000ba800000|100%| O|  |TAMS 0x00000000ba800000, 0x00000000ba700000| Untracked 
| 424|0x00000000ba800000, 0x00000000ba900000, 0x00000000ba900000|100%| O|  |TAMS 0x00000000ba900000, 0x00000000ba800000| Updating 
| 425|0x00000000ba900000, 0x00000000baa00000, 0x00000000baa00000|100%| O|  |TAMS 0x00000000baa00000, 0x00000000ba900000| Updating 
| 426|0x00000000baa00000, 0x00000000bab00000, 0x00000000bab00000|100%| O|  |TAMS 0x00000000bab00000, 0x00000000baa00000| Updating 
| 427|0x00000000bab00000, 0x00000000bac00000, 0x00000000bac00000|100%| O|  |TAMS 0x00000000bac00000, 0x00000000bab00000| Updating 
| 428|0x00000000bac00000, 0x00000000bad00000, 0x00000000bad00000|100%| O|  |TAMS 0x00000000bad00000, 0x00000000bac00000| Updating 
| 429|0x00000000bad00000, 0x00000000bae00000, 0x00000000bae00000|100%| O|  |TAMS 0x00000000bae00000, 0x00000000bad00000| Updating 
| 430|0x00000000bae00000, 0x00000000baf00000, 0x00000000baf00000|100%| O|  |TAMS 0x00000000baf00000, 0x00000000bae00000| Untracked 
| 431|0x00000000baf00000, 0x00000000bb000000, 0x00000000bb000000|100%| O|  |TAMS 0x00000000bb000000, 0x00000000baf00000| Updating 
| 432|0x00000000bb000000, 0x00000000bb100000, 0x00000000bb100000|100%| O|  |TAMS 0x00000000bb100000, 0x00000000bb000000| Untracked 
| 433|0x00000000bb100000, 0x00000000bb200000, 0x00000000bb200000|100%| O|  |TAMS 0x00000000bb200000, 0x00000000bb100000| Untracked 
| 434|0x00000000bb200000, 0x00000000bb300000, 0x00000000bb300000|100%| O|  |TAMS 0x00000000bb300000, 0x00000000bb200000| Untracked 
| 435|0x00000000bb300000, 0x00000000bb400000, 0x00000000bb400000|100%| O|  |TAMS 0x00000000bb400000, 0x00000000bb300000| Untracked 
| 436|0x00000000bb400000, 0x00000000bb500000, 0x00000000bb500000|100%| O|  |TAMS 0x00000000bb500000, 0x00000000bb400000| Updating 
| 437|0x00000000bb500000, 0x00000000bb600000, 0x00000000bb600000|100%| O|  |TAMS 0x00000000bb600000, 0x00000000bb500000| Untracked 
| 438|0x00000000bb600000, 0x00000000bb700000, 0x00000000bb700000|100%| O|  |TAMS 0x00000000bb700000, 0x00000000bb600000| Untracked 
| 439|0x00000000bb700000, 0x00000000bb800000, 0x00000000bb800000|100%| O|  |TAMS 0x00000000bb800000, 0x00000000bb700000| Untracked 
| 440|0x00000000bb800000, 0x00000000bb900000, 0x00000000bb900000|100%| O|  |TAMS 0x00000000bb900000, 0x00000000bb800000| Untracked 
| 441|0x00000000bb900000, 0x00000000bba00000, 0x00000000bba00000|100%| O|  |TAMS 0x00000000bba00000, 0x00000000bb900000| Untracked 
| 442|0x00000000bba00000, 0x00000000bbb00000, 0x00000000bbb00000|100%| O|  |TAMS 0x00000000bbb00000, 0x00000000bba00000| Untracked 
| 443|0x00000000bbb00000, 0x00000000bbc00000, 0x00000000bbc00000|100%| O|  |TAMS 0x00000000bbc00000, 0x00000000bbb00000| Updating 
| 444|0x00000000bbc00000, 0x00000000bbd00000, 0x00000000bbd00000|100%| O|  |TAMS 0x00000000bbd00000, 0x00000000bbc00000| Untracked 
| 445|0x00000000bbd00000, 0x00000000bbe00000, 0x00000000bbe00000|100%| O|  |TAMS 0x00000000bbe00000, 0x00000000bbd00000| Updating 
| 446|0x00000000bbe00000, 0x00000000bbf00000, 0x00000000bbf00000|100%| O|  |TAMS 0x00000000bbf00000, 0x00000000bbe00000| Updating 
| 447|0x00000000bbf00000, 0x00000000bc000000, 0x00000000bc000000|100%| O|  |TAMS 0x00000000bc000000, 0x00000000bbf00000| Untracked 
| 448|0x00000000bc000000, 0x00000000bc100000, 0x00000000bc100000|100%| O|  |TAMS 0x00000000bc100000, 0x00000000bc000000| Untracked 
| 449|0x00000000bc100000, 0x00000000bc200000, 0x00000000bc200000|100%| O|  |TAMS 0x00000000bc200000, 0x00000000bc100000| Updating 
| 450|0x00000000bc200000, 0x00000000bc300000, 0x00000000bc300000|100%| O|  |TAMS 0x00000000bc300000, 0x00000000bc200000| Untracked 
| 451|0x00000000bc300000, 0x00000000bc400000, 0x00000000bc400000|100%| O|  |TAMS 0x00000000bc400000, 0x00000000bc300000| Untracked 
| 452|0x00000000bc400000, 0x00000000bc500000, 0x00000000bc500000|100%| O|  |TAMS 0x00000000bc500000, 0x00000000bc400000| Untracked 
| 453|0x00000000bc500000, 0x00000000bc600000, 0x00000000bc600000|100%| O|  |TAMS 0x00000000bc600000, 0x00000000bc500000| Untracked 
| 454|0x00000000bc600000, 0x00000000bc700000, 0x00000000bc700000|100%| O|  |TAMS 0x00000000bc700000, 0x00000000bc600000| Untracked 
| 455|0x00000000bc700000, 0x00000000bc800000, 0x00000000bc800000|100%| O|  |TAMS 0x00000000bc800000, 0x00000000bc700000| Untracked 
| 456|0x00000000bc800000, 0x00000000bc900000, 0x00000000bc900000|100%| O|  |TAMS 0x00000000bc900000, 0x00000000bc800000| Updating 
| 457|0x00000000bc900000, 0x00000000bca00000, 0x00000000bca00000|100%| O|  |TAMS 0x00000000bca00000, 0x00000000bc900000| Untracked 
| 458|0x00000000bca00000, 0x00000000bcb00000, 0x00000000bcb00000|100%| O|  |TAMS 0x00000000bcb00000, 0x00000000bca00000| Updating 
| 459|0x00000000bcb00000, 0x00000000bcc00000, 0x00000000bcc00000|100%| O|  |TAMS 0x00000000bcc00000, 0x00000000bcb00000| Updating 
| 460|0x00000000bcc00000, 0x00000000bcd00000, 0x00000000bcd00000|100%| O|  |TAMS 0x00000000bcd00000, 0x00000000bcc00000| Updating 
| 461|0x00000000bcd00000, 0x00000000bce00000, 0x00000000bce00000|100%| O|  |TAMS 0x00000000bce00000, 0x00000000bcd00000| Updating 
| 462|0x00000000bce00000, 0x00000000bcf00000, 0x00000000bcf00000|100%| O|  |TAMS 0x00000000bcf00000, 0x00000000bce00000| Untracked 
| 463|0x00000000bcf00000, 0x00000000bd000000, 0x00000000bd000000|100%| O|  |TAMS 0x00000000bd000000, 0x00000000bcf00000| Untracked 
| 464|0x00000000bd000000, 0x00000000bd100000, 0x00000000bd100000|100%| O|  |TAMS 0x00000000bd100000, 0x00000000bd000000| Untracked 
| 465|0x00000000bd100000, 0x00000000bd200000, 0x00000000bd200000|100%| O|  |TAMS 0x00000000bd200000, 0x00000000bd100000| Untracked 
| 466|0x00000000bd200000, 0x00000000bd300000, 0x00000000bd300000|100%| O|  |TAMS 0x00000000bd300000, 0x00000000bd200000| Untracked 
| 467|0x00000000bd300000, 0x00000000bd400000, 0x00000000bd400000|100%| O|  |TAMS 0x00000000bd400000, 0x00000000bd300000| Untracked 
| 468|0x00000000bd400000, 0x00000000bd500000, 0x00000000bd500000|100%| O|  |TAMS 0x00000000bd500000, 0x00000000bd400000| Untracked 
| 469|0x00000000bd500000, 0x00000000bd600000, 0x00000000bd600000|100%| O|  |TAMS 0x00000000bd600000, 0x00000000bd500000| Untracked 
| 470|0x00000000bd600000, 0x00000000bd700000, 0x00000000bd700000|100%| O|  |TAMS 0x00000000bd700000, 0x00000000bd600000| Untracked 
| 471|0x00000000bd700000, 0x00000000bd800000, 0x00000000bd800000|100%| O|  |TAMS 0x00000000bd800000, 0x00000000bd700000| Untracked 
| 472|0x00000000bd800000, 0x00000000bd900000, 0x00000000bd900000|100%| O|  |TAMS 0x00000000bd900000, 0x00000000bd800000| Untracked 
| 473|0x00000000bd900000, 0x00000000bda00000, 0x00000000bda00000|100%| O|  |TAMS 0x00000000bda00000, 0x00000000bd900000| Untracked 
| 474|0x00000000bda00000, 0x00000000bdb00000, 0x00000000bdb00000|100%| O|  |TAMS 0x00000000bdb00000, 0x00000000bda00000| Untracked 
| 475|0x00000000bdb00000, 0x00000000bdc00000, 0x00000000bdc00000|100%| O|  |TAMS 0x00000000bdc00000, 0x00000000bdb00000| Untracked 
| 476|0x00000000bdc00000, 0x00000000bdd00000, 0x00000000bdd00000|100%| O|  |TAMS 0x00000000bdd00000, 0x00000000bdc00000| Untracked 
| 477|0x00000000bdd00000, 0x00000000bde00000, 0x00000000bde00000|100%| O|  |TAMS 0x00000000bde00000, 0x00000000bdd00000| Untracked 
| 478|0x00000000bde00000, 0x00000000bdf00000, 0x00000000bdf00000|100%| O|  |TAMS 0x00000000bdf00000, 0x00000000bde00000| Untracked 
| 479|0x00000000bdf00000, 0x00000000be000000, 0x00000000be000000|100%| O|  |TAMS 0x00000000be000000, 0x00000000bdf00000| Untracked 
| 480|0x00000000be000000, 0x00000000be100000, 0x00000000be100000|100%| O|  |TAMS 0x00000000be100000, 0x00000000be000000| Untracked 
| 481|0x00000000be100000, 0x00000000be200000, 0x00000000be200000|100%| O|  |TAMS 0x00000000be200000, 0x00000000be100000| Untracked 
| 482|0x00000000be200000, 0x00000000be300000, 0x00000000be300000|100%| O|  |TAMS 0x00000000be300000, 0x00000000be200000| Untracked 
| 483|0x00000000be300000, 0x00000000be400000, 0x00000000be400000|100%| O|  |TAMS 0x00000000be400000, 0x00000000be300000| Untracked 
| 484|0x00000000be400000, 0x00000000be500000, 0x00000000be500000|100%| O|  |TAMS 0x00000000be500000, 0x00000000be400000| Untracked 
| 485|0x00000000be500000, 0x00000000be600000, 0x00000000be600000|100%| O|  |TAMS 0x00000000be600000, 0x00000000be500000| Untracked 
| 486|0x00000000be600000, 0x00000000be700000, 0x00000000be700000|100%| O|  |TAMS 0x00000000be700000, 0x00000000be600000| Untracked 
| 487|0x00000000be700000, 0x00000000be800000, 0x00000000be800000|100%| O|  |TAMS 0x00000000be800000, 0x00000000be700000| Untracked 
| 488|0x00000000be800000, 0x00000000be900000, 0x00000000be900000|100%| O|  |TAMS 0x00000000be900000, 0x00000000be800000| Untracked 
| 489|0x00000000be900000, 0x00000000bea00000, 0x00000000bea00000|100%| O|  |TAMS 0x00000000bea00000, 0x00000000be900000| Untracked 
| 490|0x00000000bea00000, 0x00000000beb00000, 0x00000000beb00000|100%| O|  |TAMS 0x00000000beb00000, 0x00000000bea00000| Untracked 
| 491|0x00000000beb00000, 0x00000000bec00000, 0x00000000bec00000|100%| O|  |TAMS 0x00000000bec00000, 0x00000000beb00000| Updating 
| 492|0x00000000bec00000, 0x00000000bed00000, 0x00000000bed00000|100%| O|  |TAMS 0x00000000bed00000, 0x00000000bec00000| Updating 
| 493|0x00000000bed00000, 0x00000000bee00000, 0x00000000bee00000|100%| O|  |TAMS 0x00000000bee00000, 0x00000000bed00000| Updating 
| 494|0x00000000bee00000, 0x00000000bee00000, 0x00000000bef00000|  0%| F|  |TAMS 0x00000000bee00000, 0x00000000bee00000| Untracked 
| 495|0x00000000bef00000, 0x00000000bef00000, 0x00000000bf000000|  0%| F|  |TAMS 0x00000000bef00000, 0x00000000bef00000| Untracked 
| 496|0x00000000bf000000, 0x00000000bf000000, 0x00000000bf100000|  0%| F|  |TAMS 0x00000000bf000000, 0x00000000bf000000| Untracked 
| 497|0x00000000bf100000, 0x00000000bf100000, 0x00000000bf200000|  0%| F|  |TAMS 0x00000000bf100000, 0x00000000bf100000| Untracked 
| 498|0x00000000bf200000, 0x00000000bf200000, 0x00000000bf300000|  0%| F|  |TAMS 0x00000000bf200000, 0x00000000bf200000| Untracked 
| 499|0x00000000bf300000, 0x00000000bf400000, 0x00000000bf400000|100%| O|  |TAMS 0x00000000bf400000, 0x00000000bf300000| Untracked 
| 500|0x00000000bf400000, 0x00000000bf500000, 0x00000000bf500000|100%| O|  |TAMS 0x00000000bf500000, 0x00000000bf400000| Untracked 
| 501|0x00000000bf500000, 0x00000000bf600000, 0x00000000bf600000|100%| O|  |TAMS 0x00000000bf600000, 0x00000000bf500000| Updating 
| 502|0x00000000bf600000, 0x00000000bf700000, 0x00000000bf700000|100%| O|  |TAMS 0x00000000bf700000, 0x00000000bf600000| Untracked 
| 503|0x00000000bf700000, 0x00000000bf800000, 0x00000000bf800000|100%| O|  |TAMS 0x00000000bf800000, 0x00000000bf700000| Untracked 
| 504|0x00000000bf800000, 0x00000000bf900000, 0x00000000bf900000|100%| O|  |TAMS 0x00000000bf900000, 0x00000000bf800000| Untracked 
| 505|0x00000000bf900000, 0x00000000bfa00000, 0x00000000bfa00000|100%| O|  |TAMS 0x00000000bfa00000, 0x00000000bf900000| Untracked 
| 506|0x00000000bfa00000, 0x00000000bfb00000, 0x00000000bfb00000|100%| O|  |TAMS 0x00000000bfb00000, 0x00000000bfa00000| Untracked 
| 507|0x00000000bfb00000, 0x00000000bfc00000, 0x00000000bfc00000|100%| O|  |TAMS 0x00000000bfc00000, 0x00000000bfb00000| Untracked 
| 508|0x00000000bfc00000, 0x00000000bfd00000, 0x00000000bfd00000|100%| O|  |TAMS 0x00000000bfd00000, 0x00000000bfc00000| Updating 
| 509|0x00000000bfd00000, 0x00000000bfe00000, 0x00000000bfe00000|100%| O|  |TAMS 0x00000000bfe00000, 0x00000000bfd00000| Untracked 
| 510|0x00000000bfe00000, 0x00000000bff00000, 0x00000000bff00000|100%| O|  |TAMS 0x00000000bff00000, 0x00000000bfe00000| Untracked 
| 511|0x00000000bff00000, 0x00000000c0000000, 0x00000000c0000000|100%| O|  |TAMS 0x00000000c0000000, 0x00000000bff00000| Untracked 
| 512|0x00000000c0000000, 0x00000000c0100000, 0x00000000c0100000|100%| O|  |TAMS 0x00000000c0100000, 0x00000000c0000000| Untracked 
| 513|0x00000000c0100000, 0x00000000c0200000, 0x00000000c0200000|100%| O|  |TAMS 0x00000000c0200000, 0x00000000c0100000| Untracked 
| 514|0x00000000c0200000, 0x00000000c0300000, 0x00000000c0300000|100%| O|  |TAMS 0x00000000c0300000, 0x00000000c0200000| Untracked 
| 515|0x00000000c0300000, 0x00000000c0400000, 0x00000000c0400000|100%| O|  |TAMS 0x00000000c0400000, 0x00000000c0300000| Untracked 
| 516|0x00000000c0400000, 0x00000000c0500000, 0x00000000c0500000|100%| O|  |TAMS 0x00000000c0500000, 0x00000000c0400000| Updating 
| 517|0x00000000c0500000, 0x00000000c0600000, 0x00000000c0600000|100%| O|  |TAMS 0x00000000c0600000, 0x00000000c0500000| Untracked 
| 518|0x00000000c0600000, 0x00000000c0700000, 0x00000000c0700000|100%| O|  |TAMS 0x00000000c0700000, 0x00000000c0600000| Untracked 
| 519|0x00000000c0700000, 0x00000000c0800000, 0x00000000c0800000|100%| O|  |TAMS 0x00000000c0800000, 0x00000000c0700000| Untracked 
| 520|0x00000000c0800000, 0x00000000c0900000, 0x00000000c0900000|100%| O|  |TAMS 0x00000000c0900000, 0x00000000c0800000| Untracked 
| 521|0x00000000c0900000, 0x00000000c0a00000, 0x00000000c0a00000|100%| O|  |TAMS 0x00000000c0a00000, 0x00000000c0900000| Untracked 
| 522|0x00000000c0a00000, 0x00000000c0b00000, 0x00000000c0b00000|100%| O|  |TAMS 0x00000000c0b00000, 0x00000000c0a00000| Updating 
| 523|0x00000000c0b00000, 0x00000000c0c00000, 0x00000000c0c00000|100%| O|  |TAMS 0x00000000c0c00000, 0x00000000c0b00000| Updating 
| 524|0x00000000c0c00000, 0x00000000c0d00000, 0x00000000c0d00000|100%| O|  |TAMS 0x00000000c0d00000, 0x00000000c0c00000| Untracked 
| 525|0x00000000c0d00000, 0x00000000c0e00000, 0x00000000c0e00000|100%| O|  |TAMS 0x00000000c0e00000, 0x00000000c0d00000| Updating 
| 526|0x00000000c0e00000, 0x00000000c0f00000, 0x00000000c0f00000|100%| O|  |TAMS 0x00000000c0f00000, 0x00000000c0e00000| Updating 
| 527|0x00000000c0f00000, 0x00000000c1000000, 0x00000000c1000000|100%| O|  |TAMS 0x00000000c1000000, 0x00000000c0f00000| Updating 
| 528|0x00000000c1000000, 0x00000000c1100000, 0x00000000c1100000|100%| O|  |TAMS 0x00000000c1100000, 0x00000000c1000000| Updating 
| 529|0x00000000c1100000, 0x00000000c1200000, 0x00000000c1200000|100%| O|  |TAMS 0x00000000c1200000, 0x00000000c1100000| Updating 
| 530|0x00000000c1200000, 0x00000000c1300000, 0x00000000c1300000|100%| O|  |TAMS 0x00000000c1300000, 0x00000000c1200000| Updating 
| 531|0x00000000c1300000, 0x00000000c1400000, 0x00000000c1400000|100%| O|  |TAMS 0x00000000c1400000, 0x00000000c1300000| Updating 
| 532|0x00000000c1400000, 0x00000000c1500000, 0x00000000c1500000|100%| O|  |TAMS 0x00000000c1500000, 0x00000000c1400000| Updating 
| 533|0x00000000c1500000, 0x00000000c1600000, 0x00000000c1600000|100%| O|  |TAMS 0x00000000c1600000, 0x00000000c1500000| Updating 
| 534|0x00000000c1600000, 0x00000000c1700000, 0x00000000c1700000|100%| O|  |TAMS 0x00000000c1700000, 0x00000000c1600000| Updating 
| 535|0x00000000c1700000, 0x00000000c1800000, 0x00000000c1800000|100%| O|  |TAMS 0x00000000c1800000, 0x00000000c1700000| Untracked 
| 536|0x00000000c1800000, 0x00000000c1900000, 0x00000000c1900000|100%| O|  |TAMS 0x00000000c1900000, 0x00000000c1800000| Updating 
| 537|0x00000000c1900000, 0x00000000c1a00000, 0x00000000c1a00000|100%| O|  |TAMS 0x00000000c1a00000, 0x00000000c1900000| Updating 
| 538|0x00000000c1a00000, 0x00000000c1b00000, 0x00000000c1b00000|100%| O|  |TAMS 0x00000000c1b00000, 0x00000000c1a00000| Updating 
| 539|0x00000000c1b00000, 0x00000000c1c00000, 0x00000000c1c00000|100%| O|  |TAMS 0x00000000c1c00000, 0x00000000c1b00000| Updating 
| 540|0x00000000c1c00000, 0x00000000c1d00000, 0x00000000c1d00000|100%| O|  |TAMS 0x00000000c1d00000, 0x00000000c1c00000| Updating 
| 541|0x00000000c1d00000, 0x00000000c1e00000, 0x00000000c1e00000|100%| O|  |TAMS 0x00000000c1e00000, 0x00000000c1d00000| Updating 
| 542|0x00000000c1e00000, 0x00000000c1f00000, 0x00000000c1f00000|100%| O|  |TAMS 0x00000000c1f00000, 0x00000000c1e00000| Updating 
| 543|0x00000000c1f00000, 0x00000000c2000000, 0x00000000c2000000|100%| O|  |TAMS 0x00000000c2000000, 0x00000000c1f00000| Updating 
| 544|0x00000000c2000000, 0x00000000c2100000, 0x00000000c2100000|100%| O|  |TAMS 0x00000000c2100000, 0x00000000c2000000| Updating 
| 545|0x00000000c2100000, 0x00000000c2200000, 0x00000000c2200000|100%| O|  |TAMS 0x00000000c2200000, 0x00000000c2100000| Updating 
| 546|0x00000000c2200000, 0x00000000c2300000, 0x00000000c2300000|100%|HS|  |TAMS 0x00000000c2300000, 0x00000000c2200000| Complete 
| 547|0x00000000c2300000, 0x00000000c2400000, 0x00000000c2400000|100%|HC|  |TAMS 0x00000000c2400000, 0x00000000c2300000| Complete 
| 548|0x00000000c2400000, 0x00000000c2500000, 0x00000000c2500000|100%|HC|  |TAMS 0x00000000c2500000, 0x00000000c2400000| Complete 
| 549|0x00000000c2500000, 0x00000000c2600000, 0x00000000c2600000|100%|HC|  |TAMS 0x00000000c2600000, 0x00000000c2500000| Complete 
| 550|0x00000000c2600000, 0x00000000c2700000, 0x00000000c2700000|100%|HC|  |TAMS 0x00000000c2700000, 0x00000000c2600000| Complete 
| 551|0x00000000c2700000, 0x00000000c2800000, 0x00000000c2800000|100%|HC|  |TAMS 0x00000000c2800000, 0x00000000c2700000| Complete 
| 552|0x00000000c2800000, 0x00000000c2900000, 0x00000000c2900000|100%|HC|  |TAMS 0x00000000c2900000, 0x00000000c2800000| Complete 
| 553|0x00000000c2900000, 0x00000000c2a00000, 0x00000000c2a00000|100%|HC|  |TAMS 0x00000000c2a00000, 0x00000000c2900000| Complete 
| 554|0x00000000c2a00000, 0x00000000c2b00000, 0x00000000c2b00000|100%|HC|  |TAMS 0x00000000c2b00000, 0x00000000c2a00000| Complete 
| 555|0x00000000c2b00000, 0x00000000c2c00000, 0x00000000c2c00000|100%|HC|  |TAMS 0x00000000c2c00000, 0x00000000c2b00000| Complete 
| 556|0x00000000c2c00000, 0x00000000c2d00000, 0x00000000c2d00000|100%|HC|  |TAMS 0x00000000c2d00000, 0x00000000c2c00000| Complete 
| 557|0x00000000c2d00000, 0x00000000c2e00000, 0x00000000c2e00000|100%|HC|  |TAMS 0x00000000c2e00000, 0x00000000c2d00000| Complete 
| 558|0x00000000c2e00000, 0x00000000c2f00000, 0x00000000c2f00000|100%|HC|  |TAMS 0x00000000c2f00000, 0x00000000c2e00000| Complete 
| 559|0x00000000c2f00000, 0x00000000c3000000, 0x00000000c3000000|100%|HC|  |TAMS 0x00000000c3000000, 0x00000000c2f00000| Complete 
| 560|0x00000000c3000000, 0x00000000c3100000, 0x00000000c3100000|100%|HC|  |TAMS 0x00000000c3100000, 0x00000000c3000000| Complete 
| 561|0x00000000c3100000, 0x00000000c3200000, 0x00000000c3200000|100%|HC|  |TAMS 0x00000000c3200000, 0x00000000c3100000| Complete 
| 562|0x00000000c3200000, 0x00000000c3300000, 0x00000000c3300000|100%|HC|  |TAMS 0x00000000c3300000, 0x00000000c3200000| Complete 
| 563|0x00000000c3300000, 0x00000000c3400000, 0x00000000c3400000|100%|HC|  |TAMS 0x00000000c3400000, 0x00000000c3300000| Complete 
| 564|0x00000000c3400000, 0x00000000c3500000, 0x00000000c3500000|100%|HC|  |TAMS 0x00000000c3500000, 0x00000000c3400000| Complete 
| 565|0x00000000c3500000, 0x00000000c3600000, 0x00000000c3600000|100%|HC|  |TAMS 0x00000000c3600000, 0x00000000c3500000| Complete 
| 566|0x00000000c3600000, 0x00000000c3700000, 0x00000000c3700000|100%|HC|  |TAMS 0x00000000c3700000, 0x00000000c3600000| Complete 
| 567|0x00000000c3700000, 0x00000000c3800000, 0x00000000c3800000|100%|HC|  |TAMS 0x00000000c3800000, 0x00000000c3700000| Complete 
| 568|0x00000000c3800000, 0x00000000c3900000, 0x00000000c3900000|100%|HC|  |TAMS 0x00000000c3900000, 0x00000000c3800000| Complete 
| 569|0x00000000c3900000, 0x00000000c3a00000, 0x00000000c3a00000|100%|HC|  |TAMS 0x00000000c3a00000, 0x00000000c3900000| Complete 
| 570|0x00000000c3a00000, 0x00000000c3b00000, 0x00000000c3b00000|100%|HC|  |TAMS 0x00000000c3b00000, 0x00000000c3a00000| Complete 
| 571|0x00000000c3b00000, 0x00000000c3c00000, 0x00000000c3c00000|100%|HC|  |TAMS 0x00000000c3c00000, 0x00000000c3b00000| Complete 
| 572|0x00000000c3c00000, 0x00000000c3d00000, 0x00000000c3d00000|100%|HC|  |TAMS 0x00000000c3d00000, 0x00000000c3c00000| Complete 
| 573|0x00000000c3d00000, 0x00000000c3e00000, 0x00000000c3e00000|100%|HC|  |TAMS 0x00000000c3e00000, 0x00000000c3d00000| Complete 
| 574|0x00000000c3e00000, 0x00000000c3f00000, 0x00000000c3f00000|100%|HC|  |TAMS 0x00000000c3f00000, 0x00000000c3e00000| Complete 
| 575|0x00000000c3f00000, 0x00000000c4000000, 0x00000000c4000000|100%|HC|  |TAMS 0x00000000c4000000, 0x00000000c3f00000| Complete 
| 576|0x00000000c4000000, 0x00000000c4100000, 0x00000000c4100000|100%|HC|  |TAMS 0x00000000c4100000, 0x00000000c4000000| Complete 
| 577|0x00000000c4100000, 0x00000000c4200000, 0x00000000c4200000|100%|HC|  |TAMS 0x00000000c4200000, 0x00000000c4100000| Complete 
| 578|0x00000000c4200000, 0x00000000c4300000, 0x00000000c4300000|100%|HC|  |TAMS 0x00000000c4300000, 0x00000000c4200000| Complete 
| 579|0x00000000c4300000, 0x00000000c4400000, 0x00000000c4400000|100%|HC|  |TAMS 0x00000000c4400000, 0x00000000c4300000| Complete 
| 580|0x00000000c4400000, 0x00000000c4500000, 0x00000000c4500000|100%|HC|  |TAMS 0x00000000c4500000, 0x00000000c4400000| Complete 
| 581|0x00000000c4500000, 0x00000000c4600000, 0x00000000c4600000|100%|HC|  |TAMS 0x00000000c4600000, 0x00000000c4500000| Complete 
| 582|0x00000000c4600000, 0x00000000c4700000, 0x00000000c4700000|100%|HC|  |TAMS 0x00000000c4700000, 0x00000000c4600000| Complete 
| 583|0x00000000c4700000, 0x00000000c4800000, 0x00000000c4800000|100%|HC|  |TAMS 0x00000000c4800000, 0x00000000c4700000| Complete 
| 584|0x00000000c4800000, 0x00000000c4900000, 0x00000000c4900000|100%|HC|  |TAMS 0x00000000c4900000, 0x00000000c4800000| Complete 
| 585|0x00000000c4900000, 0x00000000c4a00000, 0x00000000c4a00000|100%|HC|  |TAMS 0x00000000c4a00000, 0x00000000c4900000| Complete 
| 586|0x00000000c4a00000, 0x00000000c4b00000, 0x00000000c4b00000|100%|HC|  |TAMS 0x00000000c4b00000, 0x00000000c4a00000| Complete 
| 587|0x00000000c4b00000, 0x00000000c4c00000, 0x00000000c4c00000|100%|HC|  |TAMS 0x00000000c4c00000, 0x00000000c4b00000| Complete 
| 588|0x00000000c4c00000, 0x00000000c4d00000, 0x00000000c4d00000|100%|HC|  |TAMS 0x00000000c4d00000, 0x00000000c4c00000| Complete 
| 589|0x00000000c4d00000, 0x00000000c4e00000, 0x00000000c4e00000|100%|HC|  |TAMS 0x00000000c4e00000, 0x00000000c4d00000| Complete 
| 590|0x00000000c4e00000, 0x00000000c4f00000, 0x00000000c4f00000|100%|HC|  |TAMS 0x00000000c4f00000, 0x00000000c4e00000| Complete 
| 591|0x00000000c4f00000, 0x00000000c5000000, 0x00000000c5000000|100%|HC|  |TAMS 0x00000000c5000000, 0x00000000c4f00000| Complete 
| 592|0x00000000c5000000, 0x00000000c5100000, 0x00000000c5100000|100%|HC|  |TAMS 0x00000000c5100000, 0x00000000c5000000| Complete 
| 593|0x00000000c5100000, 0x00000000c5200000, 0x00000000c5200000|100%|HC|  |TAMS 0x00000000c5200000, 0x00000000c5100000| Complete 
| 594|0x00000000c5200000, 0x00000000c5300000, 0x00000000c5300000|100%|HC|  |TAMS 0x00000000c5300000, 0x00000000c5200000| Complete 
| 595|0x00000000c5300000, 0x00000000c5400000, 0x00000000c5400000|100%|HC|  |TAMS 0x00000000c5400000, 0x00000000c5300000| Complete 
| 596|0x00000000c5400000, 0x00000000c5500000, 0x00000000c5500000|100%|HC|  |TAMS 0x00000000c5500000, 0x00000000c5400000| Complete 
| 597|0x00000000c5500000, 0x00000000c5600000, 0x00000000c5600000|100%|HC|  |TAMS 0x00000000c5600000, 0x00000000c5500000| Complete 
| 598|0x00000000c5600000, 0x00000000c5700000, 0x00000000c5700000|100%|HC|  |TAMS 0x00000000c5700000, 0x00000000c5600000| Complete 
| 599|0x00000000c5700000, 0x00000000c5800000, 0x00000000c5800000|100%|HC|  |TAMS 0x00000000c5800000, 0x00000000c5700000| Complete 
| 600|0x00000000c5800000, 0x00000000c5900000, 0x00000000c5900000|100%|HC|  |TAMS 0x00000000c5900000, 0x00000000c5800000| Complete 
| 601|0x00000000c5900000, 0x00000000c5a00000, 0x00000000c5a00000|100%|HC|  |TAMS 0x00000000c5a00000, 0x00000000c5900000| Complete 
| 602|0x00000000c5a00000, 0x00000000c5b00000, 0x00000000c5b00000|100%|HC|  |TAMS 0x00000000c5b00000, 0x00000000c5a00000| Complete 
| 603|0x00000000c5b00000, 0x00000000c5c00000, 0x00000000c5c00000|100%|HC|  |TAMS 0x00000000c5c00000, 0x00000000c5b00000| Complete 
| 604|0x00000000c5c00000, 0x00000000c5d00000, 0x00000000c5d00000|100%|HC|  |TAMS 0x00000000c5d00000, 0x00000000c5c00000| Complete 
| 605|0x00000000c5d00000, 0x00000000c5e00000, 0x00000000c5e00000|100%|HC|  |TAMS 0x00000000c5e00000, 0x00000000c5d00000| Complete 
| 606|0x00000000c5e00000, 0x00000000c5f00000, 0x00000000c5f00000|100%|HC|  |TAMS 0x00000000c5f00000, 0x00000000c5e00000| Complete 
| 607|0x00000000c5f00000, 0x00000000c6000000, 0x00000000c6000000|100%|HC|  |TAMS 0x00000000c6000000, 0x00000000c5f00000| Complete 
| 608|0x00000000c6000000, 0x00000000c6100000, 0x00000000c6100000|100%|HC|  |TAMS 0x00000000c6100000, 0x00000000c6000000| Complete 
| 609|0x00000000c6100000, 0x00000000c6200000, 0x00000000c6200000|100%|HC|  |TAMS 0x00000000c6200000, 0x00000000c6100000| Complete 
| 610|0x00000000c6200000, 0x00000000c6300000, 0x00000000c6300000|100%|HC|  |TAMS 0x00000000c6300000, 0x00000000c6200000| Complete 
| 611|0x00000000c6300000, 0x00000000c6400000, 0x00000000c6400000|100%|HC|  |TAMS 0x00000000c6400000, 0x00000000c6300000| Complete 
| 612|0x00000000c6400000, 0x00000000c6500000, 0x00000000c6500000|100%|HC|  |TAMS 0x00000000c6500000, 0x00000000c6400000| Complete 
| 613|0x00000000c6500000, 0x00000000c6600000, 0x00000000c6600000|100%|HC|  |TAMS 0x00000000c6600000, 0x00000000c6500000| Complete 
| 614|0x00000000c6600000, 0x00000000c6700000, 0x00000000c6700000|100%|HC|  |TAMS 0x00000000c6700000, 0x00000000c6600000| Complete 
| 615|0x00000000c6700000, 0x00000000c6800000, 0x00000000c6800000|100%|HC|  |TAMS 0x00000000c6800000, 0x00000000c6700000| Complete 
| 616|0x00000000c6800000, 0x00000000c6900000, 0x00000000c6900000|100%|HC|  |TAMS 0x00000000c6900000, 0x00000000c6800000| Complete 
| 617|0x00000000c6900000, 0x00000000c6a00000, 0x00000000c6a00000|100%|HC|  |TAMS 0x00000000c6a00000, 0x00000000c6900000| Complete 
| 618|0x00000000c6a00000, 0x00000000c6b00000, 0x00000000c6b00000|100%|HC|  |TAMS 0x00000000c6b00000, 0x00000000c6a00000| Complete 
| 619|0x00000000c6b00000, 0x00000000c6c00000, 0x00000000c6c00000|100%|HC|  |TAMS 0x00000000c6c00000, 0x00000000c6b00000| Complete 
| 620|0x00000000c6c00000, 0x00000000c6d00000, 0x00000000c6d00000|100%|HC|  |TAMS 0x00000000c6d00000, 0x00000000c6c00000| Complete 
| 621|0x00000000c6d00000, 0x00000000c6e00000, 0x00000000c6e00000|100%|HC|  |TAMS 0x00000000c6e00000, 0x00000000c6d00000| Complete 
| 622|0x00000000c6e00000, 0x00000000c6f00000, 0x00000000c6f00000|100%|HC|  |TAMS 0x00000000c6f00000, 0x00000000c6e00000| Complete 
| 623|0x00000000c6f00000, 0x00000000c7000000, 0x00000000c7000000|100%|HC|  |TAMS 0x00000000c7000000, 0x00000000c6f00000| Complete 
| 624|0x00000000c7000000, 0x00000000c7100000, 0x00000000c7100000|100%|HC|  |TAMS 0x00000000c7100000, 0x00000000c7000000| Complete 
| 625|0x00000000c7100000, 0x00000000c7200000, 0x00000000c7200000|100%|HC|  |TAMS 0x00000000c7200000, 0x00000000c7100000| Complete 
| 626|0x00000000c7200000, 0x00000000c7300000, 0x00000000c7300000|100%|HC|  |TAMS 0x00000000c7300000, 0x00000000c7200000| Complete 
| 627|0x00000000c7300000, 0x00000000c7400000, 0x00000000c7400000|100%|HC|  |TAMS 0x00000000c7400000, 0x00000000c7300000| Complete 
| 628|0x00000000c7400000, 0x00000000c7500000, 0x00000000c7500000|100%|HC|  |TAMS 0x00000000c7500000, 0x00000000c7400000| Complete 
| 629|0x00000000c7500000, 0x00000000c7600000, 0x00000000c7600000|100%|HC|  |TAMS 0x00000000c7600000, 0x00000000c7500000| Complete 
| 630|0x00000000c7600000, 0x00000000c7700000, 0x00000000c7700000|100%|HC|  |TAMS 0x00000000c7700000, 0x00000000c7600000| Complete 
| 631|0x00000000c7700000, 0x00000000c7800000, 0x00000000c7800000|100%|HC|  |TAMS 0x00000000c7800000, 0x00000000c7700000| Complete 
| 632|0x00000000c7800000, 0x00000000c7900000, 0x00000000c7900000|100%|HC|  |TAMS 0x00000000c7900000, 0x00000000c7800000| Complete 
| 633|0x00000000c7900000, 0x00000000c7a00000, 0x00000000c7a00000|100%|HC|  |TAMS 0x00000000c7a00000, 0x00000000c7900000| Complete 
| 634|0x00000000c7a00000, 0x00000000c7b00000, 0x00000000c7b00000|100%|HC|  |TAMS 0x00000000c7b00000, 0x00000000c7a00000| Complete 
| 635|0x00000000c7b00000, 0x00000000c7c00000, 0x00000000c7c00000|100%|HS|  |TAMS 0x00000000c7b00000, 0x00000000c7b00000| Complete 
| 636|0x00000000c7c00000, 0x00000000c7d00000, 0x00000000c7d00000|100%|HC|  |TAMS 0x00000000c7c00000, 0x00000000c7c00000| Complete 
| 637|0x00000000c7d00000, 0x00000000c7e00000, 0x00000000c7e00000|100%|HC|  |TAMS 0x00000000c7d00000, 0x00000000c7d00000| Complete 
| 638|0x00000000c7e00000, 0x00000000c7f00000, 0x00000000c7f00000|100%|HC|  |TAMS 0x00000000c7e00000, 0x00000000c7e00000| Complete 
| 639|0x00000000c7f00000, 0x00000000c8000000, 0x00000000c8000000|100%|HC|  |TAMS 0x00000000c7f00000, 0x00000000c7f00000| Complete 
| 640|0x00000000c8000000, 0x00000000c8100000, 0x00000000c8100000|100%|HC|  |TAMS 0x00000000c8000000, 0x00000000c8000000| Complete 
| 641|0x00000000c8100000, 0x00000000c8200000, 0x00000000c8200000|100%|HC|  |TAMS 0x00000000c8100000, 0x00000000c8100000| Complete 
| 642|0x00000000c8200000, 0x00000000c8300000, 0x00000000c8300000|100%|HC|  |TAMS 0x00000000c8200000, 0x00000000c8200000| Complete 
| 643|0x00000000c8300000, 0x00000000c8400000, 0x00000000c8400000|100%|HC|  |TAMS 0x00000000c8300000, 0x00000000c8300000| Complete 
| 644|0x00000000c8400000, 0x00000000c8500000, 0x00000000c8500000|100%|HC|  |TAMS 0x00000000c8400000, 0x00000000c8400000| Complete 
| 645|0x00000000c8500000, 0x00000000c8600000, 0x00000000c8600000|100%|HC|  |TAMS 0x00000000c8500000, 0x00000000c8500000| Complete 
| 646|0x00000000c8600000, 0x00000000c8700000, 0x00000000c8700000|100%|HC|  |TAMS 0x00000000c8600000, 0x00000000c8600000| Complete 
| 647|0x00000000c8700000, 0x00000000c8800000, 0x00000000c8800000|100%|HC|  |TAMS 0x00000000c8700000, 0x00000000c8700000| Complete 
| 648|0x00000000c8800000, 0x00000000c8900000, 0x00000000c8900000|100%|HC|  |TAMS 0x00000000c8800000, 0x00000000c8800000| Complete 
| 649|0x00000000c8900000, 0x00000000c8a00000, 0x00000000c8a00000|100%|HC|  |TAMS 0x00000000c8900000, 0x00000000c8900000| Complete 
| 650|0x00000000c8a00000, 0x00000000c8b00000, 0x00000000c8b00000|100%|HC|  |TAMS 0x00000000c8a00000, 0x00000000c8a00000| Complete 
| 651|0x00000000c8b00000, 0x00000000c8c00000, 0x00000000c8c00000|100%|HC|  |TAMS 0x00000000c8b00000, 0x00000000c8b00000| Complete 
| 652|0x00000000c8c00000, 0x00000000c8d00000, 0x00000000c8d00000|100%|HC|  |TAMS 0x00000000c8c00000, 0x00000000c8c00000| Complete 
| 653|0x00000000c8d00000, 0x00000000c8e00000, 0x00000000c8e00000|100%|HC|  |TAMS 0x00000000c8d00000, 0x00000000c8d00000| Complete 
| 654|0x00000000c8e00000, 0x00000000c8f00000, 0x00000000c8f00000|100%|HC|  |TAMS 0x00000000c8e00000, 0x00000000c8e00000| Complete 
| 655|0x00000000c8f00000, 0x00000000c9000000, 0x00000000c9000000|100%|HC|  |TAMS 0x00000000c8f00000, 0x00000000c8f00000| Complete 
| 656|0x00000000c9000000, 0x00000000c9100000, 0x00000000c9100000|100%|HC|  |TAMS 0x00000000c9000000, 0x00000000c9000000| Complete 
| 657|0x00000000c9100000, 0x00000000c9200000, 0x00000000c9200000|100%|HC|  |TAMS 0x00000000c9100000, 0x00000000c9100000| Complete 
| 658|0x00000000c9200000, 0x00000000c9300000, 0x00000000c9300000|100%|HC|  |TAMS 0x00000000c9200000, 0x00000000c9200000| Complete 
| 659|0x00000000c9300000, 0x00000000c9400000, 0x00000000c9400000|100%|HC|  |TAMS 0x00000000c9300000, 0x00000000c9300000| Complete 
| 660|0x00000000c9400000, 0x00000000c9500000, 0x00000000c9500000|100%|HC|  |TAMS 0x00000000c9400000, 0x00000000c9400000| Complete 
| 661|0x00000000c9500000, 0x00000000c9600000, 0x00000000c9600000|100%|HC|  |TAMS 0x00000000c9500000, 0x00000000c9500000| Complete 
| 662|0x00000000c9600000, 0x00000000c9700000, 0x00000000c9700000|100%|HC|  |TAMS 0x00000000c9600000, 0x00000000c9600000| Complete 
| 663|0x00000000c9700000, 0x00000000c9800000, 0x00000000c9800000|100%|HC|  |TAMS 0x00000000c9700000, 0x00000000c9700000| Complete 
| 664|0x00000000c9800000, 0x00000000c9900000, 0x00000000c9900000|100%|HC|  |TAMS 0x00000000c9800000, 0x00000000c9800000| Complete 
| 665|0x00000000c9900000, 0x00000000c9a00000, 0x00000000c9a00000|100%|HC|  |TAMS 0x00000000c9900000, 0x00000000c9900000| Complete 
| 666|0x00000000c9a00000, 0x00000000c9b00000, 0x00000000c9b00000|100%|HC|  |TAMS 0x00000000c9a00000, 0x00000000c9a00000| Complete 
| 667|0x00000000c9b00000, 0x00000000c9c00000, 0x00000000c9c00000|100%|HC|  |TAMS 0x00000000c9b00000, 0x00000000c9b00000| Complete 
| 668|0x00000000c9c00000, 0x00000000c9d00000, 0x00000000c9d00000|100%|HC|  |TAMS 0x00000000c9c00000, 0x00000000c9c00000| Complete 
| 669|0x00000000c9d00000, 0x00000000c9e00000, 0x00000000c9e00000|100%|HC|  |TAMS 0x00000000c9d00000, 0x00000000c9d00000| Complete 
| 670|0x00000000c9e00000, 0x00000000c9f00000, 0x00000000c9f00000|100%|HC|  |TAMS 0x00000000c9e00000, 0x00000000c9e00000| Complete 
| 671|0x00000000c9f00000, 0x00000000ca000000, 0x00000000ca000000|100%|HC|  |TAMS 0x00000000c9f00000, 0x00000000c9f00000| Complete 
| 672|0x00000000ca000000, 0x00000000ca100000, 0x00000000ca100000|100%|HC|  |TAMS 0x00000000ca000000, 0x00000000ca000000| Complete 
| 673|0x00000000ca100000, 0x00000000ca200000, 0x00000000ca200000|100%|HC|  |TAMS 0x00000000ca100000, 0x00000000ca100000| Complete 
| 674|0x00000000ca200000, 0x00000000ca300000, 0x00000000ca300000|100%|HC|  |TAMS 0x00000000ca200000, 0x00000000ca200000| Complete 
| 675|0x00000000ca300000, 0x00000000ca400000, 0x00000000ca400000|100%|HC|  |TAMS 0x00000000ca300000, 0x00000000ca300000| Complete 
| 676|0x00000000ca400000, 0x00000000ca500000, 0x00000000ca500000|100%|HC|  |TAMS 0x00000000ca400000, 0x00000000ca400000| Complete 
| 677|0x00000000ca500000, 0x00000000ca600000, 0x00000000ca600000|100%|HC|  |TAMS 0x00000000ca500000, 0x00000000ca500000| Complete 
| 678|0x00000000ca600000, 0x00000000ca700000, 0x00000000ca700000|100%|HC|  |TAMS 0x00000000ca600000, 0x00000000ca600000| Complete 
| 679|0x00000000ca700000, 0x00000000ca800000, 0x00000000ca800000|100%|HC|  |TAMS 0x00000000ca700000, 0x00000000ca700000| Complete 
| 680|0x00000000ca800000, 0x00000000ca900000, 0x00000000ca900000|100%|HC|  |TAMS 0x00000000ca800000, 0x00000000ca800000| Complete 
| 681|0x00000000ca900000, 0x00000000caa00000, 0x00000000caa00000|100%|HC|  |TAMS 0x00000000ca900000, 0x00000000ca900000| Complete 
| 682|0x00000000caa00000, 0x00000000cab00000, 0x00000000cab00000|100%|HC|  |TAMS 0x00000000caa00000, 0x00000000caa00000| Complete 
| 683|0x00000000cab00000, 0x00000000cac00000, 0x00000000cac00000|100%|HC|  |TAMS 0x00000000cab00000, 0x00000000cab00000| Complete 
| 684|0x00000000cac00000, 0x00000000cad00000, 0x00000000cad00000|100%|HC|  |TAMS 0x00000000cac00000, 0x00000000cac00000| Complete 
| 685|0x00000000cad00000, 0x00000000cae00000, 0x00000000cae00000|100%|HC|  |TAMS 0x00000000cad00000, 0x00000000cad00000| Complete 
| 686|0x00000000cae00000, 0x00000000caf00000, 0x00000000caf00000|100%|HC|  |TAMS 0x00000000cae00000, 0x00000000cae00000| Complete 
| 687|0x00000000caf00000, 0x00000000cb000000, 0x00000000cb000000|100%|HC|  |TAMS 0x00000000caf00000, 0x00000000caf00000| Complete 
| 688|0x00000000cb000000, 0x00000000cb100000, 0x00000000cb100000|100%|HC|  |TAMS 0x00000000cb000000, 0x00000000cb000000| Complete 
| 689|0x00000000cb100000, 0x00000000cb200000, 0x00000000cb200000|100%|HC|  |TAMS 0x00000000cb100000, 0x00000000cb100000| Complete 
| 690|0x00000000cb200000, 0x00000000cb300000, 0x00000000cb300000|100%|HC|  |TAMS 0x00000000cb200000, 0x00000000cb200000| Complete 
| 691|0x00000000cb300000, 0x00000000cb400000, 0x00000000cb400000|100%|HC|  |TAMS 0x00000000cb300000, 0x00000000cb300000| Complete 
| 692|0x00000000cb400000, 0x00000000cb500000, 0x00000000cb500000|100%|HC|  |TAMS 0x00000000cb400000, 0x00000000cb400000| Complete 
| 693|0x00000000cb500000, 0x00000000cb600000, 0x00000000cb600000|100%|HC|  |TAMS 0x00000000cb500000, 0x00000000cb500000| Complete 
| 694|0x00000000cb600000, 0x00000000cb700000, 0x00000000cb700000|100%|HC|  |TAMS 0x00000000cb600000, 0x00000000cb600000| Complete 
| 695|0x00000000cb700000, 0x00000000cb800000, 0x00000000cb800000|100%|HC|  |TAMS 0x00000000cb700000, 0x00000000cb700000| Complete 
| 696|0x00000000cb800000, 0x00000000cb900000, 0x00000000cb900000|100%|HC|  |TAMS 0x00000000cb800000, 0x00000000cb800000| Complete 
| 697|0x00000000cb900000, 0x00000000cba00000, 0x00000000cba00000|100%|HC|  |TAMS 0x00000000cb900000, 0x00000000cb900000| Complete 
| 698|0x00000000cba00000, 0x00000000cbb00000, 0x00000000cbb00000|100%|HC|  |TAMS 0x00000000cba00000, 0x00000000cba00000| Complete 
| 699|0x00000000cbb00000, 0x00000000cbc00000, 0x00000000cbc00000|100%|HC|  |TAMS 0x00000000cbb00000, 0x00000000cbb00000| Complete 
| 700|0x00000000cbc00000, 0x00000000cbd00000, 0x00000000cbd00000|100%|HC|  |TAMS 0x00000000cbc00000, 0x00000000cbc00000| Complete 
| 701|0x00000000cbd00000, 0x00000000cbe00000, 0x00000000cbe00000|100%|HC|  |TAMS 0x00000000cbd00000, 0x00000000cbd00000| Complete 
| 702|0x00000000cbe00000, 0x00000000cbf00000, 0x00000000cbf00000|100%|HC|  |TAMS 0x00000000cbe00000, 0x00000000cbe00000| Complete 
| 703|0x00000000cbf00000, 0x00000000cc000000, 0x00000000cc000000|100%|HC|  |TAMS 0x00000000cbf00000, 0x00000000cbf00000| Complete 
| 704|0x00000000cc000000, 0x00000000cc100000, 0x00000000cc100000|100%|HC|  |TAMS 0x00000000cc000000, 0x00000000cc000000| Complete 
| 705|0x00000000cc100000, 0x00000000cc200000, 0x00000000cc200000|100%|HC|  |TAMS 0x00000000cc100000, 0x00000000cc100000| Complete 
| 706|0x00000000cc200000, 0x00000000cc300000, 0x00000000cc300000|100%|HC|  |TAMS 0x00000000cc200000, 0x00000000cc200000| Complete 
| 707|0x00000000cc300000, 0x00000000cc400000, 0x00000000cc400000|100%|HC|  |TAMS 0x00000000cc300000, 0x00000000cc300000| Complete 
| 708|0x00000000cc400000, 0x00000000cc500000, 0x00000000cc500000|100%|HC|  |TAMS 0x00000000cc400000, 0x00000000cc400000| Complete 
| 709|0x00000000cc500000, 0x00000000cc600000, 0x00000000cc600000|100%|HC|  |TAMS 0x00000000cc500000, 0x00000000cc500000| Complete 
| 710|0x00000000cc600000, 0x00000000cc700000, 0x00000000cc700000|100%|HC|  |TAMS 0x00000000cc600000, 0x00000000cc600000| Complete 
| 711|0x00000000cc700000, 0x00000000cc800000, 0x00000000cc800000|100%|HC|  |TAMS 0x00000000cc700000, 0x00000000cc700000| Complete 
| 712|0x00000000cc800000, 0x00000000cc900000, 0x00000000cc900000|100%|HC|  |TAMS 0x00000000cc800000, 0x00000000cc800000| Complete 
| 713|0x00000000cc900000, 0x00000000cca00000, 0x00000000cca00000|100%|HC|  |TAMS 0x00000000cc900000, 0x00000000cc900000| Complete 
| 714|0x00000000cca00000, 0x00000000ccb00000, 0x00000000ccb00000|100%|HC|  |TAMS 0x00000000cca00000, 0x00000000cca00000| Complete 
| 715|0x00000000ccb00000, 0x00000000ccc00000, 0x00000000ccc00000|100%|HC|  |TAMS 0x00000000ccb00000, 0x00000000ccb00000| Complete 
| 716|0x00000000ccc00000, 0x00000000ccd00000, 0x00000000ccd00000|100%|HC|  |TAMS 0x00000000ccc00000, 0x00000000ccc00000| Complete 
| 717|0x00000000ccd00000, 0x00000000cce00000, 0x00000000cce00000|100%|HC|  |TAMS 0x00000000ccd00000, 0x00000000ccd00000| Complete 
| 718|0x00000000cce00000, 0x00000000ccf00000, 0x00000000ccf00000|100%|HC|  |TAMS 0x00000000cce00000, 0x00000000cce00000| Complete 
| 719|0x00000000ccf00000, 0x00000000cd000000, 0x00000000cd000000|100%|HC|  |TAMS 0x00000000ccf00000, 0x00000000ccf00000| Complete 
| 720|0x00000000cd000000, 0x00000000cd100000, 0x00000000cd100000|100%|HC|  |TAMS 0x00000000cd000000, 0x00000000cd000000| Complete 
| 721|0x00000000cd100000, 0x00000000cd200000, 0x00000000cd200000|100%|HC|  |TAMS 0x00000000cd100000, 0x00000000cd100000| Complete 
| 722|0x00000000cd200000, 0x00000000cd300000, 0x00000000cd300000|100%|HC|  |TAMS 0x00000000cd200000, 0x00000000cd200000| Complete 
| 723|0x00000000cd300000, 0x00000000cd400000, 0x00000000cd400000|100%|HC|  |TAMS 0x00000000cd300000, 0x00000000cd300000| Complete 
| 724|0x00000000cd400000, 0x00000000cd400000, 0x00000000cd500000|  0%| F|  |TAMS 0x00000000cd400000, 0x00000000cd400000| Untracked 
| 725|0x00000000cd500000, 0x00000000cd500000, 0x00000000cd600000|  0%| F|  |TAMS 0x00000000cd500000, 0x00000000cd500000| Untracked 
| 726|0x00000000cd600000, 0x00000000cd600000, 0x00000000cd700000|  0%| F|  |TAMS 0x00000000cd600000, 0x00000000cd600000| Untracked 
| 727|0x00000000cd700000, 0x00000000cd700000, 0x00000000cd800000|  0%| F|  |TAMS 0x00000000cd700000, 0x00000000cd700000| Untracked 
| 728|0x00000000cd800000, 0x00000000cd800000, 0x00000000cd900000|  0%| F|  |TAMS 0x00000000cd800000, 0x00000000cd800000| Untracked 
| 729|0x00000000cd900000, 0x00000000cd900000, 0x00000000cda00000|  0%| F|  |TAMS 0x00000000cd900000, 0x00000000cd900000| Untracked 
| 730|0x00000000cda00000, 0x00000000cda00000, 0x00000000cdb00000|  0%| F|  |TAMS 0x00000000cda00000, 0x00000000cda00000| Untracked 
| 731|0x00000000cdb00000, 0x00000000cdb00000, 0x00000000cdc00000|  0%| F|  |TAMS 0x00000000cdb00000, 0x00000000cdb00000| Untracked 
| 732|0x00000000cdc00000, 0x00000000cdc00000, 0x00000000cdd00000|  0%| F|  |TAMS 0x00000000cdc00000, 0x00000000cdc00000| Untracked 
| 733|0x00000000cdd00000, 0x00000000cdd00000, 0x00000000cde00000|  0%| F|  |TAMS 0x00000000cdd00000, 0x00000000cdd00000| Untracked 
| 734|0x00000000cde00000, 0x00000000cde00000, 0x00000000cdf00000|  0%| F|  |TAMS 0x00000000cde00000, 0x00000000cde00000| Untracked 
| 735|0x00000000cdf00000, 0x00000000cdf00000, 0x00000000ce000000|  0%| F|  |TAMS 0x00000000cdf00000, 0x00000000cdf00000| Untracked 
| 736|0x00000000ce000000, 0x00000000ce000000, 0x00000000ce100000|  0%| F|  |TAMS 0x00000000ce000000, 0x00000000ce000000| Untracked 
| 737|0x00000000ce100000, 0x00000000ce100000, 0x00000000ce200000|  0%| F|  |TAMS 0x00000000ce100000, 0x00000000ce100000| Untracked 
| 738|0x00000000ce200000, 0x00000000ce200000, 0x00000000ce300000|  0%| F|  |TAMS 0x00000000ce200000, 0x00000000ce200000| Untracked 
| 739|0x00000000ce300000, 0x00000000ce300000, 0x00000000ce400000|  0%| F|  |TAMS 0x00000000ce300000, 0x00000000ce300000| Untracked 
| 740|0x00000000ce400000, 0x00000000ce400000, 0x00000000ce500000|  0%| F|  |TAMS 0x00000000ce400000, 0x00000000ce400000| Untracked 
| 741|0x00000000ce500000, 0x00000000ce500000, 0x00000000ce600000|  0%| F|  |TAMS 0x00000000ce500000, 0x00000000ce500000| Untracked 
| 742|0x00000000ce600000, 0x00000000ce600000, 0x00000000ce700000|  0%| F|  |TAMS 0x00000000ce600000, 0x00000000ce600000| Untracked 
| 743|0x00000000ce700000, 0x00000000ce700000, 0x00000000ce800000|  0%| F|  |TAMS 0x00000000ce700000, 0x00000000ce700000| Untracked 
| 744|0x00000000ce800000, 0x00000000ce800000, 0x00000000ce900000|  0%| F|  |TAMS 0x00000000ce800000, 0x00000000ce800000| Untracked 
| 745|0x00000000ce900000, 0x00000000ce900000, 0x00000000cea00000|  0%| F|  |TAMS 0x00000000ce900000, 0x00000000ce900000| Untracked 
| 746|0x00000000cea00000, 0x00000000cea00000, 0x00000000ceb00000|  0%| F|  |TAMS 0x00000000cea00000, 0x00000000cea00000| Untracked 
| 747|0x00000000ceb00000, 0x00000000ceb00000, 0x00000000cec00000|  0%| F|  |TAMS 0x00000000ceb00000, 0x00000000ceb00000| Untracked 
| 748|0x00000000cec00000, 0x00000000cec00000, 0x00000000ced00000|  0%| F|  |TAMS 0x00000000cec00000, 0x00000000cec00000| Untracked 
| 749|0x00000000ced00000, 0x00000000ced00000, 0x00000000cee00000|  0%| F|  |TAMS 0x00000000ced00000, 0x00000000ced00000| Untracked 
| 750|0x00000000cee00000, 0x00000000cee00000, 0x00000000cef00000|  0%| F|  |TAMS 0x00000000cee00000, 0x00000000cee00000| Untracked 
| 751|0x00000000cef00000, 0x00000000cef00000, 0x00000000cf000000|  0%| F|  |TAMS 0x00000000cef00000, 0x00000000cef00000| Untracked 
| 752|0x00000000cf000000, 0x00000000cf000000, 0x00000000cf100000|  0%| F|  |TAMS 0x00000000cf000000, 0x00000000cf000000| Untracked 
| 753|0x00000000cf100000, 0x00000000cf100000, 0x00000000cf200000|  0%| F|  |TAMS 0x00000000cf100000, 0x00000000cf100000| Untracked 
| 754|0x00000000cf200000, 0x00000000cf200000, 0x00000000cf300000|  0%| F|  |TAMS 0x00000000cf200000, 0x00000000cf200000| Untracked 
| 755|0x00000000cf300000, 0x00000000cf300000, 0x00000000cf400000|  0%| F|  |TAMS 0x00000000cf300000, 0x00000000cf300000| Untracked 
| 756|0x00000000cf400000, 0x00000000cf400000, 0x00000000cf500000|  0%| F|  |TAMS 0x00000000cf400000, 0x00000000cf400000| Untracked 
| 757|0x00000000cf500000, 0x00000000cf500000, 0x00000000cf600000|  0%| F|  |TAMS 0x00000000cf500000, 0x00000000cf500000| Untracked 
| 758|0x00000000cf600000, 0x00000000cf600000, 0x00000000cf700000|  0%| F|  |TAMS 0x00000000cf600000, 0x00000000cf600000| Untracked 
| 759|0x00000000cf700000, 0x00000000cf700000, 0x00000000cf800000|  0%| F|  |TAMS 0x00000000cf700000, 0x00000000cf700000| Untracked 
| 760|0x00000000cf800000, 0x00000000cf800000, 0x00000000cf900000|  0%| F|  |TAMS 0x00000000cf800000, 0x00000000cf800000| Untracked 
| 761|0x00000000cf900000, 0x00000000cf900000, 0x00000000cfa00000|  0%| F|  |TAMS 0x00000000cf900000, 0x00000000cf900000| Untracked 
| 762|0x00000000cfa00000, 0x00000000cfa00000, 0x00000000cfb00000|  0%| F|  |TAMS 0x00000000cfa00000, 0x00000000cfa00000| Untracked 
| 763|0x00000000cfb00000, 0x00000000cfb00000, 0x00000000cfc00000|  0%| F|  |TAMS 0x00000000cfb00000, 0x00000000cfb00000| Untracked 
| 764|0x00000000cfc00000, 0x00000000cfc00000, 0x00000000cfd00000|  0%| F|  |TAMS 0x00000000cfc00000, 0x00000000cfc00000| Untracked 
| 765|0x00000000cfd00000, 0x00000000cfd00000, 0x00000000cfe00000|  0%| F|  |TAMS 0x00000000cfd00000, 0x00000000cfd00000| Untracked 
| 766|0x00000000cfe00000, 0x00000000cfe00000, 0x00000000cff00000|  0%| F|  |TAMS 0x00000000cfe00000, 0x00000000cfe00000| Untracked 
| 767|0x00000000cff00000, 0x00000000cff00000, 0x00000000d0000000|  0%| F|  |TAMS 0x00000000cff00000, 0x00000000cff00000| Untracked 
| 768|0x00000000d0000000, 0x00000000d0000000, 0x00000000d0100000|  0%| F|  |TAMS 0x00000000d0000000, 0x00000000d0000000| Untracked 
| 769|0x00000000d0100000, 0x00000000d0100000, 0x00000000d0200000|  0%| F|  |TAMS 0x00000000d0100000, 0x00000000d0100000| Untracked 
| 770|0x00000000d0200000, 0x00000000d0200000, 0x00000000d0300000|  0%| F|  |TAMS 0x00000000d0200000, 0x00000000d0200000| Untracked 
| 771|0x00000000d0300000, 0x00000000d0300000, 0x00000000d0400000|  0%| F|  |TAMS 0x00000000d0300000, 0x00000000d0300000| Untracked 
| 772|0x00000000d0400000, 0x00000000d0400000, 0x00000000d0500000|  0%| F|  |TAMS 0x00000000d0400000, 0x00000000d0400000| Untracked 
| 773|0x00000000d0500000, 0x00000000d0500000, 0x00000000d0600000|  0%| F|  |TAMS 0x00000000d0500000, 0x00000000d0500000| Untracked 
| 774|0x00000000d0600000, 0x00000000d0600000, 0x00000000d0700000|  0%| F|  |TAMS 0x00000000d0600000, 0x00000000d0600000| Untracked 
| 775|0x00000000d0700000, 0x00000000d0700000, 0x00000000d0800000|  0%| F|  |TAMS 0x00000000d0700000, 0x00000000d0700000| Untracked 
| 776|0x00000000d0800000, 0x00000000d0800000, 0x00000000d0900000|  0%| F|  |TAMS 0x00000000d0800000, 0x00000000d0800000| Untracked 
| 777|0x00000000d0900000, 0x00000000d0900000, 0x00000000d0a00000|  0%| F|  |TAMS 0x00000000d0900000, 0x00000000d0900000| Untracked 
| 778|0x00000000d0a00000, 0x00000000d0a00000, 0x00000000d0b00000|  0%| F|  |TAMS 0x00000000d0a00000, 0x00000000d0a00000| Untracked 
| 779|0x00000000d0b00000, 0x00000000d0b00000, 0x00000000d0c00000|  0%| F|  |TAMS 0x00000000d0b00000, 0x00000000d0b00000| Untracked 
| 780|0x00000000d0c00000, 0x00000000d0c00000, 0x00000000d0d00000|  0%| F|  |TAMS 0x00000000d0c00000, 0x00000000d0c00000| Untracked 
| 781|0x00000000d0d00000, 0x00000000d0d00000, 0x00000000d0e00000|  0%| F|  |TAMS 0x00000000d0d00000, 0x00000000d0d00000| Untracked 
| 782|0x00000000d0e00000, 0x00000000d0e00000, 0x00000000d0f00000|  0%| F|  |TAMS 0x00000000d0e00000, 0x00000000d0e00000| Untracked 
| 783|0x00000000d0f00000, 0x00000000d0f00000, 0x00000000d1000000|  0%| F|  |TAMS 0x00000000d0f00000, 0x00000000d0f00000| Untracked 
| 784|0x00000000d1000000, 0x00000000d1000000, 0x00000000d1100000|  0%| F|  |TAMS 0x00000000d1000000, 0x00000000d1000000| Untracked 
| 785|0x00000000d1100000, 0x00000000d1100000, 0x00000000d1200000|  0%| F|  |TAMS 0x00000000d1100000, 0x00000000d1100000| Untracked 
| 786|0x00000000d1200000, 0x00000000d1200000, 0x00000000d1300000|  0%| F|  |TAMS 0x00000000d1200000, 0x00000000d1200000| Untracked 
| 787|0x00000000d1300000, 0x00000000d1300000, 0x00000000d1400000|  0%| F|  |TAMS 0x00000000d1300000, 0x00000000d1300000| Untracked 
| 788|0x00000000d1400000, 0x00000000d1400000, 0x00000000d1500000|  0%| F|  |TAMS 0x00000000d1400000, 0x00000000d1400000| Untracked 
| 789|0x00000000d1500000, 0x00000000d1500000, 0x00000000d1600000|  0%| F|  |TAMS 0x00000000d1500000, 0x00000000d1500000| Untracked 
| 790|0x00000000d1600000, 0x00000000d1600000, 0x00000000d1700000|  0%| F|  |TAMS 0x00000000d1600000, 0x00000000d1600000| Untracked 
| 791|0x00000000d1700000, 0x00000000d1700000, 0x00000000d1800000|  0%| F|  |TAMS 0x00000000d1700000, 0x00000000d1700000| Untracked 
| 792|0x00000000d1800000, 0x00000000d1800000, 0x00000000d1900000|  0%| F|  |TAMS 0x00000000d1800000, 0x00000000d1800000| Untracked 
| 793|0x00000000d1900000, 0x00000000d1900000, 0x00000000d1a00000|  0%| F|  |TAMS 0x00000000d1900000, 0x00000000d1900000| Untracked 
| 794|0x00000000d1a00000, 0x00000000d1a00000, 0x00000000d1b00000|  0%| F|  |TAMS 0x00000000d1a00000, 0x00000000d1a00000| Untracked 
| 795|0x00000000d1b00000, 0x00000000d1b00000, 0x00000000d1c00000|  0%| F|  |TAMS 0x00000000d1b00000, 0x00000000d1b00000| Untracked 
| 796|0x00000000d1c00000, 0x00000000d1c00000, 0x00000000d1d00000|  0%| F|  |TAMS 0x00000000d1c00000, 0x00000000d1c00000| Untracked 
| 797|0x00000000d1d00000, 0x00000000d1d00000, 0x00000000d1e00000|  0%| F|  |TAMS 0x00000000d1d00000, 0x00000000d1d00000| Untracked 
| 798|0x00000000d1e00000, 0x00000000d1e00000, 0x00000000d1f00000|  0%| F|  |TAMS 0x00000000d1e00000, 0x00000000d1e00000| Untracked 
| 799|0x00000000d1f00000, 0x00000000d1f00000, 0x00000000d2000000|  0%| F|  |TAMS 0x00000000d1f00000, 0x00000000d1f00000| Untracked 
| 800|0x00000000d2000000, 0x00000000d2000000, 0x00000000d2100000|  0%| F|  |TAMS 0x00000000d2000000, 0x00000000d2000000| Untracked 
| 801|0x00000000d2100000, 0x00000000d2100000, 0x00000000d2200000|  0%| F|  |TAMS 0x00000000d2100000, 0x00000000d2100000| Untracked 
| 802|0x00000000d2200000, 0x00000000d2200000, 0x00000000d2300000|  0%| F|  |TAMS 0x00000000d2200000, 0x00000000d2200000| Untracked 
| 803|0x00000000d2300000, 0x00000000d2300000, 0x00000000d2400000|  0%| F|  |TAMS 0x00000000d2300000, 0x00000000d2300000| Untracked 
| 804|0x00000000d2400000, 0x00000000d2400000, 0x00000000d2500000|  0%| F|  |TAMS 0x00000000d2400000, 0x00000000d2400000| Untracked 
| 805|0x00000000d2500000, 0x00000000d2500000, 0x00000000d2600000|  0%| F|  |TAMS 0x00000000d2500000, 0x00000000d2500000| Untracked 
| 806|0x00000000d2600000, 0x00000000d2600000, 0x00000000d2700000|  0%| F|  |TAMS 0x00000000d2600000, 0x00000000d2600000| Untracked 
| 807|0x00000000d2700000, 0x00000000d2700000, 0x00000000d2800000|  0%| F|  |TAMS 0x00000000d2700000, 0x00000000d2700000| Untracked 
| 808|0x00000000d2800000, 0x00000000d2800000, 0x00000000d2900000|  0%| F|  |TAMS 0x00000000d2800000, 0x00000000d2800000| Untracked 
| 809|0x00000000d2900000, 0x00000000d2900000, 0x00000000d2a00000|  0%| F|  |TAMS 0x00000000d2900000, 0x00000000d2900000| Untracked 
| 810|0x00000000d2a00000, 0x00000000d2a00000, 0x00000000d2b00000|  0%| F|  |TAMS 0x00000000d2a00000, 0x00000000d2a00000| Untracked 
| 811|0x00000000d2b00000, 0x00000000d2b00000, 0x00000000d2c00000|  0%| F|  |TAMS 0x00000000d2b00000, 0x00000000d2b00000| Untracked 
| 812|0x00000000d2c00000, 0x00000000d2c00000, 0x00000000d2d00000|  0%| F|  |TAMS 0x00000000d2c00000, 0x00000000d2c00000| Untracked 
| 813|0x00000000d2d00000, 0x00000000d2d00000, 0x00000000d2e00000|  0%| F|  |TAMS 0x00000000d2d00000, 0x00000000d2d00000| Untracked 
| 814|0x00000000d2e00000, 0x00000000d2e00000, 0x00000000d2f00000|  0%| F|  |TAMS 0x00000000d2e00000, 0x00000000d2e00000| Untracked 
| 815|0x00000000d2f00000, 0x00000000d2f00000, 0x00000000d3000000|  0%| F|  |TAMS 0x00000000d2f00000, 0x00000000d2f00000| Untracked 
| 816|0x00000000d3000000, 0x00000000d3000000, 0x00000000d3100000|  0%| F|  |TAMS 0x00000000d3000000, 0x00000000d3000000| Untracked 
| 817|0x00000000d3100000, 0x00000000d3100000, 0x00000000d3200000|  0%| F|  |TAMS 0x00000000d3100000, 0x00000000d3100000| Untracked 
| 818|0x00000000d3200000, 0x00000000d3200000, 0x00000000d3300000|  0%| F|  |TAMS 0x00000000d3200000, 0x00000000d3200000| Untracked 
| 819|0x00000000d3300000, 0x00000000d3300000, 0x00000000d3400000|  0%| F|  |TAMS 0x00000000d3300000, 0x00000000d3300000| Untracked 
| 820|0x00000000d3400000, 0x00000000d3400000, 0x00000000d3500000|  0%| F|  |TAMS 0x00000000d3400000, 0x00000000d3400000| Untracked 
| 821|0x00000000d3500000, 0x00000000d3500000, 0x00000000d3600000|  0%| F|  |TAMS 0x00000000d3500000, 0x00000000d3500000| Untracked 
| 822|0x00000000d3600000, 0x00000000d3600000, 0x00000000d3700000|  0%| F|  |TAMS 0x00000000d3600000, 0x00000000d3600000| Untracked 
| 823|0x00000000d3700000, 0x00000000d3700000, 0x00000000d3800000|  0%| F|  |TAMS 0x00000000d3700000, 0x00000000d3700000| Untracked 
| 824|0x00000000d3800000, 0x00000000d3800000, 0x00000000d3900000|  0%| F|  |TAMS 0x00000000d3800000, 0x00000000d3800000| Untracked 
| 825|0x00000000d3900000, 0x00000000d3900000, 0x00000000d3a00000|  0%| F|  |TAMS 0x00000000d3900000, 0x00000000d3900000| Untracked 
| 826|0x00000000d3a00000, 0x00000000d3a00000, 0x00000000d3b00000|  0%| F|  |TAMS 0x00000000d3a00000, 0x00000000d3a00000| Untracked 
| 827|0x00000000d3b00000, 0x00000000d3b00000, 0x00000000d3c00000|  0%| F|  |TAMS 0x00000000d3b00000, 0x00000000d3b00000| Untracked 
| 828|0x00000000d3c00000, 0x00000000d3c00000, 0x00000000d3d00000|  0%| F|  |TAMS 0x00000000d3c00000, 0x00000000d3c00000| Untracked 
| 829|0x00000000d3d00000, 0x00000000d3d00000, 0x00000000d3e00000|  0%| F|  |TAMS 0x00000000d3d00000, 0x00000000d3d00000| Untracked 
| 830|0x00000000d3e00000, 0x00000000d3e00000, 0x00000000d3f00000|  0%| F|  |TAMS 0x00000000d3e00000, 0x00000000d3e00000| Untracked 
| 831|0x00000000d3f00000, 0x00000000d3f00000, 0x00000000d4000000|  0%| F|  |TAMS 0x00000000d3f00000, 0x00000000d3f00000| Untracked 
| 832|0x00000000d4000000, 0x00000000d4000000, 0x00000000d4100000|  0%| F|  |TAMS 0x00000000d4000000, 0x00000000d4000000| Untracked 
| 833|0x00000000d4100000, 0x00000000d4100000, 0x00000000d4200000|  0%| F|  |TAMS 0x00000000d4100000, 0x00000000d4100000| Untracked 
| 834|0x00000000d4200000, 0x00000000d4200000, 0x00000000d4300000|  0%| F|  |TAMS 0x00000000d4200000, 0x00000000d4200000| Untracked 
| 835|0x00000000d4300000, 0x00000000d4300000, 0x00000000d4400000|  0%| F|  |TAMS 0x00000000d4300000, 0x00000000d4300000| Untracked 
| 836|0x00000000d4400000, 0x00000000d4400000, 0x00000000d4500000|  0%| F|  |TAMS 0x00000000d4400000, 0x00000000d4400000| Untracked 
| 837|0x00000000d4500000, 0x00000000d4500000, 0x00000000d4600000|  0%| F|  |TAMS 0x00000000d4500000, 0x00000000d4500000| Untracked 
| 838|0x00000000d4600000, 0x00000000d4600000, 0x00000000d4700000|  0%| F|  |TAMS 0x00000000d4600000, 0x00000000d4600000| Untracked 
| 839|0x00000000d4700000, 0x00000000d4700000, 0x00000000d4800000|  0%| F|  |TAMS 0x00000000d4700000, 0x00000000d4700000| Untracked 
| 840|0x00000000d4800000, 0x00000000d4800000, 0x00000000d4900000|  0%| F|  |TAMS 0x00000000d4800000, 0x00000000d4800000| Untracked 
| 841|0x00000000d4900000, 0x00000000d4900000, 0x00000000d4a00000|  0%| F|  |TAMS 0x00000000d4900000, 0x00000000d4900000| Untracked 
| 842|0x00000000d4a00000, 0x00000000d4a00000, 0x00000000d4b00000|  0%| F|  |TAMS 0x00000000d4a00000, 0x00000000d4a00000| Untracked 
| 843|0x00000000d4b00000, 0x00000000d4b00000, 0x00000000d4c00000|  0%| F|  |TAMS 0x00000000d4b00000, 0x00000000d4b00000| Untracked 
| 844|0x00000000d4c00000, 0x00000000d4c00000, 0x00000000d4d00000|  0%| F|  |TAMS 0x00000000d4c00000, 0x00000000d4c00000| Untracked 
| 845|0x00000000d4d00000, 0x00000000d4d00000, 0x00000000d4e00000|  0%| F|  |TAMS 0x00000000d4d00000, 0x00000000d4d00000| Untracked 
| 846|0x00000000d4e00000, 0x00000000d4e00000, 0x00000000d4f00000|  0%| F|  |TAMS 0x00000000d4e00000, 0x00000000d4e00000| Untracked 
| 847|0x00000000d4f00000, 0x00000000d4f00000, 0x00000000d5000000|  0%| F|  |TAMS 0x00000000d4f00000, 0x00000000d4f00000| Untracked 
| 848|0x00000000d5000000, 0x00000000d5000000, 0x00000000d5100000|  0%| F|  |TAMS 0x00000000d5000000, 0x00000000d5000000| Untracked 
| 849|0x00000000d5100000, 0x00000000d5100000, 0x00000000d5200000|  0%| F|  |TAMS 0x00000000d5100000, 0x00000000d5100000| Untracked 
| 850|0x00000000d5200000, 0x00000000d5200000, 0x00000000d5300000|  0%| F|  |TAMS 0x00000000d5200000, 0x00000000d5200000| Untracked 
| 851|0x00000000d5300000, 0x00000000d5300000, 0x00000000d5400000|  0%| F|  |TAMS 0x00000000d5300000, 0x00000000d5300000| Untracked 
| 852|0x00000000d5400000, 0x00000000d5400000, 0x00000000d5500000|  0%| F|  |TAMS 0x00000000d5400000, 0x00000000d5400000| Untracked 
| 853|0x00000000d5500000, 0x00000000d5500000, 0x00000000d5600000|  0%| F|  |TAMS 0x00000000d5500000, 0x00000000d5500000| Untracked 
| 854|0x00000000d5600000, 0x00000000d5600000, 0x00000000d5700000|  0%| F|  |TAMS 0x00000000d5600000, 0x00000000d5600000| Untracked 
| 855|0x00000000d5700000, 0x00000000d5700000, 0x00000000d5800000|  0%| F|  |TAMS 0x00000000d5700000, 0x00000000d5700000| Untracked 
| 856|0x00000000d5800000, 0x00000000d5800000, 0x00000000d5900000|  0%| F|  |TAMS 0x00000000d5800000, 0x00000000d5800000| Untracked 
| 857|0x00000000d5900000, 0x00000000d5900000, 0x00000000d5a00000|  0%| F|  |TAMS 0x00000000d5900000, 0x00000000d5900000| Untracked 
| 858|0x00000000d5a00000, 0x00000000d5a00000, 0x00000000d5b00000|  0%| F|  |TAMS 0x00000000d5a00000, 0x00000000d5a00000| Untracked 
| 859|0x00000000d5b00000, 0x00000000d5b00000, 0x00000000d5c00000|  0%| F|  |TAMS 0x00000000d5b00000, 0x00000000d5b00000| Untracked 
| 860|0x00000000d5c00000, 0x00000000d5c00000, 0x00000000d5d00000|  0%| F|  |TAMS 0x00000000d5c00000, 0x00000000d5c00000| Untracked 
| 861|0x00000000d5d00000, 0x00000000d5d00000, 0x00000000d5e00000|  0%| F|  |TAMS 0x00000000d5d00000, 0x00000000d5d00000| Untracked 
| 862|0x00000000d5e00000, 0x00000000d5f00000, 0x00000000d5f00000|100%| S|CS|TAMS 0x00000000d5e00000, 0x00000000d5e00000| Complete 
| 863|0x00000000d5f00000, 0x00000000d6000000, 0x00000000d6000000|100%| S|CS|TAMS 0x00000000d5f00000, 0x00000000d5f00000| Complete 
| 864|0x00000000d6000000, 0x00000000d6100000, 0x00000000d6100000|100%| S|CS|TAMS 0x00000000d6000000, 0x00000000d6000000| Complete 
| 865|0x00000000d6100000, 0x00000000d6100000, 0x00000000d6200000|  0%| F|  |TAMS 0x00000000d6100000, 0x00000000d6100000| Untracked 
| 866|0x00000000d6200000, 0x00000000d6200000, 0x00000000d6300000|  0%| F|  |TAMS 0x00000000d6200000, 0x00000000d6200000| Untracked 
| 867|0x00000000d6300000, 0x00000000d6300000, 0x00000000d6400000|  0%| F|  |TAMS 0x00000000d6300000, 0x00000000d6300000| Untracked 
| 868|0x00000000d6400000, 0x00000000d6400000, 0x00000000d6500000|  0%| F|  |TAMS 0x00000000d6400000, 0x00000000d6400000| Untracked 
| 869|0x00000000d6500000, 0x00000000d6500000, 0x00000000d6600000|  0%| F|  |TAMS 0x00000000d6500000, 0x00000000d6500000| Untracked 
| 870|0x00000000d6600000, 0x00000000d6600000, 0x00000000d6700000|  0%| F|  |TAMS 0x00000000d6600000, 0x00000000d6600000| Untracked 
| 871|0x00000000d6700000, 0x00000000d6700000, 0x00000000d6800000|  0%| F|  |TAMS 0x00000000d6700000, 0x00000000d6700000| Untracked 
| 872|0x00000000d6800000, 0x00000000d6800000, 0x00000000d6900000|  0%| F|  |TAMS 0x00000000d6800000, 0x00000000d6800000| Untracked 
| 873|0x00000000d6900000, 0x00000000d6900000, 0x00000000d6a00000|  0%| F|  |TAMS 0x00000000d6900000, 0x00000000d6900000| Untracked 
| 874|0x00000000d6a00000, 0x00000000d6a00000, 0x00000000d6b00000|  0%| F|  |TAMS 0x00000000d6a00000, 0x00000000d6a00000| Untracked 
| 875|0x00000000d6b00000, 0x00000000d6b00000, 0x00000000d6c00000|  0%| F|  |TAMS 0x00000000d6b00000, 0x00000000d6b00000| Untracked 
| 876|0x00000000d6c00000, 0x00000000d6cdc710, 0x00000000d6d00000| 86%| E|  |TAMS 0x00000000d6c00000, 0x00000000d6c00000| Complete 
| 877|0x00000000d6d00000, 0x00000000d6e00000, 0x00000000d6e00000|100%| E|CS|TAMS 0x00000000d6d00000, 0x00000000d6d00000| Complete 
| 878|0x00000000d6e00000, 0x00000000d6f00000, 0x00000000d6f00000|100%| E|CS|TAMS 0x00000000d6e00000, 0x00000000d6e00000| Complete 
| 879|0x00000000d6f00000, 0x00000000d7000000, 0x00000000d7000000|100%| E|CS|TAMS 0x00000000d6f00000, 0x00000000d6f00000| Complete 
| 880|0x00000000d7000000, 0x00000000d7100000, 0x00000000d7100000|100%| E|CS|TAMS 0x00000000d7000000, 0x00000000d7000000| Complete 
| 881|0x00000000d7100000, 0x00000000d7200000, 0x00000000d7200000|100%| E|CS|TAMS 0x00000000d7100000, 0x00000000d7100000| Complete 
| 882|0x00000000d7200000, 0x00000000d7300000, 0x00000000d7300000|100%| E|CS|TAMS 0x00000000d7200000, 0x00000000d7200000| Complete 
| 883|0x00000000d7300000, 0x00000000d7400000, 0x00000000d7400000|100%| E|CS|TAMS 0x00000000d7300000, 0x00000000d7300000| Complete 
| 884|0x00000000d7400000, 0x00000000d7500000, 0x00000000d7500000|100%| E|CS|TAMS 0x00000000d7400000, 0x00000000d7400000| Complete 
| 885|0x00000000d7500000, 0x00000000d7600000, 0x00000000d7600000|100%| E|CS|TAMS 0x00000000d7500000, 0x00000000d7500000| Complete 
| 886|0x00000000d7600000, 0x00000000d7700000, 0x00000000d7700000|100%| E|CS|TAMS 0x00000000d7600000, 0x00000000d7600000| Complete 
| 887|0x00000000d7700000, 0x00000000d7800000, 0x00000000d7800000|100%| E|CS|TAMS 0x00000000d7700000, 0x00000000d7700000| Complete 
| 888|0x00000000d7800000, 0x00000000d7900000, 0x00000000d7900000|100%| E|CS|TAMS 0x00000000d7800000, 0x00000000d7800000| Complete 

Card table byte_map: [0x0000020dfc1b0000,0x0000020dfc4b0000] _byte_map_base: 0x0000020dfbcb0000

Marking Bits (Prev, Next): (CMBitMap*) 0x0000020dfbb03a60, (CMBitMap*) 0x0000020dfbb03a20
 Prev Bits: [0x0000020dfdfb0000, 0x0000020dff7b0000)
 Next Bits: [0x0000020dfc7b0000, 0x0000020dfdfb0000)

Polling page: 0x0000020df99f0000

Metaspace:

Usage:
  Non-class:    131.49 MB used.
      Class:     19.74 MB used.
       Both:    151.22 MB used.

Virtual space:
  Non-class space:      192.00 MB reserved,     132.94 MB ( 69%) committed,  3 nodes.
      Class space:        1.00 GB reserved,      20.81 MB (  2%) committed,  1 nodes.
             Both:        1.19 GB reserved,     153.75 MB ( 13%) committed. 

Chunk freelists:
   Non-Class:  10.54 MB
       Class:  11.13 MB
        Both:  21.67 MB

MaxMetaspaceSize: unlimited
CompressedClassSpaceSize: 1.00 GB
Initial GC threshold: 21.00 MB
Current GC threshold: 247.81 MB
CDS: on
MetaspaceReclaimPolicy: balanced
 - commit_granule_bytes: 65536.
 - commit_granule_words: 8192.
 - virtual_space_node_default_size: 8388608.
 - enlarge_chunks_in_place: 1.
 - new_chunks_are_fully_committed: 0.
 - uncommit_free_chunks: 1.
 - use_allocation_guard: 0.
 - handle_deallocations: 1.


Internal statistics:

num_allocs_failed_limit: 6.
num_arena_births: 4230.
num_arena_deaths: 898.
num_vsnodes_births: 4.
num_vsnodes_deaths: 0.
num_space_committed: 2461.
num_space_uncommitted: 2.
num_chunks_returned_to_freelist: 1189.
num_chunks_taken_from_freelist: 12102.
num_chunk_merges: 344.
num_chunk_splits: 6932.
num_chunks_enlarged: 3700.
num_inconsistent_stats: 0.

CodeHeap 'non-profiled nmethods': size=120000Kb used=40303Kb max_used=40303Kb free=79696Kb
 bounds [0x0000020d8f2c0000, 0x0000020d91a20000, 0x0000020d967f0000]
CodeHeap 'profiled nmethods': size=120000Kb used=67054Kb max_used=67054Kb free=52945Kb
 bounds [0x0000020d877f0000, 0x0000020d8b970000, 0x0000020d8ed20000]
CodeHeap 'non-nmethods': size=5760Kb used=2555Kb max_used=2599Kb free=3204Kb
 bounds [0x0000020d8ed20000, 0x0000020d8efc0000, 0x0000020d8f2c0000]
 total_blobs=35566 nmethods=34463 adapters=1013
 compilation: enabled
              stopped_count=0, restarted_count=0
 full_count=0

Compilation events (20 events):
Event: 8153.411 Thread 0x0000020dde0136d0 46044       3       kotlin.io.FileTreeWalk$FileTreeWalkIterator::directoryState (75 bytes)
Event: 8153.412 Thread 0x0000020dde0136d0 nmethod 46044 0x0000020d8b967d10 code [0x0000020d8b968000, 0x0000020d8b968f48]
Event: 8153.430 Thread 0x0000020dde0136d0 46045   !   3       jdk.internal.reflect.GeneratedMethodAccessor382::invoke (61 bytes)
Event: 8153.431 Thread 0x0000020dde0136d0 nmethod 46045 0x0000020d8b969510 code [0x0000020d8b969720, 0x0000020d8b969d98]
Event: 8153.431 Thread 0x0000020dde0136d0 46046   !   3       jdk.internal.reflect.GeneratedMethodAccessor383::invoke (61 bytes)
Event: 8153.431 Thread 0x0000020dde0136d0 nmethod 46046 0x0000020d8b96a090 code [0x0000020d8b96a2a0, 0x0000020d8b96a918]
Event: 8153.443 Thread 0x0000020dde012dc0 46047       4       org.gradle.internal.execution.steps.AssignWorkspaceStep::execute (36 bytes)
Event: 8153.444 Thread 0x0000020dde012dc0 nmethod 46047 0x0000020d91a12890 code [0x0000020d91a12a20, 0x0000020d91a12c18]
Event: 8153.453 Thread 0x0000020dde012dc0 46048       4       org.gradle.internal.execution.steps.AssignWorkspaceStep::execute (10 bytes)
Event: 8153.456 Thread 0x0000020dde012dc0 nmethod 46048 0x0000020d91a12e90 code [0x0000020d91a13020, 0x0000020d91a13218]
Event: 8153.608 Thread 0x0000020dde0136d0 46049       3       kotlin.io.FilesKt__FileTreeWalkKt::walk (22 bytes)
Event: 8153.609 Thread 0x0000020dde0136d0 nmethod 46049 0x0000020d8b96ac10 code [0x0000020d8b96aea0, 0x0000020d8b96b988]
Event: 8153.609 Thread 0x0000020dde0136d0 46050       3       kotlin.io.FileTreeWalk::<init> (26 bytes)
Event: 8153.609 Thread 0x0000020dde0136d0 nmethod 46050 0x0000020d8b96bd90 code [0x0000020d8b96c020, 0x0000020d8b96cb08]
Event: 8153.609 Thread 0x0000020dde0136d0 46051       3       kotlin.io.FileTreeWalk::<init> (37 bytes)
Event: 8153.610 Thread 0x0000020dde0136d0 nmethod 46051 0x0000020d8b96cf10 code [0x0000020d8b96d0c0, 0x0000020d8b96d288]
Event: 8153.626 Thread 0x0000020dde0136d0 46052       3       kotlin.io.FilesKt__FileTreeWalkKt::walk$default (16 bytes)
Event: 8153.627 Thread 0x0000020dde0136d0 nmethod 46052 0x0000020d8b96d390 code [0x0000020d8b96d640, 0x0000020d8b96e1e8]
Event: 8153.833 Thread 0x0000020dde012dc0 46053   !   4       com.google.common.cache.LocalCache$Segment::storeLoadedValue (371 bytes)
Event: 8153.949 Thread 0x0000020dde012dc0 nmethod 46053 0x0000020d91a13490 code [0x0000020d91a139a0, 0x0000020d91a17fe8]

GC Heap History (20 events):
Event: 8108.665 GC heap before
{Heap before GC invocations=174 (full 1):
 garbage-first heap   total 792576K, used 617520K [0x00000000a0000000, 0x0000000100000000)
  region size 1024K, 165 young (168960K), 5 survivors (5120K)
 Metaspace       used 149395K, committed 152256K, reserved 1245184K
  class space    used 19514K, committed 20800K, reserved 1048576K
}
Event: 8108.687 GC heap after
{Heap after GC invocations=175 (full 1):
 garbage-first heap   total 792576K, used 491568K [0x00000000a0000000, 0x0000000100000000)
  region size 1024K, 21 young (21504K), 21 survivors (21504K)
 Metaspace       used 149395K, committed 152256K, reserved 1245184K
  class space    used 19514K, committed 20800K, reserved 1048576K
}
Event: 8109.142 GC heap before
{Heap before GC invocations=175 (full 1):
 garbage-first heap   total 792576K, used 627760K [0x00000000a0000000, 0x0000000100000000)
  region size 1024K, 155 young (158720K), 21 survivors (21504K)
 Metaspace       used 149491K, committed 152320K, reserved 1245184K
  class space    used 19516K, committed 20800K, reserved 1048576K
}
Event: 8109.167 GC heap after
{Heap after GC invocations=176 (full 1):
 garbage-first heap   total 792576K, used 522771K [0x00000000a0000000, 0x0000000100000000)
  region size 1024K, 20 young (20480K), 20 survivors (20480K)
 Metaspace       used 149491K, committed 152320K, reserved 1245184K
  class space    used 19516K, committed 20800K, reserved 1048576K
}
Event: 8109.566 GC heap before
{Heap before GC invocations=176 (full 1):
 garbage-first heap   total 792576K, used 643603K [0x00000000a0000000, 0x0000000100000000)
  region size 1024K, 133 young (136192K), 20 survivors (20480K)
 Metaspace       used 149546K, committed 152320K, reserved 1245184K
  class space    used 19516K, committed 20800K, reserved 1048576K
}
Event: 8109.616 GC heap after
{Heap after GC invocations=177 (full 1):
 garbage-first heap   total 792576K, used 568368K [0x00000000a0000000, 0x0000000100000000)
  region size 1024K, 17 young (17408K), 17 survivors (17408K)
 Metaspace       used 149546K, committed 152320K, reserved 1245184K
  class space    used 19516K, committed 20800K, reserved 1048576K
}
Event: 8109.981 GC heap before
{Heap before GC invocations=178 (full 1):
 garbage-first heap   total 882688K, used 553008K [0x00000000a0000000, 0x0000000100000000)
  region size 1024K, 90 young (92160K), 17 survivors (17408K)
 Metaspace       used 149663K, committed 152448K, reserved 1245184K
  class space    used 19529K, committed 20800K, reserved 1048576K
}
Event: 8110.007 GC heap after
{Heap after GC invocations=179 (full 1):
 garbage-first heap   total 882688K, used 502320K [0x00000000a0000000, 0x0000000100000000)
  region size 1024K, 12 young (12288K), 12 survivors (12288K)
 Metaspace       used 149663K, committed 152448K, reserved 1245184K
  class space    used 19529K, committed 20800K, reserved 1048576K
}
Event: 8110.144 GC heap before
{Heap before GC invocations=179 (full 1):
 garbage-first heap   total 882688K, used 539184K [0x00000000a0000000, 0x0000000100000000)
  region size 1024K, 43 young (44032K), 12 survivors (12288K)
 Metaspace       used 149679K, committed 152448K, reserved 1245184K
  class space    used 19529K, committed 20800K, reserved 1048576K
}
Event: 8110.160 GC heap after
{Heap after GC invocations=180 (full 1):
 garbage-first heap   total 882688K, used 434736K [0x00000000a0000000, 0x0000000100000000)
  region size 1024K, 6 young (6144K), 6 survivors (6144K)
 Metaspace       used 149679K, committed 152448K, reserved 1245184K
  class space    used 19529K, committed 20800K, reserved 1048576K
}
Event: 8145.233 GC heap before
{Heap before GC invocations=180 (full 1):
 garbage-first heap   total 882688K, used 639536K [0x00000000a0000000, 0x0000000100000000)
  region size 1024K, 194 young (198656K), 6 survivors (6144K)
 Metaspace       used 154678K, committed 157248K, reserved 1245184K
  class space    used 20182K, committed 21312K, reserved 1048576K
}
Event: 8145.251 GC heap after
{Heap after GC invocations=181 (full 1):
 garbage-first heap   total 910336K, used 453948K [0x00000000a0000000, 0x0000000100000000)
  region size 1024K, 25 young (25600K), 25 survivors (25600K)
 Metaspace       used 154678K, committed 157248K, reserved 1245184K
  class space    used 20182K, committed 21312K, reserved 1048576K
}
Event: 8148.217 GC heap before
{Heap before GC invocations=181 (full 1):
 garbage-first heap   total 910336K, used 662844K [0x00000000a0000000, 0x0000000100000000)
  region size 1024K, 230 young (235520K), 25 survivors (25600K)
 Metaspace       used 154714K, committed 157312K, reserved 1245184K
  class space    used 20187K, committed 21312K, reserved 1048576K
}
Event: 8148.252 GC heap after
{Heap after GC invocations=182 (full 1):
 garbage-first heap   total 910336K, used 496657K [0x00000000a0000000, 0x0000000100000000)
  region size 1024K, 29 young (29696K), 29 survivors (29696K)
 Metaspace       used 154714K, committed 157312K, reserved 1245184K
  class space    used 20187K, committed 21312K, reserved 1048576K
}
Event: 8153.023 GC heap before
{Heap before GC invocations=182 (full 1):
 garbage-first heap   total 910336K, used 685073K [0x00000000a0000000, 0x0000000100000000)
  region size 1024K, 214 young (219136K), 29 survivors (29696K)
 Metaspace       used 154795K, committed 157376K, reserved 1245184K
  class space    used 20198K, committed 21312K, reserved 1048576K
}
Event: 8153.047 GC heap after
{Heap after GC invocations=183 (full 1):
 garbage-first heap   total 910336K, used 526896K [0x00000000a0000000, 0x0000000100000000)
  region size 1024K, 27 young (27648K), 27 survivors (27648K)
 Metaspace       used 154795K, committed 157376K, reserved 1245184K
  class space    used 20198K, committed 21312K, reserved 1048576K
}
Event: 8153.301 GC heap before
{Heap before GC invocations=183 (full 1):
 garbage-first heap   total 910336K, used 538160K [0x00000000a0000000, 0x0000000100000000)
  region size 1024K, 40 young (40960K), 27 survivors (27648K)
 Metaspace       used 154850K, committed 157440K, reserved 1245184K
  class space    used 20212K, committed 21312K, reserved 1048576K
}
Event: 8153.314 GC heap after
{Heap after GC invocations=184 (full 1):
 garbage-first heap   total 910336K, used 532528K [0x00000000a0000000, 0x0000000100000000)
  region size 1024K, 4 young (4096K), 4 survivors (4096K)
 Metaspace       used 154850K, committed 157440K, reserved 1245184K
  class space    used 20212K, committed 21312K, reserved 1048576K
}
Event: 8153.796 GC heap before
{Heap before GC invocations=184 (full 1):
 garbage-first heap   total 910336K, used 643120K [0x00000000a0000000, 0x0000000100000000)
  region size 1024K, 24 young (24576K), 4 survivors (4096K)
 Metaspace       used 154854K, committed 157440K, reserved 1245184K
  class space    used 20212K, committed 21312K, reserved 1048576K
}
Event: 8153.802 GC heap after
{Heap after GC invocations=185 (full 1):
 garbage-first heap   total 910336K, used 622640K [0x00000000a0000000, 0x0000000100000000)
  region size 1024K, 3 young (3072K), 3 survivors (3072K)
 Metaspace       used 154854K, committed 157440K, reserved 1245184K
  class space    used 20212K, committed 21312K, reserved 1048576K
}

Deoptimization events (20 events):
Event: 8153.240 Thread 0x0000020decfe6b30 Uncommon trap: trap_request=0xffffffde fr.pc=0x0000020d8fd767a0 relative=0x0000000000000100
Event: 8153.240 Thread 0x0000020decfe6b30 Uncommon trap: reason=class_check action=maybe_recompile pc=0x0000020d8fd767a0 method=com.google.common.collect.AbstractMapBasedMultimap.wrapList(Ljava/lang/Object;Ljava/util/List;Lcom/google/common/collect/AbstractMapBasedMultimap$WrappedCollection;)Ljav
Event: 8153.241 Thread 0x0000020decfe6b30 DEOPT PACKING pc=0x0000020d8fd767a0 sp=0x000000ba55efda00
Event: 8153.241 Thread 0x0000020decfe6b30 DEOPT UNPACKING pc=0x0000020d8ed723a3 sp=0x000000ba55efd990 mode 2
Event: 8153.254 Thread 0x0000020decfe6b30 Uncommon trap: trap_request=0xffffffde fr.pc=0x0000020d90065d0c relative=0x000000000000110c
Event: 8153.254 Thread 0x0000020decfe6b30 Uncommon trap: reason=class_check action=maybe_recompile pc=0x0000020d90065d0c method=org.gradle.internal.execution.history.changes.CompareStrategy.visitChangesSince(Ljava/lang/Object;Ljava/lang/Object;Ljava/lang/String;Lorg/gradle/internal/execution/hist
Event: 8153.254 Thread 0x0000020decfe6b30 DEOPT PACKING pc=0x0000020d90065d0c sp=0x000000ba55efbaa0
Event: 8153.254 Thread 0x0000020decfe6b30 DEOPT UNPACKING pc=0x0000020d8ed723a3 sp=0x000000ba55efba68 mode 2
Event: 8153.254 Thread 0x0000020decfe6b30 Uncommon trap: trap_request=0xffffffde fr.pc=0x0000020d8f67649c relative=0x00000000000002fc
Event: 8153.254 Thread 0x0000020decfe6b30 Uncommon trap: reason=class_check action=maybe_recompile pc=0x0000020d8f67649c method=com.google.common.collect.Multimaps$CustomListMultimap.createCollection()Ljava/util/List; @ 4 c2
Event: 8153.254 Thread 0x0000020decfe6b30 DEOPT PACKING pc=0x0000020d8f67649c sp=0x000000ba55efb710
Event: 8153.254 Thread 0x0000020decfe6b30 DEOPT UNPACKING pc=0x0000020d8ed723a3 sp=0x000000ba55efb668 mode 2
Event: 8153.255 Thread 0x0000020decfe6b30 Uncommon trap: trap_request=0xffffffde fr.pc=0x0000020d8f67649c relative=0x00000000000002fc
Event: 8153.255 Thread 0x0000020decfe6b30 Uncommon trap: reason=class_check action=maybe_recompile pc=0x0000020d8f67649c method=com.google.common.collect.Multimaps$CustomListMultimap.createCollection()Ljava/util/List; @ 4 c2
Event: 8153.255 Thread 0x0000020decfe6b30 DEOPT PACKING pc=0x0000020d8f67649c sp=0x000000ba55efb750
Event: 8153.255 Thread 0x0000020decfe6b30 DEOPT UNPACKING pc=0x0000020d8ed723a3 sp=0x000000ba55efb6a8 mode 2
Event: 8153.255 Thread 0x0000020decfe6b30 Uncommon trap: trap_request=0xffffffde fr.pc=0x0000020d8fd767a0 relative=0x0000000000000100
Event: 8153.255 Thread 0x0000020decfe6b30 Uncommon trap: reason=class_check action=maybe_recompile pc=0x0000020d8fd767a0 method=com.google.common.collect.AbstractMapBasedMultimap.wrapList(Ljava/lang/Object;Ljava/util/List;Lcom/google/common/collect/AbstractMapBasedMultimap$WrappedCollection;)Ljav
Event: 8153.255 Thread 0x0000020decfe6b30 DEOPT PACKING pc=0x0000020d8fd767a0 sp=0x000000ba55efb760
Event: 8153.255 Thread 0x0000020decfe6b30 DEOPT UNPACKING pc=0x0000020d8ed723a3 sp=0x000000ba55efb6f0 mode 2

Classes unloaded (20 events):
Event: 8107.241 Thread 0x0000020d98aed470 Unloading class 0x0000020d9af78000 'jdk/internal/reflect/GeneratedSerializationConstructorAccessor54'
Event: 8107.241 Thread 0x0000020d98aed470 Unloading class 0x0000020d9af4d800 'jdk/internal/reflect/GeneratedSerializationConstructorAccessor53'
Event: 8107.241 Thread 0x0000020d98aed470 Unloading class 0x0000020d9aeb0800 'jdk/internal/reflect/GeneratedSerializationConstructorAccessor46'
Event: 8107.241 Thread 0x0000020d98aed470 Unloading class 0x0000020d9a52e800 'jdk/internal/reflect/GeneratedSerializationConstructorAccessor32'
Event: 8107.241 Thread 0x0000020d98aed470 Unloading class 0x0000020d9abfb000 'jdk/internal/reflect/GeneratedSerializationConstructorAccessor28'
Event: 8107.241 Thread 0x0000020d98aed470 Unloading class 0x0000020d9ae37000 'jdk/internal/reflect/GeneratedSerializationConstructorAccessor26'
Event: 8107.241 Thread 0x0000020d98aed470 Unloading class 0x0000020d9ae31400 'jdk/internal/reflect/GeneratedMethodAccessor551'
Event: 8107.241 Thread 0x0000020d98aed470 Unloading class 0x0000020d9ae31000 'jdk/internal/reflect/GeneratedMethodAccessor550'
Event: 8107.241 Thread 0x0000020d98aed470 Unloading class 0x0000020d9ae30800 'jdk/internal/reflect/GeneratedMethodAccessor548'
Event: 8107.241 Thread 0x0000020d98aed470 Unloading class 0x0000020d9ae21400 'jdk/internal/reflect/GeneratedSerializationConstructorAccessor23'
Event: 8107.241 Thread 0x0000020d98aed470 Unloading class 0x0000020d9ae20c00 'jdk/internal/reflect/GeneratedSerializationConstructorAccessor22'
Event: 8107.241 Thread 0x0000020d98aed470 Unloading class 0x0000020d9ae20800 'jdk/internal/reflect/GeneratedSerializationConstructorAccessor21'
Event: 8107.241 Thread 0x0000020d98aed470 Unloading class 0x0000020d9ae19800 'jdk/internal/reflect/GeneratedMethodAccessor503'
Event: 8107.241 Thread 0x0000020d98aed470 Unloading class 0x0000020d9ae19000 'jdk/internal/reflect/GeneratedMethodAccessor501'
Event: 8107.241 Thread 0x0000020d98aed470 Unloading class 0x0000020d9ae18800 'jdk/internal/reflect/GeneratedMethodAccessor499'
Event: 8107.241 Thread 0x0000020d98aed470 Unloading class 0x0000020d9ade9800 'jdk/internal/reflect/GeneratedSerializationConstructorAccessor13'
Event: 8107.241 Thread 0x0000020d98aed470 Unloading class 0x0000020d9ade8400 'jdk/internal/reflect/GeneratedSerializationConstructorAccessor12'
Event: 8107.241 Thread 0x0000020d98aed470 Unloading class 0x0000020d9ade8000 'jdk/internal/reflect/GeneratedSerializationConstructorAccessor11'
Event: 8107.241 Thread 0x0000020d98aed470 Unloading class 0x0000020d9add4400 'jdk/internal/reflect/GeneratedSerializationConstructorAccessor10'
Event: 8107.241 Thread 0x0000020d98aed470 Unloading class 0x0000020d9add4000 'jdk/internal/reflect/GeneratedSerializationConstructorAccessor9'

Classes redefined (0 events):
No events

Internal exceptions (20 events):
Event: 8106.261 Thread 0x0000020de23b7280 Exception <a 'sun/nio/fs/WindowsException'{0x00000000c6905b10}> (0x00000000c6905b10) 
thrown [s\open\src\hotspot\share\prims\jni.cpp, line 516]
Event: 8109.231 Thread 0x0000020de23b7280 Exception <a 'sun/nio/fs/WindowsException'{0x00000000cf062118}> (0x00000000cf062118) 
thrown [s\open\src\hotspot\share\prims\jni.cpp, line 516]
Event: 8109.236 Thread 0x0000020de23b7280 Exception <a 'sun/nio/fs/WindowsException'{0x00000000cf0f79a0}> (0x00000000cf0f79a0) 
thrown [s\open\src\hotspot\share\prims\jni.cpp, line 516]
Event: 8109.236 Thread 0x0000020de23b7280 Exception <a 'sun/nio/fs/WindowsException'{0x00000000cf0f8be8}> (0x00000000cf0f8be8) 
thrown [s\open\src\hotspot\share\prims\jni.cpp, line 516]
Event: 8109.236 Thread 0x0000020de23b7280 Exception <a 'sun/nio/fs/WindowsException'{0x00000000cf0f9e80}> (0x00000000cf0f9e80) 
thrown [s\open\src\hotspot\share\prims\jni.cpp, line 516]
Event: 8109.236 Thread 0x0000020de23b7280 Exception <a 'sun/nio/fs/WindowsException'{0x00000000cf0fb118}> (0x00000000cf0fb118) 
thrown [s\open\src\hotspot\share\prims\jni.cpp, line 516]
Event: 8127.971 Thread 0x0000020decfe1010 Implicit null exception at 0x0000020d90333662 to 0x0000020d903337e2
Event: 8127.973 Thread 0x0000020decfe1010 Implicit null exception at 0x0000020d903346cd to 0x0000020d9033484c
Event: 8127.973 Thread 0x0000020decfe1010 Implicit null exception at 0x0000020d8ff330a5 to 0x0000020d8ff33226
Event: 8132.260 Thread 0x0000020decfe1010 Implicit null exception at 0x0000020d8fa25cea to 0x0000020d8fa260d0
Event: 8150.037 Thread 0x0000020decfe3da0 Exception <a 'java/lang/NoSuchMethodError'{0x00000000d3a78ea8}: static Lcom/android/build/gradle/internal/scope/InternalArtifactType;.<clinit>()V> (0x00000000d3a78ea8) 
thrown [s\open\src\hotspot\share\prims\jni.cpp, line 1112]
Event: 8150.037 Thread 0x0000020decfe3da0 Exception <a 'java/lang/NoSuchMethodError'{0x00000000d3a7a450}: static Lcom/android/build/gradle/internal/scope/InternalArtifactType;.<clinit>()V> (0x00000000d3a7a450) 
thrown [s\open\src\hotspot\share\prims\jni.cpp, line 1112]
Event: 8150.037 Thread 0x0000020decfe3da0 Exception <a 'java/lang/NoSuchMethodError'{0x00000000d3a7c580}: static Lcom/android/build/api/artifact/Artifact$Single;.<clinit>()V> (0x00000000d3a7c580) 
thrown [s\open\src\hotspot\share\prims\jni.cpp, line 1112]
Event: 8150.037 Thread 0x0000020decfe3da0 Exception <a 'java/lang/NoSuchMethodError'{0x00000000d3a7eaf0}: static Ljava/lang/Object;.<clinit>()V> (0x00000000d3a7eaf0) 
thrown [s\open\src\hotspot\share\prims\jni.cpp, line 1112]
Event: 8150.039 Thread 0x0000020decfe3da0 Exception <a 'java/lang/NoSuchMethodError'{0x00000000d3a97140}: static Lcom/android/build/api/artifact/ArtifactKind;.<clinit>()V> (0x00000000d3a97140) 
thrown [s\open\src\hotspot\share\prims\jni.cpp, line 1112]
Event: 8150.047 Thread 0x0000020decfe3da0 Exception <a 'java/lang/NoSuchMethodError'{0x00000000d3a98300}: static Lcom/android/build/api/artifact/ArtifactKind;.<clinit>()V> (0x00000000d3a98300) 
thrown [s\open\src\hotspot\share\prims\jni.cpp, line 1112]
Event: 8150.919 Thread 0x0000020decfe56f0 Exception <a 'java/lang/NoSuchMethodError'{0x00000000d1c24108}: static Lcom/android/build/api/variant/BuildConfigField;.<clinit>()V> (0x00000000d1c24108) 
thrown [s\open\src\hotspot\share\prims\jni.cpp, line 1112]
Event: 8153.300 Thread 0x0000020de51948e0 Exception <a 'sun/nio/fs/WindowsException'{0x00000000d6dfc400}> (0x00000000d6dfc400) 
thrown [s\open\src\hotspot\share\prims\jni.cpp, line 516]
Event: 8153.300 Thread 0x0000020de51948e0 Exception <a 'sun/nio/fs/WindowsException'{0x00000000d6dfcce0}> (0x00000000d6dfcce0) 
thrown [s\open\src\hotspot\share\prims\jni.cpp, line 516]
Event: 8153.300 Thread 0x0000020de51948e0 Exception <a 'sun/nio/fs/WindowsException'{0x00000000d6dfcf80}> (0x00000000d6dfcf80) 
thrown [s\open\src\hotspot\share\prims\jni.cpp, line 516]

VM Operations (20 events):
Event: 8146.254 Executing VM operation: Cleanup done
Event: 8147.268 Executing VM operation: Cleanup
Event: 8147.268 Executing VM operation: Cleanup done
Event: 8148.217 Executing VM operation: G1CollectForAllocation
Event: 8148.256 Executing VM operation: G1CollectForAllocation done
Event: 8149.257 Executing VM operation: Cleanup
Event: 8149.257 Executing VM operation: Cleanup done
Event: 8150.257 Executing VM operation: Cleanup
Event: 8150.274 Executing VM operation: Cleanup done
Event: 8151.286 Executing VM operation: Cleanup
Event: 8151.286 Executing VM operation: Cleanup done
Event: 8152.297 Executing VM operation: Cleanup
Event: 8152.297 Executing VM operation: Cleanup done
Event: 8153.023 Executing VM operation: G1CollectForAllocation
Event: 8153.047 Executing VM operation: G1CollectForAllocation done
Event: 8153.301 Executing VM operation: G1TryInitiateConcMark
Event: 8153.315 Executing VM operation: G1TryInitiateConcMark done
Event: 8153.795 Executing VM operation: G1TryInitiateConcMark
Event: 8153.802 Executing VM operation: G1TryInitiateConcMark done
Event: 8154.181 Executing VM operation: G1Concurrent

Events (20 events):
Event: 8128.631 loading class sun/security/ssl/NewSessionTicket$NewSessionTicketMessage
Event: 8128.631 loading class sun/security/ssl/NewSessionTicket$NewSessionTicketMessage done
Event: 8128.631 loading class sun/security/ssl/NewSessionTicket$T12NewSessionTicketMessage done
Event: 8128.631 loading class sun/security/ssl/SSLCipher$T12GcmReadCipherGenerator$GcmReadCipher
Event: 8128.632 loading class sun/security/ssl/SSLCipher$T12GcmReadCipherGenerator$GcmReadCipher done
Event: 8128.632 loading class com/sun/crypto/provider/GaloisCounterMode$GCMDecrypt
Event: 8128.632 loading class com/sun/crypto/provider/GaloisCounterMode$GCMDecrypt done
Event: 8128.633 loading class jdk/internal/event/TLSHandshakeEvent
Event: 8128.633 loading class jdk/internal/event/TLSHandshakeEvent done
Event: 8128.633 loading class javax/net/ssl/SSLEngineResult$HandshakeStatus
Event: 8128.633 loading class javax/net/ssl/SSLEngineResult$HandshakeStatus done
Event: 8130.088 Thread 0x0000020dec7b6630 Thread exited: 0x0000020dec7b6630
Event: 8130.088 Thread 0x0000020dec7b50f0 Thread exited: 0x0000020dec7b50f0
Event: 8130.374 loading class java/util/zip/GZIPInputStream$1
Event: 8130.374 loading class java/util/zip/GZIPInputStream$1 done
Event: 8132.334 Thread 0x0000020dee35c1c0 Thread added: 0x0000020dee35c1c0
Event: 8132.440 Thread 0x0000020dee35c1c0 Thread exited: 0x0000020dee35c1c0
Event: 8150.920 Thread 0x0000020de02d2d20 Thread added: 0x0000020de02d2d20
Event: 8151.261 Thread 0x0000020de02d2d20 Thread exited: 0x0000020de02d2d20
Event: 8153.255 Thread 0x0000020de51948e0 Thread added: 0x0000020de51948e0


Dynamic libraries:
0x00007ff7ef1c0000 - 0x00007ff7ef1d0000 	C:\Program Files\Java\jdk-17\bin\java.exe
0x00007ffe86d00000 - 0x00007ffe86f67000 	C:\WINDOWS\SYSTEM32\ntdll.dll
0x00007ffe84b10000 - 0x00007ffe84bd9000 	C:\WINDOWS\System32\KERNEL32.DLL
0x00007ffe83cf0000 - 0x00007ffe840e4000 	C:\WINDOWS\System32\KERNELBASE.dll
0x00007ffe83ba0000 - 0x00007ffe83ceb000 	C:\WINDOWS\System32\ucrtbase.dll
0x00007ffe60e40000 - 0x00007ffe60e59000 	C:\Program Files\Java\jdk-17\bin\jli.dll
0x00007ffe7ee70000 - 0x00007ffe7ee8b000 	C:\Program Files\Java\jdk-17\bin\VCRUNTIME140.dll
0x00007ffe86b70000 - 0x00007ffe86c26000 	C:\WINDOWS\System32\ADVAPI32.dll
0x00007ffe85580000 - 0x00007ffe85629000 	C:\WINDOWS\System32\msvcrt.dll
0x00007ffe857d0000 - 0x00007ffe85877000 	C:\WINDOWS\System32\sechost.dll
0x00007ffe85f70000 - 0x00007ffe86088000 	C:\WINDOWS\System32\RPCRT4.dll
0x00007ffe85880000 - 0x00007ffe85a45000 	C:\WINDOWS\System32\USER32.dll
0x00007ffe76760000 - 0x00007ffe769f3000 	C:\WINDOWS\WinSxS\amd64_microsoft.windows.common-controls_6595b64144ccf1df_6.0.26100.8115_none_3e075c82e3354f9c\COMCTL32.dll
0x00007ffe83a00000 - 0x00007ffe83a27000 	C:\WINDOWS\System32\win32u.dll
0x00007ffe85a50000 - 0x00007ffe85a7b000 	C:\WINDOWS\System32\GDI32.dll
0x00007ffe84960000 - 0x00007ffe84a8b000 	C:\WINDOWS\System32\gdi32full.dll
0x00007ffe835d0000 - 0x00007ffe83673000 	C:\WINDOWS\System32\msvcp_win.dll
0x00007ffe7d460000 - 0x00007ffe7d46b000 	C:\WINDOWS\SYSTEM32\VERSION.dll
0x00007ffe84c60000 - 0x00007ffe84c92000 	C:\WINDOWS\System32\IMM32.DLL
0x00007ffe7ee60000 - 0x00007ffe7ee6c000 	C:\Program Files\Java\jdk-17\bin\vcruntime140_1.dll
0x00007ffe609c0000 - 0x00007ffe60a4e000 	C:\Program Files\Java\jdk-17\bin\msvcp140.dll
0x00007ffe43dc0000 - 0x00007ffe449a0000 	C:\Program Files\Java\jdk-17\bin\server\jvm.dll
0x00007ffe85730000 - 0x00007ffe85738000 	C:\WINDOWS\System32\PSAPI.DLL
0x00007ffe7a550000 - 0x00007ffe7a586000 	C:\WINDOWS\SYSTEM32\WINMM.dll
0x00007ffe6d140000 - 0x00007ffe6d14a000 	C:\WINDOWS\SYSTEM32\WSOCK32.dll
0x00007ffe85740000 - 0x00007ffe857c0000 	C:\WINDOWS\System32\WS2_32.dll
0x00007ffe82320000 - 0x00007ffe8233b000 	C:\WINDOWS\SYSTEM32\kernel.appcore.dll
0x00007ffe63c30000 - 0x00007ffe63c3a000 	C:\Program Files\Java\jdk-17\bin\jimage.dll
0x00007ffe76a00000 - 0x00007ffe76c42000 	C:\WINDOWS\SYSTEM32\DBGHELP.DLL
0x00007ffe85a80000 - 0x00007ffe85e02000 	C:\WINDOWS\System32\combase.dll
0x00007ffe86120000 - 0x00007ffe861f8000 	C:\WINDOWS\System32\OLEAUT32.dll
0x00007ffe75960000 - 0x00007ffe7599b000 	C:\WINDOWS\SYSTEM32\dbgcore.DLL
0x00007ffe83a30000 - 0x00007ffe83ad5000 	C:\WINDOWS\System32\bcryptPrimitives.dll
0x00007ffe60cf0000 - 0x00007ffe60d15000 	C:\Program Files\Java\jdk-17\bin\java.dll
0x00007ffe60290000 - 0x00007ffe60367000 	C:\Program Files\Java\jdk-17\bin\jsvml.dll
0x00007ffe86400000 - 0x00007ffe86b67000 	C:\WINDOWS\System32\SHELL32.dll
0x00007ffe83680000 - 0x00007ffe837ea000 	C:\WINDOWS\System32\wintypes.dll
0x00007ffe840f0000 - 0x00007ffe84958000 	C:\WINDOWS\System32\windows.storage.dll
0x00007ffe85430000 - 0x00007ffe85528000 	C:\WINDOWS\System32\SHCORE.dll
0x00007ffe86c50000 - 0x00007ffe86cb6000 	C:\WINDOWS\System32\shlwapi.dll
0x00007ffe834f0000 - 0x00007ffe83519000 	C:\WINDOWS\SYSTEM32\profapi.dll
0x00007ffe609a0000 - 0x00007ffe609b9000 	C:\Program Files\Java\jdk-17\bin\net.dll
0x00007ffe7d8d0000 - 0x00007ffe7d9fd000 	C:\WINDOWS\SYSTEM32\WINHTTP.dll
0x00007ffe82870000 - 0x00007ffe828dc000 	C:\WINDOWS\system32\mswsock.dll
0x00007ffe60980000 - 0x00007ffe60996000 	C:\Program Files\Java\jdk-17\bin\nio.dll
0x00007ffe60e20000 - 0x00007ffe60e38000 	C:\Program Files\Java\jdk-17\bin\zip.dll
0x00007ffe60e70000 - 0x00007ffe60e80000 	C:\Program Files\Java\jdk-17\bin\verify.dll
0x00007ffe7ee90000 - 0x00007ffe7eeb7000 	C:\Users\Inurum_Four\.gradle\native\68d5fa5c4cc2d200863cafc0d521ce42e7d3e7ee720ec0a83991735586a16f82\windows-amd64\native-platform.dll
0x00007ffe58a00000 - 0x00007ffe58b44000 	C:\Users\Inurum_Four\.gradle\native\e376f236ea51e6404a007f0833ffe2c6e607c4080706a723a18a27aeea778392\windows-amd64\native-platform-file-events.dll
0x00007ffe60970000 - 0x00007ffe6097a000 	C:\Program Files\Java\jdk-17\bin\management.dll
0x00007ffe60960000 - 0x00007ffe6096b000 	C:\Program Files\Java\jdk-17\bin\management_ext.dll
0x00007ffe82c70000 - 0x00007ffe82c8b000 	C:\WINDOWS\SYSTEM32\CRYPTSP.dll
0x00007ffe82280000 - 0x00007ffe822b9000 	C:\WINDOWS\system32\rsaenh.dll
0x00007ffe82920000 - 0x00007ffe82953000 	C:\WINDOWS\SYSTEM32\USERENV.dll
0x00007ffe834c0000 - 0x00007ffe834ea000 	C:\WINDOWS\SYSTEM32\bcrypt.dll
0x00007ffe82ad0000 - 0x00007ffe82adc000 	C:\WINDOWS\SYSTEM32\CRYPTBASE.dll
0x00007ffe81d00000 - 0x00007ffe81d32000 	C:\WINDOWS\SYSTEM32\IPHLPAPI.DLL
0x00007ffe86c30000 - 0x00007ffe86c3a000 	C:\WINDOWS\System32\NSI.dll
0x00007ffe7d680000 - 0x00007ffe7d69d000 	C:\WINDOWS\SYSTEM32\dhcpcsvc6.DLL
0x00007ffe7d650000 - 0x00007ffe7d675000 	C:\WINDOWS\SYSTEM32\dhcpcsvc.DLL
0x00007ffe81d40000 - 0x00007ffe81e72000 	C:\WINDOWS\SYSTEM32\DNSAPI.dll
0x00007ffe60950000 - 0x00007ffe6095e000 	C:\Program Files\Java\jdk-17\bin\sunmscapi.dll
0x00007ffe83880000 - 0x00007ffe839f7000 	C:\WINDOWS\System32\CRYPT32.dll
0x00007ffe82dd0000 - 0x00007ffe82e00000 	C:\WINDOWS\SYSTEM32\ncrypt.dll
0x00007ffe82d80000 - 0x00007ffe82dbf000 	C:\WINDOWS\SYSTEM32\NTASN1.dll
0x00007ffe63c50000 - 0x00007ffe63c58000 	C:\WINDOWS\system32\wshunix.dll
0x00007ffe80e10000 - 0x00007ffe80e28000 	C:\WINDOWS\system32\napinsp.dll
0x00007ffe80d50000 - 0x00007ffe80d63000 	C:\WINDOWS\System32\winrnr.dll
0x00007ffe22270000 - 0x00007ffe22292000 	C:\WINDOWS\system32\nlansp_c.dll
0x00007ffe5d620000 - 0x00007ffe5d636000 	C:\WINDOWS\system32\wshbth.dll
0x00007ffe7d350000 - 0x00007ffe7d35b000 	C:\Windows\System32\rasadhlp.dll
0x00007ffe7d200000 - 0x00007ffe7d286000 	C:\WINDOWS\System32\fwpuclnt.dll
0x00007ffe6fe80000 - 0x00007ffe6fe9e000 	C:\Users\Inurum_Four\AppData\Local\Temp\native-platform6311492866283510112dir\native-platform.dll
0x00007ffe6aaf0000 - 0x00007ffe6aaf7000 	C:\Program Files\Java\jdk-17\bin\rmi.dll
0x00007ffe82440000 - 0x00007ffe82476000 	C:\WINDOWS\SYSTEM32\ntmarta.dll

dbghelp: loaded successfully - version: 4.0.5 - missing functions: none
symbol engine: initialized successfully - sym options: 0x614 - pdb path: .;C:\Program Files\Java\jdk-17\bin;C:\WINDOWS\SYSTEM32;C:\WINDOWS\WinSxS\amd64_microsoft.windows.common-controls_6595b64144ccf1df_6.0.26100.8115_none_3e075c82e3354f9c;C:\Program Files\Java\jdk-17\bin\server;C:\Users\Inurum_Four\.gradle\native\68d5fa5c4cc2d200863cafc0d521ce42e7d3e7ee720ec0a83991735586a16f82\windows-amd64;C:\Users\Inurum_Four\.gradle\native\e376f236ea51e6404a007f0833ffe2c6e607c4080706a723a18a27aeea778392\windows-amd64;C:\Users\Inurum_Four\AppData\Local\Temp\native-platform6311492866283510112dir

VM Arguments:
jvm_args: --add-opens=java.base/java.util=ALL-UNNAMED --add-opens=java.base/java.lang=ALL-UNNAMED --add-opens=java.base/java.lang.invoke=ALL-UNNAMED --add-opens=java.prefs/java.util.prefs=ALL-UNNAMED --add-opens=java.base/java.nio.charset=ALL-UNNAMED --add-opens=java.base/java.net=ALL-UNNAMED --add-opens=java.base/java.util.concurrent.atomic=ALL-UNNAMED -Xmx1536M -Dfile.encoding=windows-1252 -Duser.country=IN -Duser.language=en -Duser.variant 
java_command: org.gradle.launcher.daemon.bootstrap.GradleDaemon 7.6
java_class_path (initial): C:\Users\Inurum_Four\.gradle\wrapper\dists\gradle-7.6-all\9f832ih6bniajn45pbmqhk2cw\gradle-7.6\lib\gradle-launcher-7.6.jar
Launcher Type: SUN_STANDARD

[Global flags]
     intx CICompilerCount                          = 4                                         {product} {ergonomic}
     uint ConcGCThreads                            = 2                                         {product} {ergonomic}
     uint G1ConcRefinementThreads                  = 8                                         {product} {ergonomic}
   size_t G1HeapRegionSize                         = 1048576                                   {product} {ergonomic}
    uintx GCDrainStackTargetSize                   = 64                                        {product} {ergonomic}
   size_t InitialHeapSize                          = 266338304                                 {product} {ergonomic}
   size_t MarkStackSize                            = 4194304                                   {product} {ergonomic}
   size_t MaxHeapSize                              = 1610612736                                {product} {command line}
   size_t MaxNewSize                               = 965738496                                 {product} {ergonomic}
   size_t MinHeapDeltaBytes                        = 1048576                                   {product} {ergonomic}
   size_t MinHeapSize                              = 8388608                                   {product} {ergonomic}
    uintx NonNMethodCodeHeapSize                   = 5839372                                {pd product} {ergonomic}
    uintx NonProfiledCodeHeapSize                  = 122909434                              {pd product} {ergonomic}
    uintx ProfiledCodeHeapSize                     = 122909434                              {pd product} {ergonomic}
    uintx ReservedCodeCacheSize                    = 251658240                              {pd product} {ergonomic}
     bool SegmentedCodeCache                       = true                                      {product} {ergonomic}
   size_t SoftMaxHeapSize                          = 1610612736                             {manageable} {ergonomic}
     bool UseCompressedClassPointers               = true                           {product lp64_product} {ergonomic}
     bool UseCompressedOops                        = true                           {product lp64_product} {ergonomic}
     bool UseG1GC                                  = true                                      {product} {ergonomic}
     bool UseLargePagesIndividualAllocation        = false                                  {pd product} {ergonomic}

Logging:
Log output configuration:
 #0: stdout all=warning uptime,level,tags
 #1: stderr all=off uptime,level,tags

Environment Variables:
JAVA_HOME=C:\Program Files\Java\jdk-17
CLASSPATH=D:\InurumFlutter\mg\driver and customer\mahilasaarthi\driver\android\\gradle\wrapper\gradle-wrapper.jar
PATH=C:\Users\Inurum_Four\fvm_new\versions\3.10.6\bin\;C:\Program Files\Common Files\Oracle\Java\javapath;C:\WINDOWS\system32;C:\WINDOWS;C:\WINDOWS\System32\Wbem;C:\WINDOWS\System32\WindowsPowerShell\v1.0\;C:\WINDOWS\System32\OpenSSH\;C:\src\flutter\bin;C:\Program Files\Git\cmd;C:\Users\Inurum_Four\AppData\Roaming\npm;C:\Program Files\nodejs\;C:\Users\Inurum_Four\AppData\Local\Programs\Python\Python311\Scripts\;C:\Users\Inurum_Four\AppData\Local\Programs\Python\Python311\;C:\Users\Inurum_Four\AppData\Local\Programs\Python\Python314\Scripts\;C:\Users\Inurum_Four\AppData\Local\Programs\Python\Python314\;C:\Users\Inurum_Four\AppData\Local\Microsoft\WindowsApps;C:\src\flutter\bin;C:\Users\Inurum_Four\AppData\Local\Programs\Microsoft VS Code\bin;C:\Program Files\nodejs\;C:\Users\Inurum_Four\AppData\Local\Pub\Cache\bin;C:\Users\Inurum_Four\AppData\Roaming\npm;C:\Users\Inurum_Four\AppData\Local\Programs\Antigravity\bin;c:\Users\Inurum_Four\.antigravity\extensions\vscjava.vscode-java-debug-0.59.0-universal\bundled\scripts\noConfigScripts
USERNAME=Inurum_Four
LANG=en_US.UTF-8
OS=Windows_NT
PROCESSOR_IDENTIFIER=Intel64 Family 6 Model 151 Stepping 5, GenuineIntel



---------------  S Y S T E M  ---------------

OS:
 Windows 11 , 64 bit Build 26100 (10.0.26100.8246)
OS uptime: 0 days 6:10 hours
Hyper-V role detected

CPU: total 8 (initial active 8) (4 cores per cpu, 2 threads per core) family 6 model 151 stepping 5 microcode 0x18, cx8, cmov, fxsr, ht, mmx, 3dnowpref, sse, sse2, sse3, ssse3, sse4.1, sse4.2, popcnt, lzcnt, tsc, tscinvbit, avx, avx2, aes, erms, clmul, bmi1, bmi2, adx, sha, fma, vzeroupper, clflush, clflushopt, clwb, hv

Memory: 4k page, system-wide physical 16197M (2160M free)
TotalPageFile size 30501M (AvailPageFile size 521M)
current process WorkingSet (physical memory assigned to process): 1361M, peak: 2137M
current process commit charge ("private bytes"): 1579M, peak: 2322M

vm_info: Java HotSpot(TM) 64-Bit Server VM (17.0.12+8-LTS-286) for windows-amd64 JRE (17.0.12+8-LTS-286), built on Jun  5 2024 06:46:59 by "mach5one" with MS VC++ 17.6 (VS2022)

END.
