#
# There is insufficient memory for the Java Runtime Environment to continue.
# Native memory allocation (mmap) failed to map 2195456 bytes for G1 virtual space
# Possible reasons:
#   The system is out of physical RAM or swap space
#   The process is running with CompressedOops enabled, and the Java Heap may be blocking the growth of the native heap
# Possible solutions:
#   Reduce memory load on the system
#   Increase physical memory or swap space
#   Check if swap backing store is full
#   Decrease Java heap size (-Xmx/-Xms)
#   Decrease number of Java threads
#   Decrease Java thread stack sizes (-Xss)
#   Set larger code cache with -XX:ReservedCodeCacheSize=
#   JVM is running with Zero Based Compressed Oops mode in which the Java heap is
#     placed in the first 32GB address space. The Java Heap base address is the
#     maximum limit for the native heap growth. Please use -XX:HeapBaseMinAddress
#     to set the Java Heap base and to place the Java Heap above 32GB virtual address.
# This output file may be truncated or incomplete.
#
#  Out of Memory Error (os_windows.cpp:3548), pid=18056, tid=11528
#
# JRE version: Java(TM) SE Runtime Environment (17.0.12+8) (build 17.0.12+8-LTS-286)
# Java VM: Java HotSpot(TM) 64-Bit Server VM (17.0.12+8-LTS-286, mixed mode, sharing, tiered, compressed oops, compressed class ptrs, g1 gc, windows-amd64)
# No core dump will be written. Minidumps are not enabled by default on client versions of Windows
#

---------------  S U M M A R Y ------------

Command Line: --add-opens=java.base/java.lang=ALL-UNNAMED --add-opens=java.base/java.lang.invoke=ALL-UNNAMED --add-opens=java.base/java.util=ALL-UNNAMED --add-opens=java.prefs/java.util.prefs=ALL-UNNAMED --add-exports=jdk.compiler/com.sun.tools.javac.api=ALL-UNNAMED --add-exports=jdk.compiler/com.sun.tools.javac.util=ALL-UNNAMED --add-opens=java.base/java.util=ALL-UNNAMED --add-opens=java.prefs/java.util.prefs=ALL-UNNAMED --add-opens=java.base/java.nio.charset=ALL-UNNAMED --add-opens=java.base/java.net=ALL-UNNAMED --add-opens=java.base/java.util.concurrent.atomic=ALL-UNNAMED --add-opens=java.xml/javax.xml.namespace=ALL-UNNAMED -XX:MaxMetaspaceSize=1G -Xmx4G -Dfile.encoding=UTF-8 -Duser.country=IN -Duser.language=en -Duser.variant -javaagent:C:\Users\Inurum_Four\.gradle\wrapper\dists\gradle-8.14-all\c2qonpi39x1mddn7hk5gh9iqj\gradle-8.14\lib\agents\gradle-instrumentation-agent-8.14.jar org.gradle.launcher.daemon.bootstrap.GradleDaemon 8.14

Host: 12th Gen Intel(R) Core(TM) i3-12100F, 8 cores, 15G,  Windows 11 , 64 bit Build 26100 (10.0.26100.8246)
Time: Mon Aug 24 14:01:26 2026 India Standard Time elapsed time: 28.970152 seconds (0d 0h 0m 28s)

---------------  T H R E A D  ---------------

Current thread (0x00000230b014f4c0):  VMThread "VM Thread" [stack: 0x00000060c4f00000,0x00000060c5000000] [id=11528]

Stack: [0x00000060c4f00000,0x00000060c5000000]
Native frames: (J=compiled Java code, j=interpreted, Vv=VM code, C=native code)
V  [jvm.dll+0x67a04a]
V  [jvm.dll+0x7da4ed]
V  [jvm.dll+0x7dbe33]
V  [jvm.dll+0x7dc4a3]
V  [jvm.dll+0x24508f]
V  [jvm.dll+0x677089]
V  [jvm.dll+0x66bd32]
V  [jvm.dll+0x301fa6]
V  [jvm.dll+0x309546]
V  [jvm.dll+0x359d43]
V  [jvm.dll+0x359f5f]
V  [jvm.dll+0x2d9078]
V  [jvm.dll+0x2d74ad]
V  [jvm.dll+0x2d6afc]
V  [jvm.dll+0x31a65b]
V  [jvm.dll+0x7e0d9b]
V  [jvm.dll+0x7e1ad4]
V  [jvm.dll+0x7e1fed]
V  [jvm.dll+0x7e23c4]
V  [jvm.dll+0x7e2490]
V  [jvm.dll+0x78abea]
V  [jvm.dll+0x678f35]
C  [ucrtbase.dll+0x37b0]
C  [KERNEL32.DLL+0x2e8d7]
C  [ntdll.dll+0x8c3fc]

VM_Operation (0x00000060c92fe430): G1CollectForAllocation, mode: safepoint, requested by thread 0x00000230ee8def90


---------------  P R O C E S S  ---------------

Threads class SMR info:
_java_thread_list=0x00000230f769b8c0, length=135, elements={
0x000002308b5262f0, 0x00000230b01556a0, 0x00000230b0156ce0, 0x00000230b016bc70,
0x00000230b016c540, 0x00000230b0280bf0, 0x00000230b0282030, 0x00000230b0284310,
0x00000230b0285790, 0x00000230b02860a0, 0x00000230b03a2ef0, 0x00000230b04929a0,
0x00000230b0b17f20, 0x00000230ea7550e0, 0x00000230eb7b5010, 0x00000230b0998ff0,
0x00000230b09994d0, 0x00000230ea4ae970, 0x00000230ea4af8a0, 0x00000230ea4ad020,
0x00000230ea4acb10, 0x00000230ea4ad530, 0x00000230ea4ada40, 0x00000230ea4af390,
0x00000230ea4b02c0, 0x00000230ebe9aa90, 0x00000230ebe9bed0, 0x00000230ebe9a070,
0x00000230ebe99140, 0x00000230ebe9c3e0, 0x00000230ebe98c30, 0x00000230ebe9fb90,
0x00000230ebe9ec60, 0x00000230ebe9dd30, 0x00000230ebe9d310, 0x00000230ebe9e750,
0x00000230ebea00a0, 0x00000230ea4ae460, 0x00000230ebe029c0, 0x00000230ebe038f0,
0x00000230ebe033e0, 0x00000230ebe02ed0, 0x00000230ebe05240, 0x00000230ebe03e00,
0x00000230ebe04310, 0x00000230ebe06170, 0x00000230ebe04820, 0x00000230ebe04d30,
0x00000230ebe05750, 0x00000230ebe05c60, 0x00000230ee8e0df0, 0x00000230ee8dea80,
0x00000230ee8df4a0, 0x00000230ee8def90, 0x00000230ee8e1300, 0x00000230ee8e1810,
0x00000230ee8de060, 0x00000230ee8df9b0, 0x00000230ee8de570, 0x00000230efd6c950,
0x00000230efd6ce60, 0x00000230efd6d370, 0x00000230efd6d880, 0x00000230efd6bf30,
0x00000230efd6c440, 0x00000230efd6dd90, 0x00000230efd6e2a0, 0x00000230efd6ba20,
0x00000230efd6aaf0, 0x00000230efd6b000, 0x00000230efd6b510, 0x00000230efc52300,
0x00000230efc504a0, 0x00000230efc4f060, 0x00000230efc513d0, 0x00000230efc51df0,
0x00000230efc4fa80, 0x00000230efc4ff90, 0x00000230efc4f570, 0x00000230efc52810,
0x00000230efc518e0, 0x00000230efc53c50, 0x00000230efc54160, 0x00000230efc52d20,
0x00000230efc509b0, 0x00000230efc53230, 0x00000230efc53740, 0x00000230efc54670,
0x00000230efc54b80, 0x00000230efc55090, 0x00000230efc555a0, 0x00000230efc55fc0,
0x00000230efc564d0, 0x00000230efc569e0, 0x00000230ea982300, 0x00000230ea982810,
0x00000230ea97f060, 0x00000230ea97fa80, 0x00000230ea982d20, 0x00000230ea97f570,
0x00000230ea9809b0, 0x00000230ea983230, 0x00000230ea983740, 0x00000230ea97ff90,
0x00000230ea980ec0, 0x00000230ea983c50, 0x00000230ea9818e0, 0x00000230ea981df0,
0x00000230ea9804a0, 0x00000230ea984160, 0x00000230ea984670, 0x00000230ea9813d0,
0x00000230ea985090, 0x00000230ea9855a0, 0x00000230ea985ab0, 0x00000230ea985fc0,
0x00000230ea9864d0, 0x00000230ea9869e0, 0x00000230ebe9a580, 0x00000230ebc38320,
0x00000230ebc3a690, 0x00000230ebc38830, 0x00000230ebc37e10, 0x00000230ebc38d40,
0x00000230ebc39250, 0x00000230ebc3a180, 0x00000230ebc39760, 0x00000230ebc39c70,
0x00000230ebc3aba0, 0x00000230ebc37900, 0x00000230ebc3de40, 0x00000230ebc3f280,
0x00000230ebc3bad0, 0x00000230ef00f520, 0x00000230ef00fa30
}

Java Threads: ( => current thread )
  0x000002308b5262f0 JavaThread "main" [_thread_blocked, id=1512, stack(0x00000060c4900000,0x00000060c4a00000)]
  0x00000230b01556a0 JavaThread "Reference Handler" daemon [_thread_blocked, id=6888, stack(0x00000060c5000000,0x00000060c5100000)]
  0x00000230b0156ce0 JavaThread "Finalizer" daemon [_thread_blocked, id=6596, stack(0x00000060c5100000,0x00000060c5200000)]
  0x00000230b016bc70 JavaThread "Signal Dispatcher" daemon [_thread_blocked, id=20172, stack(0x00000060c5200000,0x00000060c5300000)]
  0x00000230b016c540 JavaThread "Attach Listener" daemon [_thread_blocked, id=11632, stack(0x00000060c5300000,0x00000060c5400000)]
  0x00000230b0280bf0 JavaThread "Service Thread" daemon [_thread_blocked, id=11304, stack(0x00000060c5400000,0x00000060c5500000)]
  0x00000230b0282030 JavaThread "Monitor Deflation Thread" daemon [_thread_blocked, id=8652, stack(0x00000060c5500000,0x00000060c5600000)]
  0x00000230b0284310 JavaThread "C2 CompilerThread0" daemon [_thread_in_native, id=6580, stack(0x00000060c5600000,0x00000060c5700000)]
  0x00000230b0285790 JavaThread "C1 CompilerThread0" daemon [_thread_blocked, id=20340, stack(0x00000060c5700000,0x00000060c5800000)]
  0x00000230b02860a0 JavaThread "Sweeper thread" daemon [_thread_blocked, id=20248, stack(0x00000060c5800000,0x00000060c5900000)]
  0x00000230b03a2ef0 JavaThread "Common-Cleaner" daemon [_thread_blocked, id=12292, stack(0x00000060c5900000,0x00000060c5a00000)]
  0x00000230b04929a0 JavaThread "Notification Thread" daemon [_thread_blocked, id=12808, stack(0x00000060c5a00000,0x00000060c5b00000)]
  0x00000230b0b17f20 JavaThread "Daemon health stats" [_thread_blocked, id=8800, stack(0x00000060c6300000,0x00000060c6400000)]
  0x00000230ea7550e0 JavaThread "Incoming local TCP Connector on port 63150" [_thread_in_native, id=11740, stack(0x00000060c6600000,0x00000060c6700000)]
  0x00000230eb7b5010 JavaThread "Daemon periodic checks" [_thread_blocked, id=21008, stack(0x00000060c6700000,0x00000060c6800000)]
  0x00000230b0998ff0 JavaThread "Daemon" [_thread_blocked, id=10592, stack(0x00000060c6800000,0x00000060c6900000)]
  0x00000230b09994d0 JavaThread "Handler for socket connection from /127.0.0.1:63150 to /127.0.0.1:63151" [_thread_in_native, id=17424, stack(0x00000060c6900000,0x00000060c6a00000)]
  0x00000230ea4ae970 JavaThread "Cancel handler" [_thread_blocked, id=18268, stack(0x00000060c6a00000,0x00000060c6b00000)]
  0x00000230ea4af8a0 JavaThread "Daemon worker" [_thread_blocked, id=1784, stack(0x00000060c6b00000,0x00000060c6c00000)]
  0x00000230ea4ad020 JavaThread "Asynchronous log dispatcher for DefaultDaemonConnection: socket connection from /127.0.0.1:63150 to /127.0.0.1:63151" [_thread_blocked, id=12096, stack(0x00000060c6c00000,0x00000060c6d00000)]
  0x00000230ea4acb10 JavaThread "Stdin handler" [_thread_blocked, id=3140, stack(0x00000060c6d00000,0x00000060c6e00000)]
  0x00000230ea4ad530 JavaThread "Daemon client event forwarder" [_thread_blocked, id=7972, stack(0x00000060c6e00000,0x00000060c6f00000)]
  0x00000230ea4ada40 JavaThread "Cache worker for journal cache (C:\Users\Inurum_Four\.gradle\caches\journal-1)" [_thread_blocked, id=20540, stack(0x00000060c6f00000,0x00000060c7000000)]
  0x00000230ea4af390 JavaThread "File lock request listener" [_thread_in_native, id=15104, stack(0x00000060c7000000,0x00000060c7100000)]
  0x00000230ea4b02c0 JavaThread "Cache worker for file hash cache (C:\Users\Inurum_Four\.gradle\caches\8.14\fileHashes)" [_thread_blocked, id=3776, stack(0x00000060c7100000,0x00000060c7200000)]
  0x00000230ebe9aa90 JavaThread "Cache worker for file hash cache (D:\InurumFlutter\mg\driver and customer\mahilasaarthi\driver\android\.gradle\8.14\fileHashes)" [_thread_blocked, id=328, stack(0x00000060c7200000,0x00000060c7300000)]
  0x00000230ebe9bed0 JavaThread "Cache worker for Build Output Cleanup Cache (D:\InurumFlutter\mg\driver and customer\mahilasaarthi\driver\android\.gradle\buildOutputCleanup)" [_thread_blocked, id=5716, stack(0x00000060c7300000,0x00000060c7400000)]
  0x00000230ebe9a070 JavaThread "File watcher server" daemon [_thread_in_native, id=3168, stack(0x00000060c7500000,0x00000060c7600000)]
  0x00000230ebe99140 JavaThread "File watcher consumer" daemon [_thread_blocked, id=9712, stack(0x00000060c7600000,0x00000060c7700000)]
  0x00000230ebe9c3e0 JavaThread "jar transforms" [_thread_blocked, id=2384, stack(0x00000060c7a00000,0x00000060c7b00000)]
  0x00000230ebe98c30 JavaThread "Cache worker for checksums cache (D:\InurumFlutter\mg\driver and customer\mahilasaarthi\driver\android\.gradle\8.14\checksums)" [_thread_blocked, id=13640, stack(0x00000060c7b00000,0x00000060c7c00000)]
  0x00000230ebe9fb90 JavaThread "Cache worker for file content cache (C:\Users\Inurum_Four\.gradle\caches\8.14\fileContent)" [_thread_blocked, id=18920, stack(0x00000060c7c00000,0x00000060c7d00000)]
  0x00000230ebe9ec60 JavaThread "Cache worker for cache directory md-supplier (C:\Users\Inurum_Four\.gradle\caches\8.14\md-supplier)" [_thread_blocked, id=14028, stack(0x00000060c7d00000,0x00000060c7e00000)]
  0x00000230ebe9dd30 JavaThread "Cache worker for cache directory md-rule (C:\Users\Inurum_Four\.gradle\caches\8.14\md-rule)" [_thread_blocked, id=8416, stack(0x00000060c7e00000,0x00000060c7f00000)]
  0x00000230ebe9d310 JavaThread "Cache worker for Build Output Cleanup Cache (C:\src\flutter\packages\flutter_tools\gradle\.gradle\buildOutputCleanup)" [_thread_blocked, id=3384, stack(0x00000060c7f00000,0x00000060c8000000)]
  0x00000230ebe9e750 JavaThread "Unconstrained build operations" [_thread_blocked, id=21196, stack(0x00000060c8000000,0x00000060c8100000)]
  0x00000230ebea00a0 JavaThread "Unconstrained build operations Thread 2" [_thread_blocked, id=11144, stack(0x00000060c8100000,0x00000060c8200000)]
  0x00000230ea4ae460 JavaThread "Unconstrained build operations Thread 3" [_thread_blocked, id=12924, stack(0x00000060c8200000,0x00000060c8300000)]
  0x00000230ebe029c0 JavaThread "Unconstrained build operations Thread 4" [_thread_blocked, id=19576, stack(0x00000060c8300000,0x00000060c8400000)]
  0x00000230ebe038f0 JavaThread "Unconstrained build operations Thread 5" [_thread_blocked, id=19908, stack(0x00000060c8400000,0x00000060c8500000)]
  0x00000230ebe033e0 JavaThread "Unconstrained build operations Thread 6" [_thread_blocked, id=19220, stack(0x00000060c8500000,0x00000060c8600000)]
  0x00000230ebe02ed0 JavaThread "Unconstrained build operations Thread 7" [_thread_blocked, id=12040, stack(0x00000060c8600000,0x00000060c8700000)]
  0x00000230ebe05240 JavaThread "Unconstrained build operations Thread 8" [_thread_blocked, id=17844, stack(0x00000060c8700000,0x00000060c8800000)]
  0x00000230ebe03e00 JavaThread "Unconstrained build operations Thread 9" [_thread_blocked, id=14524, stack(0x00000060c8800000,0x00000060c8900000)]
  0x00000230ebe04310 JavaThread "Unconstrained build operations Thread 10" [_thread_blocked, id=14024, stack(0x00000060c8900000,0x00000060c8a00000)]
  0x00000230ebe06170 JavaThread "Unconstrained build operations Thread 11" [_thread_blocked, id=4796, stack(0x00000060c8a00000,0x00000060c8b00000)]
  0x00000230ebe04820 JavaThread "Unconstrained build operations Thread 12" [_thread_blocked, id=12000, stack(0x00000060c8b00000,0x00000060c8c00000)]
  0x00000230ebe04d30 JavaThread "Unconstrained build operations Thread 13" [_thread_blocked, id=7652, stack(0x00000060c8c00000,0x00000060c8d00000)]
  0x00000230ebe05750 JavaThread "Unconstrained build operations Thread 14" [_thread_blocked, id=21204, stack(0x00000060c8d00000,0x00000060c8e00000)]
  0x00000230ebe05c60 JavaThread "Unconstrained build operations Thread 15" [_thread_blocked, id=8992, stack(0x00000060c8e00000,0x00000060c8f00000)]
  0x00000230ee8e0df0 JavaThread "Unconstrained build operations Thread 16" [_thread_blocked, id=8896, stack(0x00000060c8f00000,0x00000060c9000000)]
  0x00000230ee8dea80 JavaThread "Unconstrained build operations Thread 17" [_thread_blocked, id=3580, stack(0x00000060c9000000,0x00000060c9100000)]
  0x00000230ee8df4a0 JavaThread "Unconstrained build operations Thread 18" [_thread_blocked, id=18836, stack(0x00000060c9100000,0x00000060c9200000)]
  0x00000230ee8def90 JavaThread "Unconstrained build operations Thread 19" [_thread_blocked, id=20264, stack(0x00000060c9200000,0x00000060c9300000)]
  0x00000230ee8e1300 JavaThread "Unconstrained build operations Thread 20" [_thread_blocked, id=17592, stack(0x00000060c9300000,0x00000060c9400000)]
  0x00000230ee8e1810 JavaThread "Unconstrained build operations Thread 21" [_thread_blocked, id=8332, stack(0x00000060c9400000,0x00000060c9500000)]
  0x00000230ee8de060 JavaThread "Memory manager" [_thread_blocked, id=18292, stack(0x00000060c9500000,0x00000060c9600000)]
  0x00000230ee8df9b0 JavaThread "build event listener" [_thread_blocked, id=2144, stack(0x00000060c6200000,0x00000060c6300000)]
  0x00000230ee8de570 JavaThread "included builds" [_thread_blocked, id=3100, stack(0x00000060c9600000,0x00000060c9700000)]
  0x00000230efd6c950 JavaThread "Execution worker" [_thread_blocked, id=8256, stack(0x00000060c9700000,0x00000060c9800000)]
  0x00000230efd6ce60 JavaThread "Execution worker Thread 2" [_thread_blocked, id=21208, stack(0x00000060c9800000,0x00000060c9900000)]
  0x00000230efd6d370 JavaThread "Execution worker Thread 3" [_thread_blocked, id=8212, stack(0x00000060c9900000,0x00000060c9a00000)]
  0x00000230efd6d880 JavaThread "Execution worker Thread 4" [_thread_blocked, id=18252, stack(0x00000060c9a00000,0x00000060c9b00000)]
  0x00000230efd6bf30 JavaThread "Execution worker Thread 5" [_thread_blocked, id=16428, stack(0x00000060c9b00000,0x00000060c9c00000)]
  0x00000230efd6c440 JavaThread "Execution worker Thread 6" [_thread_blocked, id=2620, stack(0x00000060c9c00000,0x00000060c9d00000)]
  0x00000230efd6dd90 JavaThread "Execution worker Thread 7" [_thread_blocked, id=19956, stack(0x00000060c9d00000,0x00000060c9e00000)]
  0x00000230efd6e2a0 JavaThread "Cache worker for execution history cache (C:\src\flutter\packages\flutter_tools\gradle\.gradle\8.14\executionHistory)" [_thread_blocked, id=13016, stack(0x00000060c9e00000,0x00000060c9f00000)]
  0x00000230efd6ba20 JavaThread "Unconstrained build operations Thread 22" [_thread_blocked, id=7376, stack(0x00000060c5c00000,0x00000060c5d00000)]
  0x00000230efd6aaf0 JavaThread "Unconstrained build operations Thread 23" [_thread_blocked, id=19568, stack(0x00000060c9f00000,0x00000060ca000000)]
  0x00000230efd6b000 JavaThread "Unconstrained build operations Thread 24" [_thread_blocked, id=19464, stack(0x00000060ca000000,0x00000060ca100000)]
  0x00000230efd6b510 JavaThread "Unconstrained build operations Thread 25" [_thread_blocked, id=14704, stack(0x00000060ca100000,0x00000060ca200000)]
  0x00000230efc52300 JavaThread "Unconstrained build operations Thread 26" [_thread_blocked, id=13668, stack(0x00000060ca200000,0x00000060ca300000)]
  0x00000230efc504a0 JavaThread "Unconstrained build operations Thread 27" [_thread_blocked, id=14980, stack(0x00000060ca300000,0x00000060ca400000)]
  0x00000230efc4f060 JavaThread "Unconstrained build operations Thread 28" [_thread_blocked, id=1660, stack(0x00000060ca400000,0x00000060ca500000)]
  0x00000230efc513d0 JavaThread "Unconstrained build operations Thread 29" [_thread_blocked, id=13188, stack(0x00000060ca500000,0x00000060ca600000)]
  0x00000230efc51df0 JavaThread "Unconstrained build operations Thread 30" [_thread_blocked, id=5632, stack(0x00000060ca600000,0x00000060ca700000)]
  0x00000230efc4fa80 JavaThread "Unconstrained build operations Thread 31" [_thread_blocked, id=17824, stack(0x00000060ca700000,0x00000060ca800000)]
  0x00000230efc4ff90 JavaThread "Unconstrained build operations Thread 32" [_thread_blocked, id=16736, stack(0x00000060ca800000,0x00000060ca900000)]
  0x00000230efc4f570 JavaThread "Unconstrained build operations Thread 33" [_thread_blocked, id=18988, stack(0x00000060ca900000,0x00000060caa00000)]
  0x00000230efc52810 JavaThread "Unconstrained build operations Thread 34" [_thread_blocked, id=6132, stack(0x00000060caa00000,0x00000060cab00000)]
  0x00000230efc518e0 JavaThread "Unconstrained build operations Thread 35" [_thread_blocked, id=13148, stack(0x00000060cab00000,0x00000060cac00000)]
  0x00000230efc53c50 JavaThread "Unconstrained build operations Thread 36" [_thread_blocked, id=7476, stack(0x00000060cac00000,0x00000060cad00000)]
  0x00000230efc54160 JavaThread "Unconstrained build operations Thread 37" [_thread_blocked, id=4740, stack(0x00000060cad00000,0x00000060cae00000)]
  0x00000230efc52d20 JavaThread "Unconstrained build operations Thread 38" [_thread_blocked, id=20884, stack(0x00000060cae00000,0x00000060caf00000)]
  0x00000230efc509b0 JavaThread "Unconstrained build operations Thread 39" [_thread_blocked, id=18956, stack(0x00000060caf00000,0x00000060cb000000)]
  0x00000230efc53230 JavaThread "Unconstrained build operations Thread 40" [_thread_blocked, id=18984, stack(0x00000060cb000000,0x00000060cb100000)]
  0x00000230efc53740 JavaThread "Unconstrained build operations Thread 41" [_thread_blocked, id=19972, stack(0x00000060cb100000,0x00000060cb200000)]
  0x00000230efc54670 JavaThread "Unconstrained build operations Thread 42" [_thread_blocked, id=3304, stack(0x00000060cb200000,0x00000060cb300000)]
  0x00000230efc54b80 JavaThread "Unconstrained build operations Thread 43" [_thread_blocked, id=9040, stack(0x00000060cb400000,0x00000060cb500000)]
  0x00000230efc55090 JavaThread "Unconstrained build operations Thread 44" [_thread_blocked, id=18436, stack(0x00000060cb500000,0x00000060cb600000)]
  0x00000230efc555a0 JavaThread "Unconstrained build operations Thread 45" [_thread_blocked, id=4872, stack(0x00000060cb300000,0x00000060cb400000)]
  0x00000230efc55fc0 JavaThread "Unconstrained build operations Thread 46" [_thread_blocked, id=11636, stack(0x00000060cb600000,0x00000060cb700000)]
  0x00000230efc564d0 JavaThread "Unconstrained build operations Thread 47" [_thread_blocked, id=4256, stack(0x00000060cb700000,0x00000060cb800000)]
  0x00000230efc569e0 JavaThread "Unconstrained build operations Thread 48" [_thread_blocked, id=11308, stack(0x00000060cb800000,0x00000060cb900000)]
  0x00000230ea982300 JavaThread "Unconstrained build operations Thread 49" [_thread_blocked, id=13776, stack(0x00000060cb900000,0x00000060cba00000)]
  0x00000230ea982810 JavaThread "Unconstrained build operations Thread 50" [_thread_blocked, id=4120, stack(0x00000060cba00000,0x00000060cbb00000)]
  0x00000230ea97f060 JavaThread "Unconstrained build operations Thread 51" [_thread_blocked, id=17188, stack(0x00000060cbb00000,0x00000060cbc00000)]
  0x00000230ea97fa80 JavaThread "Unconstrained build operations Thread 52" [_thread_blocked, id=8240, stack(0x00000060cbc00000,0x00000060cbd00000)]
  0x00000230ea982d20 JavaThread "Unconstrained build operations Thread 53" [_thread_blocked, id=1360, stack(0x00000060cbd00000,0x00000060cbe00000)]
  0x00000230ea97f570 JavaThread "Unconstrained build operations Thread 54" [_thread_blocked, id=14896, stack(0x00000060cbe00000,0x00000060cbf00000)]
  0x00000230ea9809b0 JavaThread "Unconstrained build operations Thread 55" [_thread_blocked, id=348, stack(0x00000060cbf00000,0x00000060cc000000)]
  0x00000230ea983230 JavaThread "Unconstrained build operations Thread 56" [_thread_blocked, id=4840, stack(0x00000060cc000000,0x00000060cc100000)]
  0x00000230ea983740 JavaThread "Unconstrained build operations Thread 57" [_thread_blocked, id=1992, stack(0x00000060cc100000,0x00000060cc200000)]
  0x00000230ea97ff90 JavaThread "Unconstrained build operations Thread 58" [_thread_blocked, id=13752, stack(0x00000060cc200000,0x00000060cc300000)]
  0x00000230ea980ec0 JavaThread "Unconstrained build operations Thread 59" [_thread_blocked, id=9928, stack(0x00000060cc400000,0x00000060cc500000)]
  0x00000230ea983c50 JavaThread "Unconstrained build operations Thread 60" [_thread_blocked, id=18612, stack(0x00000060cc500000,0x00000060cc600000)]
  0x00000230ea9818e0 JavaThread "Unconstrained build operations Thread 61" [_thread_blocked, id=5496, stack(0x00000060cc600000,0x00000060cc700000)]
  0x00000230ea981df0 JavaThread "Unconstrained build operations Thread 62" [_thread_blocked, id=17828, stack(0x00000060cc700000,0x00000060cc800000)]
  0x00000230ea9804a0 JavaThread "Unconstrained build operations Thread 63" [_thread_blocked, id=20232, stack(0x00000060cc800000,0x00000060cc900000)]
  0x00000230ea984160 JavaThread "Unconstrained build operations Thread 64" [_thread_blocked, id=5892, stack(0x00000060cc900000,0x00000060cca00000)]
  0x00000230ea984670 JavaThread "Unconstrained build operations Thread 65" [_thread_blocked, id=20324, stack(0x00000060cca00000,0x00000060ccb00000)]
  0x00000230ea9813d0 JavaThread "jar transforms Thread 2" [_thread_blocked, id=20764, stack(0x00000060ccc00000,0x00000060ccd00000)]
  0x00000230ea985090 JavaThread "jar transforms Thread 3" [_thread_blocked, id=1488, stack(0x00000060ccd00000,0x00000060cce00000)]
  0x00000230ea9855a0 JavaThread "Unconstrained build operations Thread 66" [_thread_blocked, id=21192, stack(0x00000060cce00000,0x00000060ccf00000)]
  0x00000230ea985ab0 JavaThread "Unconstrained build operations Thread 67" [_thread_blocked, id=15212, stack(0x00000060ccf00000,0x00000060cd000000)]
  0x00000230ea985fc0 JavaThread "Unconstrained build operations Thread 68" [_thread_blocked, id=5704, stack(0x00000060cd000000,0x00000060cd100000)]
  0x00000230ea9864d0 JavaThread "Unconstrained build operations Thread 69" [_thread_blocked, id=21372, stack(0x00000060cd100000,0x00000060cd200000)]
  0x00000230ea9869e0 JavaThread "Unconstrained build operations Thread 70" [_thread_blocked, id=8092, stack(0x00000060cd200000,0x00000060cd300000)]
  0x00000230ebe9a580 JavaThread "Unconstrained build operations Thread 71" [_thread_blocked, id=17500, stack(0x00000060cd300000,0x00000060cd400000)]
  0x00000230ebc38320 JavaThread "Unconstrained build operations Thread 72" [_thread_blocked, id=16236, stack(0x00000060cd400000,0x00000060cd500000)]
  0x00000230ebc3a690 JavaThread "Unconstrained build operations Thread 73" [_thread_blocked, id=20692, stack(0x00000060cd500000,0x00000060cd600000)]
  0x00000230ebc38830 JavaThread "Unconstrained build operations Thread 74" [_thread_blocked, id=20124, stack(0x00000060cd600000,0x00000060cd700000)]
  0x00000230ebc37e10 JavaThread "Unconstrained build operations Thread 75" [_thread_blocked, id=5256, stack(0x00000060cd700000,0x00000060cd800000)]
  0x00000230ebc38d40 JavaThread "Unconstrained build operations Thread 76" [_thread_blocked, id=19268, stack(0x00000060cd800000,0x00000060cd900000)]
  0x00000230ebc39250 JavaThread "Unconstrained build operations Thread 77" [_thread_blocked, id=17080, stack(0x00000060cd900000,0x00000060cda00000)]
  0x00000230ebc3a180 JavaThread "Unconstrained build operations Thread 78" [_thread_blocked, id=5220, stack(0x00000060cda00000,0x00000060cdb00000)]
  0x00000230ebc39760 JavaThread "Unconstrained build operations Thread 79" [_thread_blocked, id=17492, stack(0x00000060cdb00000,0x00000060cdc00000)]
  0x00000230ebc39c70 JavaThread "Unconstrained build operations Thread 80" [_thread_blocked, id=1608, stack(0x00000060cdc00000,0x00000060cdd00000)]
  0x00000230ebc3aba0 JavaThread "jar transforms Thread 4" [_thread_blocked, id=20012, stack(0x00000060cdd00000,0x00000060cde00000)]
  0x00000230ebc37900 JavaThread "Problems report writer" [_thread_blocked, id=18732, stack(0x00000060cde00000,0x00000060cdf00000)]
  0x00000230ebc3de40 JavaThread "jar transforms Thread 5" [_thread_blocked, id=6288, stack(0x00000060cdf00000,0x00000060ce000000)]
  0x00000230ebc3f280 JavaThread "build event listener" [_thread_blocked, id=9328, stack(0x00000060ce000000,0x00000060ce100000)]
  0x00000230ebc3bad0 JavaThread "jar transforms Thread 6" [_thread_blocked, id=2648, stack(0x00000060ce100000,0x00000060ce200000)]
  0x00000230ef00f520 JavaThread "jar transforms Thread 7" [_thread_blocked, id=18532, stack(0x00000060ce200000,0x00000060ce300000)]
  0x00000230ef00fa30 JavaThread "jar transforms Thread 8" [_thread_blocked, id=11772, stack(0x00000060ce300000,0x00000060ce400000)]

Other Threads:
=>0x00000230b014f4c0 VMThread "VM Thread" [stack: 0x00000060c4f00000,0x00000060c5000000] [id=11528]
  0x00000230b0540030 WatcherThread [stack: 0x00000060c5b00000,0x00000060c5c00000] [id=21360]
  0x000002308b598070 GCTaskThread "GC Thread#0" [stack: 0x00000060c4a00000,0x00000060c4b00000] [id=10332]
  0x00000230b05439e0 GCTaskThread "GC Thread#1" [stack: 0x00000060c5d00000,0x00000060c5e00000] [id=18360]
  0x00000230b0678a00 GCTaskThread "GC Thread#2" [stack: 0x00000060c5e00000,0x00000060c5f00000] [id=1936]
  0x00000230b0678cc0 GCTaskThread "GC Thread#3" [stack: 0x00000060c5f00000,0x00000060c6000000] [id=12272]
  0x00000230b07d25b0 GCTaskThread "GC Thread#4" [stack: 0x00000060c6000000,0x00000060c6100000] [id=6224]
  0x00000230b07e3bb0 GCTaskThread "GC Thread#5" [stack: 0x00000060c6100000,0x00000060c6200000] [id=8344]
  0x00000230eac53d50 GCTaskThread "GC Thread#6" [stack: 0x00000060c6400000,0x00000060c6500000] [id=5960]
  0x00000230eb3aea60 GCTaskThread "GC Thread#7" [stack: 0x00000060c6500000,0x00000060c6600000] [id=3748]
  0x000002308b5a9ba0 ConcurrentGCThread "G1 Main Marker" [stack: 0x00000060c4b00000,0x00000060c4c00000] [id=12428]
  0x000002308b5aa4c0 ConcurrentGCThread "G1 Conc#0" [stack: 0x00000060c4c00000,0x00000060c4d00000] [id=20296]
  0x00000230ec4e2cc0 ConcurrentGCThread "G1 Conc#1" [stack: 0x00000060c7400000,0x00000060c7500000] [id=10348]
  0x000002308b5ed290 ConcurrentGCThread "G1 Refine#0" [stack: 0x00000060c4d00000,0x00000060c4e00000] [id=14272]
  0x00000230ebac67f0 ConcurrentGCThread "G1 Refine#1" [stack: 0x00000060c7700000,0x00000060c7800000] [id=18652]
  0x00000230ebac5f20 ConcurrentGCThread "G1 Refine#2" [stack: 0x00000060c7800000,0x00000060c7900000] [id=5784]
  0x00000230eed927a0 ConcurrentGCThread "G1 Refine#3" [stack: 0x00000060c7900000,0x00000060c7a00000] [id=18064]
  0x000002308b5edbd0 ConcurrentGCThread "G1 Service" [stack: 0x00000060c4e00000,0x00000060c4f00000] [id=2612]

Threads with active compile tasks:
C2 CompilerThread0    28991 19223       4       org.gradle.api.internal.artifacts.ivyservice.resolveengine.graph.builder.DependencyGraphBuilder::resolveEdges (47 bytes)

VM state: at safepoint (normal execution)

VM Mutex/Monitor currently owned by a thread:  ([mutex/lock_event])
[0x000002308b523430] Threads_lock - owner thread: 0x00000230b014f4c0
[0x000002308b5226b0] Heap_lock - owner thread: 0x00000230ee8def90

Heap address: 0x0000000700000000, size: 4096 MB, Compressed Oops mode: Zero based, Oop shift amount: 3

CDS archive(s) mapped at: [0x00000230b1000000-0x00000230b1bd0000-0x00000230b1bd0000), size 12386304, SharedBaseAddress: 0x00000230b1000000, ArchiveRelocationMode: 1.
Compressed class space mapped at: 0x00000230b2000000-0x00000230e6000000, reserved size: 872415232
Narrow klass base: 0x00000230b1000000, Narrow klass shift: 0, Narrow klass range: 0x100000000

GC Precious Log:
 CPUs: 8 total, 8 available
 Memory: 16197M
 Large Page Support: Disabled
 NUMA Support: Disabled
 Compressed Oops: Enabled (Zero based)
 Heap Region Size: 2M
 Heap Min Capacity: 8M
 Heap Initial Capacity: 254M
 Heap Max Capacity: 4G
 Pre-touch: Disabled
 Parallel Workers: 8
 Concurrent Workers: 2
 Concurrent Refinement Workers: 8
 Periodic GC: Disabled

Heap:
 garbage-first heap   total 786432K, used 427938K [0x0000000700000000, 0x0000000800000000)
  region size 2048K, 13 young (26624K), 13 survivors (26624K)
 Metaspace       used 112528K, committed 114560K, reserved 983040K
  class space    used 15592K, committed 16448K, reserved 851968K

Heap Regions: E=young(eden), S=young(survivor), O=old, HS=humongous(starts), HC=humongous(continues), CS=collection set, F=free, OA=open archive, CA=closed archive, TAMS=top-at-mark-start (previous, next)
|   0|0x0000000700000000, 0x0000000700200000, 0x0000000700200000|100%|HS|  |TAMS 0x0000000700200000, 0x0000000700000000| Complete 
|   1|0x0000000700200000, 0x0000000700400000, 0x0000000700400000|100%|HC|  |TAMS 0x0000000700400000, 0x0000000700200000| Complete 
|   2|0x0000000700400000, 0x0000000700600000, 0x0000000700600000|100%| O|  |TAMS 0x0000000700600000, 0x0000000700400000| Untracked 
|   3|0x0000000700600000, 0x0000000700800000, 0x0000000700800000|100%| O|  |TAMS 0x0000000700800000, 0x0000000700600000| Untracked 
|   4|0x0000000700800000, 0x0000000700a00000, 0x0000000700a00000|100%| O|  |TAMS 0x0000000700a00000, 0x0000000700800000| Untracked 
|   5|0x0000000700a00000, 0x0000000700c00000, 0x0000000700c00000|100%| O|  |TAMS 0x0000000700c00000, 0x0000000700a00000| Untracked 
|   6|0x0000000700c00000, 0x0000000700e00000, 0x0000000700e00000|100%| O|  |TAMS 0x0000000700e00000, 0x0000000700c00000| Untracked 
|   7|0x0000000700e00000, 0x0000000701000000, 0x0000000701000000|100%| O|  |TAMS 0x0000000701000000, 0x0000000700e00000| Untracked 
|   8|0x0000000701000000, 0x0000000701200000, 0x0000000701200000|100%| O|  |TAMS 0x0000000701200000, 0x0000000701000000| Untracked 
|   9|0x0000000701200000, 0x0000000701400000, 0x0000000701400000|100%| O|  |TAMS 0x0000000701400000, 0x0000000701200000| Untracked 
|  10|0x0000000701400000, 0x0000000701600000, 0x0000000701600000|100%| O|  |TAMS 0x0000000701600000, 0x0000000701400000| Untracked 
|  11|0x0000000701600000, 0x0000000701800000, 0x0000000701800000|100%| O|  |TAMS 0x0000000701800000, 0x0000000701600000| Untracked 
|  12|0x0000000701800000, 0x0000000701a00000, 0x0000000701a00000|100%| O|  |TAMS 0x0000000701a00000, 0x0000000701800000| Untracked 
|  13|0x0000000701a00000, 0x0000000701c00000, 0x0000000701c00000|100%| O|  |TAMS 0x0000000701c00000, 0x0000000701a00000| Untracked 
|  14|0x0000000701c00000, 0x0000000701e00000, 0x0000000701e00000|100%| O|  |TAMS 0x0000000701e00000, 0x0000000701c00000| Untracked 
|  15|0x0000000701e00000, 0x0000000702000000, 0x0000000702000000|100%| O|  |TAMS 0x0000000702000000, 0x0000000701e00000| Untracked 
|  16|0x0000000702000000, 0x0000000702200000, 0x0000000702200000|100%| O|  |TAMS 0x0000000702200000, 0x0000000702000000| Untracked 
|  17|0x0000000702200000, 0x0000000702400000, 0x0000000702400000|100%| O|  |TAMS 0x0000000702400000, 0x0000000702200000| Untracked 
|  18|0x0000000702400000, 0x0000000702600000, 0x0000000702600000|100%| O|  |TAMS 0x0000000702600000, 0x0000000702400000| Untracked 
|  19|0x0000000702600000, 0x0000000702800000, 0x0000000702800000|100%| O|  |TAMS 0x0000000702800000, 0x0000000702600000| Untracked 
|  20|0x0000000702800000, 0x0000000702a00000, 0x0000000702a00000|100%| O|  |TAMS 0x0000000702800000, 0x0000000702800000| Untracked 
|  21|0x0000000702a00000, 0x0000000702c00000, 0x0000000702c00000|100%|HS|  |TAMS 0x0000000702c00000, 0x0000000702a00000| Complete 
|  22|0x0000000702c00000, 0x0000000702e00000, 0x0000000702e00000|100%|HS|  |TAMS 0x0000000702e00000, 0x0000000702c00000| Complete 
|  23|0x0000000702e00000, 0x0000000703000000, 0x0000000703000000|100%| O|  |TAMS 0x0000000703000000, 0x0000000702e00000| Untracked 
|  24|0x0000000703000000, 0x0000000703200000, 0x0000000703200000|100%| O|  |TAMS 0x0000000703200000, 0x0000000703000000| Untracked 
|  25|0x0000000703200000, 0x0000000703400000, 0x0000000703400000|100%| O|  |TAMS 0x0000000703400000, 0x0000000703200000| Untracked 
|  26|0x0000000703400000, 0x0000000703600000, 0x0000000703600000|100%| O|  |TAMS 0x0000000703600000, 0x0000000703400000| Untracked 
|  27|0x0000000703600000, 0x0000000703800000, 0x0000000703800000|100%| O|  |TAMS 0x0000000703800000, 0x0000000703600000| Untracked 
|  28|0x0000000703800000, 0x0000000703a00000, 0x0000000703a00000|100%| O|  |TAMS 0x0000000703a00000, 0x0000000703800000| Untracked 
|  29|0x0000000703a00000, 0x0000000703c00000, 0x0000000703c00000|100%| O|  |TAMS 0x0000000703a00000, 0x0000000703a00000| Untracked 
|  30|0x0000000703c00000, 0x0000000703e00000, 0x0000000703e00000|100%| O|  |TAMS 0x0000000703e00000, 0x0000000703c00000| Untracked 
|  31|0x0000000703e00000, 0x0000000704000000, 0x0000000704000000|100%| O|  |TAMS 0x0000000704000000, 0x0000000703e00000| Untracked 
|  32|0x0000000704000000, 0x0000000704200000, 0x0000000704200000|100%| O|  |TAMS 0x0000000704200000, 0x0000000704000000| Untracked 
|  33|0x0000000704200000, 0x0000000704400000, 0x0000000704400000|100%| O|  |TAMS 0x0000000704400000, 0x0000000704200000| Untracked 
|  34|0x0000000704400000, 0x0000000704600000, 0x0000000704600000|100%| O|  |TAMS 0x0000000704600000, 0x0000000704400000| Untracked 
|  35|0x0000000704600000, 0x0000000704800000, 0x0000000704800000|100%| O|  |TAMS 0x0000000704800000, 0x0000000704600000| Untracked 
|  36|0x0000000704800000, 0x0000000704a00000, 0x0000000704a00000|100%| O|  |TAMS 0x0000000704800000, 0x0000000704800000| Untracked 
|  37|0x0000000704a00000, 0x0000000704c00000, 0x0000000704c00000|100%| O|  |TAMS 0x0000000704a00000, 0x0000000704a00000| Untracked 
|  38|0x0000000704c00000, 0x0000000704e00000, 0x0000000704e00000|100%| O|  |TAMS 0x0000000704e00000, 0x0000000704c00000| Untracked 
|  39|0x0000000704e00000, 0x0000000705000000, 0x0000000705000000|100%| O|  |TAMS 0x0000000705000000, 0x0000000704e00000| Untracked 
|  40|0x0000000705000000, 0x0000000705200000, 0x0000000705200000|100%| O|  |TAMS 0x0000000705200000, 0x0000000705000000| Untracked 
|  41|0x0000000705200000, 0x0000000705400000, 0x0000000705400000|100%| O|  |TAMS 0x0000000705400000, 0x0000000705200000| Untracked 
|  42|0x0000000705400000, 0x0000000705600000, 0x0000000705600000|100%| O|  |TAMS 0x00000007054a0a00, 0x0000000705400000| Untracked 
|  43|0x0000000705600000, 0x0000000705800000, 0x0000000705800000|100%|HS|  |TAMS 0x0000000705600000, 0x0000000705600000| Complete 
|  44|0x0000000705800000, 0x0000000705a00000, 0x0000000705a00000|100%| O|  |TAMS 0x0000000705800000, 0x0000000705800000| Untracked 
|  45|0x0000000705a00000, 0x0000000705c00000, 0x0000000705c00000|100%| O|  |TAMS 0x0000000705a00000, 0x0000000705a00000| Untracked 
|  46|0x0000000705c00000, 0x0000000705e00000, 0x0000000705e00000|100%| O|  |TAMS 0x0000000705c00000, 0x0000000705c00000| Untracked 
|  47|0x0000000705e00000, 0x0000000706000000, 0x0000000706000000|100%| O|  |TAMS 0x0000000705e00000, 0x0000000705e00000| Untracked 
|  48|0x0000000706000000, 0x0000000706200000, 0x0000000706200000|100%| O|  |TAMS 0x0000000706000000, 0x0000000706000000| Untracked 
|  49|0x0000000706200000, 0x0000000706400000, 0x0000000706400000|100%| O|  |TAMS 0x0000000706200000, 0x0000000706200000| Untracked 
|  50|0x0000000706400000, 0x0000000706600000, 0x0000000706600000|100%| O|  |TAMS 0x0000000706400000, 0x0000000706400000| Untracked 
|  51|0x0000000706600000, 0x0000000706800000, 0x0000000706800000|100%| O|  |TAMS 0x0000000706600000, 0x0000000706600000| Untracked 
|  52|0x0000000706800000, 0x0000000706a00000, 0x0000000706a00000|100%| O|  |TAMS 0x0000000706800000, 0x0000000706800000| Untracked 
|  53|0x0000000706a00000, 0x0000000706c00000, 0x0000000706c00000|100%| O|  |TAMS 0x0000000706a00000, 0x0000000706a00000| Untracked 
|  54|0x0000000706c00000, 0x0000000706e00000, 0x0000000706e00000|100%| O|  |TAMS 0x0000000706c00000, 0x0000000706c00000| Untracked 
|  55|0x0000000706e00000, 0x0000000707000000, 0x0000000707000000|100%| O|  |TAMS 0x0000000706e00000, 0x0000000706e00000| Untracked 
|  56|0x0000000707000000, 0x0000000707200000, 0x0000000707200000|100%| O|  |TAMS 0x0000000707000000, 0x0000000707000000| Untracked 
|  57|0x0000000707200000, 0x0000000707400000, 0x0000000707400000|100%| O|  |TAMS 0x0000000707200000, 0x0000000707200000| Untracked 
|  58|0x0000000707400000, 0x0000000707600000, 0x0000000707600000|100%| O|  |TAMS 0x0000000707400000, 0x0000000707400000| Untracked 
|  59|0x0000000707600000, 0x0000000707800000, 0x0000000707800000|100%| O|  |TAMS 0x0000000707600000, 0x0000000707600000| Untracked 
|  60|0x0000000707800000, 0x0000000707a00000, 0x0000000707a00000|100%| O|  |TAMS 0x0000000707800000, 0x0000000707800000| Untracked 
|  61|0x0000000707a00000, 0x0000000707c00000, 0x0000000707c00000|100%| O|  |TAMS 0x0000000707a00000, 0x0000000707a00000| Untracked 
|  62|0x0000000707c00000, 0x0000000707e00000, 0x0000000707e00000|100%| O|  |TAMS 0x0000000707c00000, 0x0000000707c00000| Untracked 
|  63|0x0000000707e00000, 0x0000000708000000, 0x0000000708000000|100%| O|  |TAMS 0x0000000707e00000, 0x0000000707e00000| Untracked 
|  64|0x0000000708000000, 0x0000000708200000, 0x0000000708200000|100%| O|  |TAMS 0x0000000708000000, 0x0000000708000000| Untracked 
|  65|0x0000000708200000, 0x0000000708400000, 0x0000000708400000|100%| O|  |TAMS 0x0000000708200000, 0x0000000708200000| Untracked 
|  66|0x0000000708400000, 0x0000000708600000, 0x0000000708600000|100%| O|  |TAMS 0x0000000708400000, 0x0000000708400000| Untracked 
|  67|0x0000000708600000, 0x0000000708800000, 0x0000000708800000|100%| O|  |TAMS 0x0000000708600000, 0x0000000708600000| Untracked 
|  68|0x0000000708800000, 0x0000000708a00000, 0x0000000708a00000|100%| O|  |TAMS 0x0000000708800000, 0x0000000708800000| Untracked 
|  69|0x0000000708a00000, 0x0000000708c00000, 0x0000000708c00000|100%| O|  |TAMS 0x0000000708a00000, 0x0000000708a00000| Untracked 
|  70|0x0000000708c00000, 0x0000000708e00000, 0x0000000708e00000|100%| O|  |TAMS 0x0000000708c00000, 0x0000000708c00000| Untracked 
|  71|0x0000000708e00000, 0x0000000709000000, 0x0000000709000000|100%| O|  |TAMS 0x0000000708e00000, 0x0000000708e00000| Untracked 
|  72|0x0000000709000000, 0x0000000709200000, 0x0000000709200000|100%| O|  |TAMS 0x0000000709000000, 0x0000000709000000| Untracked 
|  73|0x0000000709200000, 0x0000000709400000, 0x0000000709400000|100%|HS|  |TAMS 0x0000000709200000, 0x0000000709200000| Complete 
|  74|0x0000000709400000, 0x0000000709600000, 0x0000000709600000|100%|HC|  |TAMS 0x0000000709400000, 0x0000000709400000| Complete 
|  75|0x0000000709600000, 0x0000000709800000, 0x0000000709800000|100%|HS|  |TAMS 0x0000000709600000, 0x0000000709600000| Complete 
|  76|0x0000000709800000, 0x0000000709a00000, 0x0000000709a00000|100%| O|  |TAMS 0x0000000709800000, 0x0000000709800000| Untracked 
|  77|0x0000000709a00000, 0x0000000709c00000, 0x0000000709c00000|100%| O|  |TAMS 0x0000000709a00000, 0x0000000709a00000| Untracked 
|  78|0x0000000709c00000, 0x0000000709e00000, 0x0000000709e00000|100%| O|  |TAMS 0x0000000709c00000, 0x0000000709c00000| Untracked 
|  79|0x0000000709e00000, 0x000000070a000000, 0x000000070a000000|100%| O|  |TAMS 0x0000000709e00000, 0x0000000709e00000| Untracked 
|  80|0x000000070a000000, 0x000000070a200000, 0x000000070a200000|100%| O|  |TAMS 0x000000070a000000, 0x000000070a000000| Untracked 
|  81|0x000000070a200000, 0x000000070a400000, 0x000000070a400000|100%| O|  |TAMS 0x000000070a200000, 0x000000070a200000| Untracked 
|  82|0x000000070a400000, 0x000000070a600000, 0x000000070a600000|100%| O|  |TAMS 0x000000070a400000, 0x000000070a400000| Untracked 
|  83|0x000000070a600000, 0x000000070a800000, 0x000000070a800000|100%| O|  |TAMS 0x000000070a600000, 0x000000070a600000| Untracked 
|  84|0x000000070a800000, 0x000000070aa00000, 0x000000070aa00000|100%| O|  |TAMS 0x000000070a800000, 0x000000070a800000| Untracked 
|  85|0x000000070aa00000, 0x000000070ac00000, 0x000000070ac00000|100%| O|  |TAMS 0x000000070aa00000, 0x000000070aa00000| Untracked 
|  86|0x000000070ac00000, 0x000000070ae00000, 0x000000070ae00000|100%| O|  |TAMS 0x000000070ac00000, 0x000000070ac00000| Untracked 
|  87|0x000000070ae00000, 0x000000070b000000, 0x000000070b000000|100%|HS|  |TAMS 0x000000070ae00000, 0x000000070ae00000| Complete 
|  88|0x000000070b000000, 0x000000070b200000, 0x000000070b200000|100%|HS|  |TAMS 0x000000070b000000, 0x000000070b000000| Complete 
|  89|0x000000070b200000, 0x000000070b400000, 0x000000070b400000|100%|HC|  |TAMS 0x000000070b200000, 0x000000070b200000| Complete 
|  90|0x000000070b400000, 0x000000070b600000, 0x000000070b600000|100%| O|  |TAMS 0x000000070b400000, 0x000000070b400000| Untracked 
|  91|0x000000070b600000, 0x000000070b800000, 0x000000070b800000|100%| O|  |TAMS 0x000000070b600000, 0x000000070b600000| Untracked 
|  92|0x000000070b800000, 0x000000070ba00000, 0x000000070ba00000|100%| O|  |TAMS 0x000000070b800000, 0x000000070b800000| Untracked 
|  93|0x000000070ba00000, 0x000000070bc00000, 0x000000070bc00000|100%| O|  |TAMS 0x000000070ba00000, 0x000000070ba00000| Untracked 
|  94|0x000000070bc00000, 0x000000070be00000, 0x000000070be00000|100%| O|  |TAMS 0x000000070bc00000, 0x000000070bc00000| Untracked 
|  95|0x000000070be00000, 0x000000070c000000, 0x000000070c000000|100%| O|  |TAMS 0x000000070be00000, 0x000000070be00000| Untracked 
|  96|0x000000070c000000, 0x000000070c200000, 0x000000070c200000|100%| O|  |TAMS 0x000000070c000000, 0x000000070c000000| Untracked 
|  97|0x000000070c200000, 0x000000070c400000, 0x000000070c400000|100%| O|  |TAMS 0x000000070c200000, 0x000000070c200000| Untracked 
|  98|0x000000070c400000, 0x000000070c600000, 0x000000070c600000|100%| O|  |TAMS 0x000000070c400000, 0x000000070c400000| Untracked 
|  99|0x000000070c600000, 0x000000070c800000, 0x000000070c800000|100%| O|  |TAMS 0x000000070c600000, 0x000000070c600000| Untracked 
| 100|0x000000070c800000, 0x000000070ca00000, 0x000000070ca00000|100%| O|  |TAMS 0x000000070c800000, 0x000000070c800000| Untracked 
| 101|0x000000070ca00000, 0x000000070cc00000, 0x000000070cc00000|100%| O|  |TAMS 0x000000070ca00000, 0x000000070ca00000| Untracked 
| 102|0x000000070cc00000, 0x000000070ce00000, 0x000000070ce00000|100%| O|  |TAMS 0x000000070cc00000, 0x000000070cc00000| Untracked 
| 103|0x000000070ce00000, 0x000000070d000000, 0x000000070d000000|100%|HS|  |TAMS 0x000000070ce00000, 0x000000070ce00000| Complete 
| 104|0x000000070d000000, 0x000000070d200000, 0x000000070d200000|100%|HS|  |TAMS 0x000000070d000000, 0x000000070d000000| Complete 
| 105|0x000000070d200000, 0x000000070d400000, 0x000000070d400000|100%|HC|  |TAMS 0x000000070d200000, 0x000000070d200000| Complete 
| 106|0x000000070d400000, 0x000000070d600000, 0x000000070d600000|100%| O|  |TAMS 0x000000070d400000, 0x000000070d400000| Untracked 
| 107|0x000000070d600000, 0x000000070d800000, 0x000000070d800000|100%| O|  |TAMS 0x000000070d600000, 0x000000070d600000| Untracked 
| 108|0x000000070d800000, 0x000000070da00000, 0x000000070da00000|100%| O|  |TAMS 0x000000070d800000, 0x000000070d800000| Untracked 
| 109|0x000000070da00000, 0x000000070dc00000, 0x000000070dc00000|100%| O|  |TAMS 0x000000070da00000, 0x000000070da00000| Untracked 
| 110|0x000000070dc00000, 0x000000070de00000, 0x000000070de00000|100%| O|  |TAMS 0x000000070dc00000, 0x000000070dc00000| Untracked 
| 111|0x000000070de00000, 0x000000070e000000, 0x000000070e000000|100%| O|  |TAMS 0x000000070de00000, 0x000000070de00000| Untracked 
| 112|0x000000070e000000, 0x000000070e200000, 0x000000070e200000|100%| O|  |TAMS 0x000000070e000000, 0x000000070e000000| Untracked 
| 113|0x000000070e200000, 0x000000070e400000, 0x000000070e400000|100%| O|  |TAMS 0x000000070e200000, 0x000000070e200000| Untracked 
| 114|0x000000070e400000, 0x000000070e600000, 0x000000070e600000|100%| O|  |TAMS 0x000000070e400000, 0x000000070e400000| Untracked 
| 115|0x000000070e600000, 0x000000070e800000, 0x000000070e800000|100%| O|  |TAMS 0x000000070e600000, 0x000000070e600000| Untracked 
| 116|0x000000070e800000, 0x000000070ea00000, 0x000000070ea00000|100%| O|  |TAMS 0x000000070e800000, 0x000000070e800000| Untracked 
| 117|0x000000070ea00000, 0x000000070ec00000, 0x000000070ec00000|100%| O|  |TAMS 0x000000070ea00000, 0x000000070ea00000| Untracked 
| 118|0x000000070ec00000, 0x000000070ee00000, 0x000000070ee00000|100%| O|  |TAMS 0x000000070ec00000, 0x000000070ec00000| Untracked 
| 119|0x000000070ee00000, 0x000000070f000000, 0x000000070f000000|100%| O|  |TAMS 0x000000070ee00000, 0x000000070ee00000| Untracked 
| 120|0x000000070f000000, 0x000000070f200000, 0x000000070f200000|100%| O|  |TAMS 0x000000070f000000, 0x000000070f000000| Untracked 
| 121|0x000000070f200000, 0x000000070f400000, 0x000000070f400000|100%| O|  |TAMS 0x000000070f200000, 0x000000070f200000| Untracked 
| 122|0x000000070f400000, 0x000000070f600000, 0x000000070f600000|100%| O|  |TAMS 0x000000070f400000, 0x000000070f400000| Untracked 
| 123|0x000000070f600000, 0x000000070f800000, 0x000000070f800000|100%| O|  |TAMS 0x000000070f600000, 0x000000070f600000| Untracked 
| 124|0x000000070f800000, 0x000000070fa00000, 0x000000070fa00000|100%| O|  |TAMS 0x000000070f800000, 0x000000070f800000| Untracked 
| 125|0x000000070fa00000, 0x000000070fc00000, 0x000000070fc00000|100%| O|  |TAMS 0x000000070fa00000, 0x000000070fa00000| Untracked 
| 126|0x000000070fc00000, 0x000000070fe00000, 0x000000070fe00000|100%| O|  |TAMS 0x000000070fc00000, 0x000000070fc00000| Untracked 
| 127|0x000000070fe00000, 0x0000000710000000, 0x0000000710000000|100%| O|  |TAMS 0x000000070fe00000, 0x000000070fe00000| Untracked 
| 128|0x0000000710000000, 0x0000000710200000, 0x0000000710200000|100%| O|  |TAMS 0x0000000710000000, 0x0000000710000000| Untracked 
| 129|0x0000000710200000, 0x0000000710400000, 0x0000000710400000|100%| O|  |TAMS 0x0000000710200000, 0x0000000710200000| Untracked 
| 130|0x0000000710400000, 0x0000000710600000, 0x0000000710600000|100%| O|  |TAMS 0x0000000710400000, 0x0000000710400000| Untracked 
| 131|0x0000000710600000, 0x0000000710800000, 0x0000000710800000|100%| O|  |TAMS 0x0000000710600000, 0x0000000710600000| Untracked 
| 132|0x0000000710800000, 0x0000000710a00000, 0x0000000710a00000|100%| O|  |TAMS 0x0000000710800000, 0x0000000710800000| Untracked 
| 133|0x0000000710a00000, 0x0000000710c00000, 0x0000000710c00000|100%| O|  |TAMS 0x0000000710a00000, 0x0000000710a00000| Untracked 
| 134|0x0000000710c00000, 0x0000000710e00000, 0x0000000710e00000|100%| O|  |TAMS 0x0000000710c00000, 0x0000000710c00000| Untracked 
| 135|0x0000000710e00000, 0x0000000711000000, 0x0000000711000000|100%| O|  |TAMS 0x0000000710e00000, 0x0000000710e00000| Untracked 
| 136|0x0000000711000000, 0x0000000711200000, 0x0000000711200000|100%| O|  |TAMS 0x0000000711000000, 0x0000000711000000| Untracked 
| 137|0x0000000711200000, 0x0000000711400000, 0x0000000711400000|100%| O|  |TAMS 0x0000000711200000, 0x0000000711200000| Untracked 
| 138|0x0000000711400000, 0x0000000711600000, 0x0000000711600000|100%| O|  |TAMS 0x0000000711400000, 0x0000000711400000| Untracked 
| 139|0x0000000711600000, 0x0000000711800000, 0x0000000711800000|100%| O|  |TAMS 0x0000000711600000, 0x0000000711600000| Untracked 
| 140|0x0000000711800000, 0x0000000711a00000, 0x0000000711a00000|100%| O|  |TAMS 0x0000000711800000, 0x0000000711800000| Untracked 
| 141|0x0000000711a00000, 0x0000000711c00000, 0x0000000711c00000|100%| O|  |TAMS 0x0000000711a00000, 0x0000000711a00000| Untracked 
| 142|0x0000000711c00000, 0x0000000711e00000, 0x0000000711e00000|100%| O|  |TAMS 0x0000000711c00000, 0x0000000711c00000| Untracked 
| 143|0x0000000711e00000, 0x0000000712000000, 0x0000000712000000|100%| O|  |TAMS 0x0000000711e00000, 0x0000000711e00000| Untracked 
| 144|0x0000000712000000, 0x0000000712200000, 0x0000000712200000|100%| O|  |TAMS 0x0000000712000000, 0x0000000712000000| Untracked 
| 145|0x0000000712200000, 0x0000000712400000, 0x0000000712400000|100%| O|  |TAMS 0x0000000712200000, 0x0000000712200000| Untracked 
| 146|0x0000000712400000, 0x0000000712600000, 0x0000000712600000|100%| O|  |TAMS 0x0000000712400000, 0x0000000712400000| Untracked 
| 147|0x0000000712600000, 0x0000000712800000, 0x0000000712800000|100%| O|  |TAMS 0x0000000712600000, 0x0000000712600000| Untracked 
| 148|0x0000000712800000, 0x0000000712a00000, 0x0000000712a00000|100%| O|  |TAMS 0x0000000712800000, 0x0000000712800000| Untracked 
| 149|0x0000000712a00000, 0x0000000712c00000, 0x0000000712c00000|100%| O|  |TAMS 0x0000000712a00000, 0x0000000712a00000| Untracked 
| 150|0x0000000712c00000, 0x0000000712e00000, 0x0000000712e00000|100%|HS|  |TAMS 0x0000000712c00000, 0x0000000712c00000| Complete 
| 151|0x0000000712e00000, 0x0000000713000000, 0x0000000713000000|100%|HC|  |TAMS 0x0000000712e00000, 0x0000000712e00000| Complete 
| 152|0x0000000713000000, 0x0000000713200000, 0x0000000713200000|100%|HS|  |TAMS 0x0000000713000000, 0x0000000713000000| Complete 
| 153|0x0000000713200000, 0x0000000713400000, 0x0000000713400000|100%| O|  |TAMS 0x0000000713200000, 0x0000000713200000| Untracked 
| 154|0x0000000713400000, 0x0000000713600000, 0x0000000713600000|100%| O|  |TAMS 0x0000000713400000, 0x0000000713400000| Untracked 
| 155|0x0000000713600000, 0x0000000713800000, 0x0000000713800000|100%| O|  |TAMS 0x0000000713600000, 0x0000000713600000| Untracked 
| 156|0x0000000713800000, 0x0000000713a00000, 0x0000000713a00000|100%| O|  |TAMS 0x0000000713800000, 0x0000000713800000| Untracked 
| 157|0x0000000713a00000, 0x0000000713c00000, 0x0000000713c00000|100%| O|  |TAMS 0x0000000713a00000, 0x0000000713a00000| Untracked 
| 158|0x0000000713c00000, 0x0000000713e00000, 0x0000000713e00000|100%| O|  |TAMS 0x0000000713c00000, 0x0000000713c00000| Untracked 
| 159|0x0000000713e00000, 0x0000000714000000, 0x0000000714000000|100%| O|  |TAMS 0x0000000713e00000, 0x0000000713e00000| Untracked 
| 160|0x0000000714000000, 0x0000000714200000, 0x0000000714200000|100%| O|  |TAMS 0x0000000714000000, 0x0000000714000000| Untracked 
| 161|0x0000000714200000, 0x0000000714400000, 0x0000000714400000|100%| O|  |TAMS 0x0000000714200000, 0x0000000714200000| Untracked 
| 162|0x0000000714400000, 0x0000000714600000, 0x0000000714600000|100%| O|  |TAMS 0x0000000714400000, 0x0000000714400000| Untracked 
| 163|0x0000000714600000, 0x0000000714800000, 0x0000000714800000|100%| O|  |TAMS 0x0000000714600000, 0x0000000714600000| Untracked 
| 164|0x0000000714800000, 0x0000000714a00000, 0x0000000714a00000|100%| O|  |TAMS 0x0000000714800000, 0x0000000714800000| Untracked 
| 165|0x0000000714a00000, 0x0000000714c00000, 0x0000000714c00000|100%| O|  |TAMS 0x0000000714a00000, 0x0000000714a00000| Untracked 
| 166|0x0000000714c00000, 0x0000000714e00000, 0x0000000714e00000|100%| O|  |TAMS 0x0000000714c00000, 0x0000000714c00000| Untracked 
| 167|0x0000000714e00000, 0x0000000715000000, 0x0000000715000000|100%| O|  |TAMS 0x0000000714e00000, 0x0000000714e00000| Untracked 
| 168|0x0000000715000000, 0x0000000715200000, 0x0000000715200000|100%| O|  |TAMS 0x0000000715000000, 0x0000000715000000| Untracked 
| 169|0x0000000715200000, 0x0000000715400000, 0x0000000715400000|100%| O|  |TAMS 0x0000000715200000, 0x0000000715200000| Untracked 
| 170|0x0000000715400000, 0x0000000715600000, 0x0000000715600000|100%| O|  |TAMS 0x0000000715400000, 0x0000000715400000| Untracked 
| 171|0x0000000715600000, 0x0000000715800000, 0x0000000715800000|100%| O|  |TAMS 0x0000000715600000, 0x0000000715600000| Untracked 
| 172|0x0000000715800000, 0x0000000715a00000, 0x0000000715a00000|100%| O|  |TAMS 0x0000000715800000, 0x0000000715800000| Untracked 
| 173|0x0000000715a00000, 0x0000000715c00000, 0x0000000715c00000|100%| O|  |TAMS 0x0000000715a00000, 0x0000000715a00000| Untracked 
| 174|0x0000000715c00000, 0x0000000715e00000, 0x0000000715e00000|100%| O|  |TAMS 0x0000000715c00000, 0x0000000715c00000| Untracked 
| 175|0x0000000715e00000, 0x0000000716000000, 0x0000000716000000|100%| O|  |TAMS 0x0000000715e00000, 0x0000000715e00000| Untracked 
| 176|0x0000000716000000, 0x0000000716200000, 0x0000000716200000|100%| O|  |TAMS 0x0000000716000000, 0x0000000716000000| Untracked 
| 177|0x0000000716200000, 0x0000000716400000, 0x0000000716400000|100%| O|  |TAMS 0x0000000716200000, 0x0000000716200000| Untracked 
| 178|0x0000000716400000, 0x0000000716600000, 0x0000000716600000|100%| O|  |TAMS 0x0000000716400000, 0x0000000716400000| Untracked 
| 179|0x0000000716600000, 0x0000000716800000, 0x0000000716800000|100%| O|  |TAMS 0x0000000716600000, 0x0000000716600000| Untracked 
| 180|0x0000000716800000, 0x0000000716a00000, 0x0000000716a00000|100%| O|  |TAMS 0x0000000716800000, 0x0000000716800000| Untracked 
| 181|0x0000000716a00000, 0x0000000716c00000, 0x0000000716c00000|100%| O|  |TAMS 0x0000000716a00000, 0x0000000716a00000| Untracked 
| 182|0x0000000716c00000, 0x0000000716e00000, 0x0000000716e00000|100%| O|  |TAMS 0x0000000716c00000, 0x0000000716c00000| Untracked 
| 183|0x0000000716e00000, 0x0000000717000000, 0x0000000717000000|100%| O|  |TAMS 0x0000000716e00000, 0x0000000716e00000| Untracked 
| 184|0x0000000717000000, 0x0000000717200000, 0x0000000717200000|100%| O|  |TAMS 0x0000000717000000, 0x0000000717000000| Untracked 
| 185|0x0000000717200000, 0x0000000717400000, 0x0000000717400000|100%| O|  |TAMS 0x0000000717200000, 0x0000000717200000| Untracked 
| 186|0x0000000717400000, 0x0000000717600000, 0x0000000717600000|100%| O|  |TAMS 0x0000000717400000, 0x0000000717400000| Untracked 
| 187|0x0000000717600000, 0x0000000717800000, 0x0000000717800000|100%| O|  |TAMS 0x0000000717600000, 0x0000000717600000| Untracked 
| 188|0x0000000717800000, 0x0000000717a00000, 0x0000000717a00000|100%| O|  |TAMS 0x0000000717800000, 0x0000000717800000| Untracked 
| 189|0x0000000717a00000, 0x0000000717c00000, 0x0000000717c00000|100%| O|  |TAMS 0x0000000717a00000, 0x0000000717a00000| Untracked 
| 190|0x0000000717c00000, 0x0000000717e00000, 0x0000000717e00000|100%| O|  |TAMS 0x0000000717c00000, 0x0000000717c00000| Untracked 
| 191|0x0000000717e00000, 0x0000000718000000, 0x0000000718000000|100%| O|  |TAMS 0x0000000717e00000, 0x0000000717e00000| Untracked 
| 192|0x0000000718000000, 0x0000000718200000, 0x0000000718200000|100%| O|  |TAMS 0x0000000718000000, 0x0000000718000000| Untracked 
| 193|0x0000000718200000, 0x0000000718400000, 0x0000000718400000|100%| O|  |TAMS 0x0000000718200000, 0x0000000718200000| Untracked 
| 194|0x0000000718400000, 0x0000000718600000, 0x0000000718600000|100%| O|  |TAMS 0x0000000718400000, 0x0000000718400000| Untracked 
| 195|0x0000000718600000, 0x0000000718800000, 0x0000000718800000|100%| O|  |TAMS 0x0000000718600000, 0x0000000718600000| Untracked 
| 196|0x0000000718800000, 0x0000000718832c00, 0x0000000718a00000|  9%| O|  |TAMS 0x0000000718800000, 0x0000000718800000| Untracked 
| 197|0x0000000718a00000, 0x0000000718a00000, 0x0000000718c00000|  0%| F|  |TAMS 0x0000000718a00000, 0x0000000718a00000| Untracked 
| 198|0x0000000718c00000, 0x0000000718c00000, 0x0000000718e00000|  0%| F|  |TAMS 0x0000000718c00000, 0x0000000718c00000| Untracked 
| 199|0x0000000718e00000, 0x0000000718e00000, 0x0000000719000000|  0%| F|  |TAMS 0x0000000718e00000, 0x0000000718e00000| Untracked 
| 200|0x0000000719000000, 0x0000000719000000, 0x0000000719200000|  0%| F|  |TAMS 0x0000000719000000, 0x0000000719000000| Untracked 
| 201|0x0000000719200000, 0x0000000719200000, 0x0000000719400000|  0%| F|  |TAMS 0x0000000719200000, 0x0000000719200000| Untracked 
| 202|0x0000000719400000, 0x0000000719400000, 0x0000000719600000|  0%| F|  |TAMS 0x0000000719400000, 0x0000000719400000| Untracked 
| 203|0x0000000719600000, 0x0000000719600000, 0x0000000719800000|  0%| F|  |TAMS 0x0000000719600000, 0x0000000719600000| Untracked 
| 204|0x0000000719800000, 0x0000000719800000, 0x0000000719a00000|  0%| F|  |TAMS 0x0000000719800000, 0x0000000719800000| Untracked 
| 205|0x0000000719a00000, 0x0000000719a00000, 0x0000000719c00000|  0%| F|  |TAMS 0x0000000719a00000, 0x0000000719a00000| Untracked 
| 206|0x0000000719c00000, 0x0000000719c00000, 0x0000000719e00000|  0%| F|  |TAMS 0x0000000719c00000, 0x0000000719c00000| Untracked 
| 207|0x0000000719e00000, 0x0000000719e00000, 0x000000071a000000|  0%| F|  |TAMS 0x0000000719e00000, 0x0000000719e00000| Untracked 
| 208|0x000000071a000000, 0x000000071a000000, 0x000000071a200000|  0%| F|  |TAMS 0x000000071a000000, 0x000000071a000000| Untracked 
| 209|0x000000071a200000, 0x000000071a200000, 0x000000071a400000|  0%| F|  |TAMS 0x000000071a200000, 0x000000071a200000| Untracked 
| 210|0x000000071a400000, 0x000000071a400000, 0x000000071a600000|  0%| F|  |TAMS 0x000000071a400000, 0x000000071a400000| Untracked 
| 211|0x000000071a600000, 0x000000071a600000, 0x000000071a800000|  0%| F|  |TAMS 0x000000071a600000, 0x000000071a600000| Untracked 
| 212|0x000000071a800000, 0x000000071a800000, 0x000000071aa00000|  0%| F|  |TAMS 0x000000071a800000, 0x000000071a800000| Untracked 
| 213|0x000000071aa00000, 0x000000071aa00000, 0x000000071ac00000|  0%| F|  |TAMS 0x000000071aa00000, 0x000000071aa00000| Untracked 
| 214|0x000000071ac00000, 0x000000071ac00000, 0x000000071ae00000|  0%| F|  |TAMS 0x000000071ac00000, 0x000000071ac00000| Untracked 
| 215|0x000000071ae00000, 0x000000071ae00000, 0x000000071b000000|  0%| F|  |TAMS 0x000000071ae00000, 0x000000071ae00000| Untracked 
| 216|0x000000071b000000, 0x000000071b000000, 0x000000071b200000|  0%| F|  |TAMS 0x000000071b000000, 0x000000071b000000| Untracked 
| 217|0x000000071b200000, 0x000000071b200000, 0x000000071b400000|  0%| F|  |TAMS 0x000000071b200000, 0x000000071b200000| Untracked 
| 218|0x000000071b400000, 0x000000071b400000, 0x000000071b600000|  0%| F|  |TAMS 0x000000071b400000, 0x000000071b400000| Untracked 
| 219|0x000000071b600000, 0x000000071b600000, 0x000000071b800000|  0%| F|  |TAMS 0x000000071b600000, 0x000000071b600000| Untracked 
| 220|0x000000071b800000, 0x000000071b800000, 0x000000071ba00000|  0%| F|  |TAMS 0x000000071b800000, 0x000000071b800000| Untracked 
| 221|0x000000071ba00000, 0x000000071ba00000, 0x000000071bc00000|  0%| F|  |TAMS 0x000000071ba00000, 0x000000071ba00000| Untracked 
| 222|0x000000071bc00000, 0x000000071bc00000, 0x000000071be00000|  0%| F|  |TAMS 0x000000071bc00000, 0x000000071bc00000| Untracked 
| 223|0x000000071be00000, 0x000000071be00000, 0x000000071c000000|  0%| F|  |TAMS 0x000000071be00000, 0x000000071be00000| Untracked 
| 224|0x000000071c000000, 0x000000071c000000, 0x000000071c200000|  0%| F|  |TAMS 0x000000071c000000, 0x000000071c000000| Untracked 
| 225|0x000000071c200000, 0x000000071c200000, 0x000000071c400000|  0%| F|  |TAMS 0x000000071c200000, 0x000000071c200000| Untracked 
| 226|0x000000071c400000, 0x000000071c400000, 0x000000071c600000|  0%| F|  |TAMS 0x000000071c400000, 0x000000071c400000| Untracked 
| 227|0x000000071c600000, 0x000000071c600000, 0x000000071c800000|  0%| F|  |TAMS 0x000000071c600000, 0x000000071c600000| Untracked 
| 228|0x000000071c800000, 0x000000071c800000, 0x000000071ca00000|  0%| F|  |TAMS 0x000000071c800000, 0x000000071c800000| Untracked 
| 229|0x000000071ca00000, 0x000000071ca00000, 0x000000071cc00000|  0%| F|  |TAMS 0x000000071ca00000, 0x000000071ca00000| Untracked 
| 230|0x000000071cc00000, 0x000000071cc00000, 0x000000071ce00000|  0%| F|  |TAMS 0x000000071cc00000, 0x000000071cc00000| Untracked 
| 231|0x000000071ce00000, 0x000000071ce00000, 0x000000071d000000|  0%| F|  |TAMS 0x000000071ce00000, 0x000000071ce00000| Untracked 
| 232|0x000000071d000000, 0x000000071d000000, 0x000000071d200000|  0%| F|  |TAMS 0x000000071d000000, 0x000000071d000000| Untracked 
| 233|0x000000071d200000, 0x000000071d200000, 0x000000071d400000|  0%| F|  |TAMS 0x000000071d200000, 0x000000071d200000| Untracked 
| 234|0x000000071d400000, 0x000000071d400000, 0x000000071d600000|  0%| F|  |TAMS 0x000000071d400000, 0x000000071d400000| Untracked 
| 235|0x000000071d600000, 0x000000071d600000, 0x000000071d800000|  0%| F|  |TAMS 0x000000071d600000, 0x000000071d600000| Untracked 
| 236|0x000000071d800000, 0x000000071d800000, 0x000000071da00000|  0%| F|  |TAMS 0x000000071d800000, 0x000000071d800000| Untracked 
| 237|0x000000071da00000, 0x000000071da00000, 0x000000071dc00000|  0%| F|  |TAMS 0x000000071da00000, 0x000000071da00000| Untracked 
| 238|0x000000071dc00000, 0x000000071dc00000, 0x000000071de00000|  0%| F|  |TAMS 0x000000071dc00000, 0x000000071dc00000| Untracked 
| 239|0x000000071de00000, 0x000000071de00000, 0x000000071e000000|  0%| F|  |TAMS 0x000000071de00000, 0x000000071de00000| Untracked 
| 240|0x000000071e000000, 0x000000071e000000, 0x000000071e200000|  0%| F|  |TAMS 0x000000071e000000, 0x000000071e000000| Untracked 
| 241|0x000000071e200000, 0x000000071e200000, 0x000000071e400000|  0%| F|  |TAMS 0x000000071e200000, 0x000000071e200000| Untracked 
| 242|0x000000071e400000, 0x000000071e400000, 0x000000071e600000|  0%| F|  |TAMS 0x000000071e400000, 0x000000071e400000| Untracked 
| 243|0x000000071e600000, 0x000000071e600000, 0x000000071e800000|  0%| F|  |TAMS 0x000000071e600000, 0x000000071e600000| Untracked 
| 244|0x000000071e800000, 0x000000071e800000, 0x000000071ea00000|  0%| F|  |TAMS 0x000000071e800000, 0x000000071e800000| Untracked 
| 245|0x000000071ea00000, 0x000000071ea00000, 0x000000071ec00000|  0%| F|  |TAMS 0x000000071ea00000, 0x000000071ea00000| Untracked 
| 246|0x000000071ec00000, 0x000000071ec00000, 0x000000071ee00000|  0%| F|  |TAMS 0x000000071ec00000, 0x000000071ec00000| Untracked 
| 247|0x000000071ee00000, 0x000000071ee00000, 0x000000071f000000|  0%| F|  |TAMS 0x000000071ee00000, 0x000000071ee00000| Untracked 
| 248|0x000000071f000000, 0x000000071f000000, 0x000000071f200000|  0%| F|  |TAMS 0x000000071f000000, 0x000000071f000000| Untracked 
| 249|0x000000071f200000, 0x000000071f200000, 0x000000071f400000|  0%| F|  |TAMS 0x000000071f200000, 0x000000071f200000| Untracked 
| 250|0x000000071f400000, 0x000000071f5b5cc0, 0x000000071f600000| 85%| S|CS|TAMS 0x000000071f400000, 0x000000071f400000| Complete 
| 251|0x000000071f600000, 0x000000071f800000, 0x000000071f800000|100%| S|CS|TAMS 0x000000071f600000, 0x000000071f600000| Complete 
| 252|0x000000071f800000, 0x000000071fa00000, 0x000000071fa00000|100%| S|CS|TAMS 0x000000071f800000, 0x000000071f800000| Complete 
| 253|0x000000071fa00000, 0x000000071fc00000, 0x000000071fc00000|100%| S|CS|TAMS 0x000000071fa00000, 0x000000071fa00000| Complete 
| 254|0x000000071fc00000, 0x000000071fe00000, 0x000000071fe00000|100%| S|CS|TAMS 0x000000071fc00000, 0x000000071fc00000| Complete 
| 255|0x000000071fe00000, 0x0000000720000000, 0x0000000720000000|100%| S|CS|TAMS 0x000000071fe00000, 0x000000071fe00000| Complete 
| 256|0x0000000720000000, 0x0000000720200000, 0x0000000720200000|100%| S|CS|TAMS 0x0000000720000000, 0x0000000720000000| Complete 
| 257|0x0000000720200000, 0x0000000720400000, 0x0000000720400000|100%| S|CS|TAMS 0x0000000720200000, 0x0000000720200000| Complete 
| 258|0x0000000720400000, 0x0000000720400000, 0x0000000720600000|  0%| F|  |TAMS 0x0000000720400000, 0x0000000720400000| Untracked 
| 259|0x0000000720600000, 0x0000000720600000, 0x0000000720800000|  0%| F|  |TAMS 0x0000000720600000, 0x0000000720600000| Untracked 
| 260|0x0000000720800000, 0x0000000720a00000, 0x0000000720a00000|100%| S|CS|TAMS 0x0000000720800000, 0x0000000720800000| Complete 
| 261|0x0000000720a00000, 0x0000000720c00000, 0x0000000720c00000|100%| S|CS|TAMS 0x0000000720a00000, 0x0000000720a00000| Complete 
| 262|0x0000000720c00000, 0x0000000720c00000, 0x0000000720e00000|  0%| F|  |TAMS 0x0000000720c00000, 0x0000000720c00000| Untracked 
| 263|0x0000000720e00000, 0x0000000720e00000, 0x0000000721000000|  0%| F|  |TAMS 0x0000000720e00000, 0x0000000720e00000| Untracked 
| 264|0x0000000721000000, 0x0000000721000000, 0x0000000721200000|  0%| F|  |TAMS 0x0000000721000000, 0x0000000721000000| Untracked 
| 265|0x0000000721200000, 0x0000000721200000, 0x0000000721400000|  0%| F|  |TAMS 0x0000000721200000, 0x0000000721200000| Untracked 
| 266|0x0000000721400000, 0x0000000721400000, 0x0000000721600000|  0%| F|  |TAMS 0x0000000721400000, 0x0000000721400000| Untracked 
| 267|0x0000000721600000, 0x0000000721600000, 0x0000000721800000|  0%| F|  |TAMS 0x0000000721600000, 0x0000000721600000| Untracked 
| 268|0x0000000721800000, 0x0000000721a00000, 0x0000000721a00000|100%| S|CS|TAMS 0x0000000721800000, 0x0000000721800000| Complete 
| 269|0x0000000721a00000, 0x0000000721c00000, 0x0000000721c00000|100%| S|CS|TAMS 0x0000000721a00000, 0x0000000721a00000| Complete 
| 270|0x0000000721c00000, 0x0000000721e00000, 0x0000000721e00000|100%| S|CS|TAMS 0x0000000721c00000, 0x0000000721c00000| Complete 
| 271|0x0000000721e00000, 0x0000000721e00000, 0x0000000722000000|  0%| F|  |TAMS 0x0000000721e00000, 0x0000000721e00000| Untracked 
| 272|0x0000000722000000, 0x0000000722000000, 0x0000000722200000|  0%| F|  |TAMS 0x0000000722000000, 0x0000000722000000| Untracked 
| 273|0x0000000722200000, 0x0000000722200000, 0x0000000722400000|  0%| F|  |TAMS 0x0000000722200000, 0x0000000722200000| Untracked 
| 274|0x0000000722400000, 0x0000000722400000, 0x0000000722600000|  0%| F|  |TAMS 0x0000000722400000, 0x0000000722400000| Untracked 
| 275|0x0000000722600000, 0x0000000722600000, 0x0000000722800000|  0%| F|  |TAMS 0x0000000722600000, 0x0000000722600000| Untracked 
| 276|0x0000000722800000, 0x0000000722800000, 0x0000000722a00000|  0%| F|  |TAMS 0x0000000722800000, 0x0000000722800000| Untracked 
| 277|0x0000000722a00000, 0x0000000722a00000, 0x0000000722c00000|  0%| F|  |TAMS 0x0000000722a00000, 0x0000000722a00000| Untracked 
| 278|0x0000000722c00000, 0x0000000722c00000, 0x0000000722e00000|  0%| F|  |TAMS 0x0000000722c00000, 0x0000000722c00000| Untracked 
| 279|0x0000000722e00000, 0x0000000722e00000, 0x0000000723000000|  0%| F|  |TAMS 0x0000000722e00000, 0x0000000722e00000| Untracked 
| 280|0x0000000723000000, 0x0000000723000000, 0x0000000723200000|  0%| F|  |TAMS 0x0000000723000000, 0x0000000723000000| Untracked 
| 281|0x0000000723200000, 0x0000000723200000, 0x0000000723400000|  0%| F|  |TAMS 0x0000000723200000, 0x0000000723200000| Untracked 
| 282|0x0000000723400000, 0x0000000723400000, 0x0000000723600000|  0%| F|  |TAMS 0x0000000723400000, 0x0000000723400000| Untracked 
| 283|0x0000000723600000, 0x0000000723600000, 0x0000000723800000|  0%| F|  |TAMS 0x0000000723600000, 0x0000000723600000| Untracked 
| 284|0x0000000723800000, 0x0000000723800000, 0x0000000723a00000|  0%| F|  |TAMS 0x0000000723800000, 0x0000000723800000| Untracked 
| 285|0x0000000723a00000, 0x0000000723a00000, 0x0000000723c00000|  0%| F|  |TAMS 0x0000000723a00000, 0x0000000723a00000| Untracked 
| 286|0x0000000723c00000, 0x0000000723c00000, 0x0000000723e00000|  0%| F|  |TAMS 0x0000000723c00000, 0x0000000723c00000| Untracked 
| 287|0x0000000723e00000, 0x0000000723e00000, 0x0000000724000000|  0%| F|  |TAMS 0x0000000723e00000, 0x0000000723e00000| Untracked 
| 288|0x0000000724000000, 0x0000000724000000, 0x0000000724200000|  0%| F|  |TAMS 0x0000000724000000, 0x0000000724000000| Untracked 
| 289|0x0000000724200000, 0x0000000724200000, 0x0000000724400000|  0%| F|  |TAMS 0x0000000724200000, 0x0000000724200000| Untracked 
| 290|0x0000000724400000, 0x0000000724400000, 0x0000000724600000|  0%| F|  |TAMS 0x0000000724400000, 0x0000000724400000| Untracked 
| 291|0x0000000724600000, 0x0000000724600000, 0x0000000724800000|  0%| F|  |TAMS 0x0000000724600000, 0x0000000724600000| Untracked 
| 292|0x0000000724800000, 0x0000000724800000, 0x0000000724a00000|  0%| F|  |TAMS 0x0000000724800000, 0x0000000724800000| Untracked 
| 293|0x0000000724a00000, 0x0000000724a00000, 0x0000000724c00000|  0%| F|  |TAMS 0x0000000724a00000, 0x0000000724a00000| Untracked 
| 294|0x0000000724c00000, 0x0000000724c00000, 0x0000000724e00000|  0%| F|  |TAMS 0x0000000724c00000, 0x0000000724c00000| Untracked 
| 295|0x0000000724e00000, 0x0000000724e00000, 0x0000000725000000|  0%| F|  |TAMS 0x0000000724e00000, 0x0000000724e00000| Untracked 
| 296|0x0000000725000000, 0x0000000725000000, 0x0000000725200000|  0%| F|  |TAMS 0x0000000725000000, 0x0000000725000000| Untracked 
| 297|0x0000000725200000, 0x0000000725200000, 0x0000000725400000|  0%| F|  |TAMS 0x0000000725200000, 0x0000000725200000| Untracked 
| 298|0x0000000725400000, 0x0000000725400000, 0x0000000725600000|  0%| F|  |TAMS 0x0000000725400000, 0x0000000725400000| Untracked 
| 299|0x0000000725600000, 0x0000000725600000, 0x0000000725800000|  0%| F|  |TAMS 0x0000000725600000, 0x0000000725600000| Untracked 
| 300|0x0000000725800000, 0x0000000725800000, 0x0000000725a00000|  0%| F|  |TAMS 0x0000000725800000, 0x0000000725800000| Untracked 
| 301|0x0000000725a00000, 0x0000000725a00000, 0x0000000725c00000|  0%| F|  |TAMS 0x0000000725a00000, 0x0000000725a00000| Untracked 
| 302|0x0000000725c00000, 0x0000000725c00000, 0x0000000725e00000|  0%| F|  |TAMS 0x0000000725c00000, 0x0000000725c00000| Untracked 
| 303|0x0000000725e00000, 0x0000000725e00000, 0x0000000726000000|  0%| F|  |TAMS 0x0000000725e00000, 0x0000000725e00000| Untracked 
| 304|0x0000000726000000, 0x0000000726000000, 0x0000000726200000|  0%| F|  |TAMS 0x0000000726000000, 0x0000000726000000| Untracked 
| 305|0x0000000726200000, 0x0000000726200000, 0x0000000726400000|  0%| F|  |TAMS 0x0000000726200000, 0x0000000726200000| Untracked 
| 306|0x0000000726400000, 0x0000000726400000, 0x0000000726600000|  0%| F|  |TAMS 0x0000000726400000, 0x0000000726400000| Untracked 
| 307|0x0000000726600000, 0x0000000726600000, 0x0000000726800000|  0%| F|  |TAMS 0x0000000726600000, 0x0000000726600000| Untracked 
| 308|0x0000000726800000, 0x0000000726800000, 0x0000000726a00000|  0%| F|  |TAMS 0x0000000726800000, 0x0000000726800000| Untracked 
| 309|0x0000000726a00000, 0x0000000726a00000, 0x0000000726c00000|  0%| F|  |TAMS 0x0000000726a00000, 0x0000000726a00000| Untracked 
| 310|0x0000000726c00000, 0x0000000726c00000, 0x0000000726e00000|  0%| F|  |TAMS 0x0000000726c00000, 0x0000000726c00000| Untracked 
| 311|0x0000000726e00000, 0x0000000726e00000, 0x0000000727000000|  0%| F|  |TAMS 0x0000000726e00000, 0x0000000726e00000| Untracked 
| 312|0x0000000727000000, 0x0000000727000000, 0x0000000727200000|  0%| F|  |TAMS 0x0000000727000000, 0x0000000727000000| Untracked 
| 313|0x0000000727200000, 0x0000000727200000, 0x0000000727400000|  0%| F|  |TAMS 0x0000000727200000, 0x0000000727200000| Untracked 
| 314|0x0000000727400000, 0x0000000727400000, 0x0000000727600000|  0%| F|  |TAMS 0x0000000727400000, 0x0000000727400000| Untracked 
| 315|0x0000000727600000, 0x0000000727600000, 0x0000000727800000|  0%| F|  |TAMS 0x0000000727600000, 0x0000000727600000| Untracked 
| 316|0x0000000727800000, 0x0000000727800000, 0x0000000727a00000|  0%| F|  |TAMS 0x0000000727800000, 0x0000000727800000| Untracked 
| 317|0x0000000727a00000, 0x0000000727a00000, 0x0000000727c00000|  0%| F|  |TAMS 0x0000000727a00000, 0x0000000727a00000| Untracked 
| 318|0x0000000727c00000, 0x0000000727c00000, 0x0000000727e00000|  0%| F|  |TAMS 0x0000000727c00000, 0x0000000727c00000| Untracked 
| 319|0x0000000727e00000, 0x0000000727e00000, 0x0000000728000000|  0%| F|  |TAMS 0x0000000727e00000, 0x0000000727e00000| Untracked 
| 320|0x0000000728000000, 0x0000000728000000, 0x0000000728200000|  0%| F|  |TAMS 0x0000000728000000, 0x0000000728000000| Untracked 
| 321|0x0000000728200000, 0x0000000728200000, 0x0000000728400000|  0%| F|  |TAMS 0x0000000728200000, 0x0000000728200000| Untracked 
| 322|0x0000000728400000, 0x0000000728400000, 0x0000000728600000|  0%| F|  |TAMS 0x0000000728400000, 0x0000000728400000| Untracked 
| 323|0x0000000728600000, 0x0000000728600000, 0x0000000728800000|  0%| F|  |TAMS 0x0000000728600000, 0x0000000728600000| Untracked 
| 324|0x0000000728800000, 0x0000000728800000, 0x0000000728a00000|  0%| F|  |TAMS 0x0000000728800000, 0x0000000728800000| Untracked 
| 325|0x0000000728a00000, 0x0000000728a00000, 0x0000000728c00000|  0%| F|  |TAMS 0x0000000728a00000, 0x0000000728a00000| Untracked 
| 326|0x0000000728c00000, 0x0000000728c00000, 0x0000000728e00000|  0%| F|  |TAMS 0x0000000728c00000, 0x0000000728c00000| Untracked 
| 327|0x0000000728e00000, 0x0000000728e00000, 0x0000000729000000|  0%| F|  |TAMS 0x0000000728e00000, 0x0000000728e00000| Untracked 
| 328|0x0000000729000000, 0x0000000729000000, 0x0000000729200000|  0%| F|  |TAMS 0x0000000729000000, 0x0000000729000000| Untracked 
| 329|0x0000000729200000, 0x0000000729200000, 0x0000000729400000|  0%| F|  |TAMS 0x0000000729200000, 0x0000000729200000| Untracked 
| 330|0x0000000729400000, 0x0000000729400000, 0x0000000729600000|  0%| F|  |TAMS 0x0000000729400000, 0x0000000729400000| Untracked 
| 331|0x0000000729600000, 0x0000000729600000, 0x0000000729800000|  0%| F|  |TAMS 0x0000000729600000, 0x0000000729600000| Untracked 
| 332|0x0000000729800000, 0x0000000729800000, 0x0000000729a00000|  0%| F|  |TAMS 0x0000000729800000, 0x0000000729800000| Untracked 
| 333|0x0000000729a00000, 0x0000000729a00000, 0x0000000729c00000|  0%| F|  |TAMS 0x0000000729a00000, 0x0000000729a00000| Untracked 
| 334|0x0000000729c00000, 0x0000000729c00000, 0x0000000729e00000|  0%| F|  |TAMS 0x0000000729c00000, 0x0000000729c00000| Untracked 
| 335|0x0000000729e00000, 0x0000000729e00000, 0x000000072a000000|  0%| F|  |TAMS 0x0000000729e00000, 0x0000000729e00000| Untracked 
| 336|0x000000072a000000, 0x000000072a000000, 0x000000072a200000|  0%| F|  |TAMS 0x000000072a000000, 0x000000072a000000| Untracked 
| 337|0x000000072a200000, 0x000000072a200000, 0x000000072a400000|  0%| F|  |TAMS 0x000000072a200000, 0x000000072a200000| Untracked 
| 338|0x000000072a400000, 0x000000072a400000, 0x000000072a600000|  0%| F|  |TAMS 0x000000072a400000, 0x000000072a400000| Untracked 
| 339|0x000000072a600000, 0x000000072a600000, 0x000000072a800000|  0%| F|  |TAMS 0x000000072a600000, 0x000000072a600000| Untracked 
| 340|0x000000072a800000, 0x000000072a800000, 0x000000072aa00000|  0%| F|  |TAMS 0x000000072a800000, 0x000000072a800000| Untracked 
| 341|0x000000072aa00000, 0x000000072aa00000, 0x000000072ac00000|  0%| F|  |TAMS 0x000000072aa00000, 0x000000072aa00000| Untracked 
| 342|0x000000072ac00000, 0x000000072ac00000, 0x000000072ae00000|  0%| F|  |TAMS 0x000000072ac00000, 0x000000072ac00000| Untracked 
| 343|0x000000072ae00000, 0x000000072ae00000, 0x000000072b000000|  0%| F|  |TAMS 0x000000072ae00000, 0x000000072ae00000| Untracked 
| 344|0x000000072b000000, 0x000000072b000000, 0x000000072b200000|  0%| F|  |TAMS 0x000000072b000000, 0x000000072b000000| Untracked 
| 345|0x000000072b200000, 0x000000072b200000, 0x000000072b400000|  0%| F|  |TAMS 0x000000072b200000, 0x000000072b200000| Untracked 
| 346|0x000000072b400000, 0x000000072b400000, 0x000000072b600000|  0%| F|  |TAMS 0x000000072b400000, 0x000000072b400000| Untracked 
| 347|0x000000072b600000, 0x000000072b600000, 0x000000072b800000|  0%| F|  |TAMS 0x000000072b600000, 0x000000072b600000| Untracked 
| 348|0x000000072b800000, 0x000000072b800000, 0x000000072ba00000|  0%| F|  |TAMS 0x000000072b800000, 0x000000072b800000| Untracked 
| 349|0x000000072ba00000, 0x000000072ba00000, 0x000000072bc00000|  0%| F|  |TAMS 0x000000072ba00000, 0x000000072ba00000| Untracked 
| 350|0x000000072bc00000, 0x000000072bc00000, 0x000000072be00000|  0%| F|  |TAMS 0x000000072bc00000, 0x000000072bc00000| Untracked 
| 351|0x000000072be00000, 0x000000072be00000, 0x000000072c000000|  0%| F|  |TAMS 0x000000072be00000, 0x000000072be00000| Untracked 
| 352|0x000000072c000000, 0x000000072c000000, 0x000000072c200000|  0%| F|  |TAMS 0x000000072c000000, 0x000000072c000000| Untracked 
| 353|0x000000072c200000, 0x000000072c200000, 0x000000072c400000|  0%| F|  |TAMS 0x000000072c200000, 0x000000072c200000| Untracked 
| 354|0x000000072c400000, 0x000000072c400000, 0x000000072c600000|  0%| F|  |TAMS 0x000000072c400000, 0x000000072c400000| Untracked 
| 355|0x000000072c600000, 0x000000072c600000, 0x000000072c800000|  0%| F|  |TAMS 0x000000072c600000, 0x000000072c600000| Untracked 
| 356|0x000000072c800000, 0x000000072c800000, 0x000000072ca00000|  0%| F|  |TAMS 0x000000072c800000, 0x000000072c800000| Untracked 
| 357|0x000000072ca00000, 0x000000072ca00000, 0x000000072cc00000|  0%| F|  |TAMS 0x000000072ca00000, 0x000000072ca00000| Untracked 
| 358|0x000000072cc00000, 0x000000072cc00000, 0x000000072ce00000|  0%| F|  |TAMS 0x000000072cc00000, 0x000000072cc00000| Untracked 
| 359|0x000000072ce00000, 0x000000072ce00000, 0x000000072d000000|  0%| F|  |TAMS 0x000000072ce00000, 0x000000072ce00000| Untracked 
| 360|0x000000072d000000, 0x000000072d000000, 0x000000072d200000|  0%| F|  |TAMS 0x000000072d000000, 0x000000072d000000| Untracked 
| 361|0x000000072d200000, 0x000000072d200000, 0x000000072d400000|  0%| F|  |TAMS 0x000000072d200000, 0x000000072d200000| Untracked 
| 362|0x000000072d400000, 0x000000072d400000, 0x000000072d600000|  0%| F|  |TAMS 0x000000072d400000, 0x000000072d400000| Untracked 
| 363|0x000000072d600000, 0x000000072d600000, 0x000000072d800000|  0%| F|  |TAMS 0x000000072d600000, 0x000000072d600000| Untracked 
| 364|0x000000072d800000, 0x000000072d800000, 0x000000072da00000|  0%| F|  |TAMS 0x000000072d800000, 0x000000072d800000| Untracked 
| 365|0x000000072da00000, 0x000000072da00000, 0x000000072dc00000|  0%| F|  |TAMS 0x000000072da00000, 0x000000072da00000| Untracked 
| 366|0x000000072dc00000, 0x000000072dc00000, 0x000000072de00000|  0%| F|  |TAMS 0x000000072dc00000, 0x000000072dc00000| Untracked 
| 367|0x000000072de00000, 0x000000072de00000, 0x000000072e000000|  0%| F|  |TAMS 0x000000072de00000, 0x000000072de00000| Untracked 
| 368|0x000000072e000000, 0x000000072e000000, 0x000000072e200000|  0%| F|  |TAMS 0x000000072e000000, 0x000000072e000000| Untracked 
| 369|0x000000072e200000, 0x000000072e200000, 0x000000072e400000|  0%| F|  |TAMS 0x000000072e200000, 0x000000072e200000| Untracked 
| 370|0x000000072e400000, 0x000000072e400000, 0x000000072e600000|  0%| F|  |TAMS 0x000000072e400000, 0x000000072e400000| Untracked 
| 371|0x000000072e600000, 0x000000072e600000, 0x000000072e800000|  0%| F|  |TAMS 0x000000072e600000, 0x000000072e600000| Untracked 
| 372|0x000000072e800000, 0x000000072e800000, 0x000000072ea00000|  0%| F|  |TAMS 0x000000072e800000, 0x000000072e800000| Untracked 
| 373|0x000000072ea00000, 0x000000072ea00000, 0x000000072ec00000|  0%| F|  |TAMS 0x000000072ea00000, 0x000000072ea00000| Untracked 
| 374|0x000000072ec00000, 0x000000072ec00000, 0x000000072ee00000|  0%| F|  |TAMS 0x000000072ec00000, 0x000000072ec00000| Untracked 
| 375|0x000000072ee00000, 0x000000072ee00000, 0x000000072f000000|  0%| F|  |TAMS 0x000000072ee00000, 0x000000072ee00000| Untracked 
| 376|0x000000072f000000, 0x000000072f000000, 0x000000072f200000|  0%| F|  |TAMS 0x000000072f000000, 0x000000072f000000| Untracked 
| 377|0x000000072f200000, 0x000000072f200000, 0x000000072f400000|  0%| F|  |TAMS 0x000000072f200000, 0x000000072f200000| Untracked 
| 378|0x000000072f400000, 0x000000072f400000, 0x000000072f600000|  0%| F|  |TAMS 0x000000072f400000, 0x000000072f400000| Untracked 
| 379|0x000000072f600000, 0x000000072f600000, 0x000000072f800000|  0%| F|  |TAMS 0x000000072f600000, 0x000000072f600000| Untracked 
| 380|0x000000072f800000, 0x000000072f800000, 0x000000072fa00000|  0%| F|  |TAMS 0x000000072f800000, 0x000000072f800000| Untracked 
| 381|0x000000072fa00000, 0x000000072fa00000, 0x000000072fc00000|  0%| F|  |TAMS 0x000000072fa00000, 0x000000072fa00000| Untracked 
| 382|0x000000072fc00000, 0x000000072fc00000, 0x000000072fe00000|  0%| F|  |TAMS 0x000000072fc00000, 0x000000072fc00000| Untracked 
| 383|0x000000072fe00000, 0x000000072fe00000, 0x0000000730000000|  0%| F|  |TAMS 0x000000072fe00000, 0x000000072fe00000| Untracked 

Card table byte_map: [0x00000230a4660000,0x00000230a4e60000] _byte_map_base: 0x00000230a0e60000

Marking Bits (Prev, Next): (CMBitMap*) 0x000002308b5985a0, (CMBitMap*) 0x000002308b5985e0
 Prev Bits: [0x00000230a5660000, 0x00000230a9660000)
 Next Bits: [0x00000230a9660000, 0x00000230ad660000)

Polling page: 0x000002308b290000

Metaspace:

Usage:
  Non-class:     94.66 MB used.
      Class:     15.23 MB used.
       Both:    109.89 MB used.

Virtual space:
  Non-class space:      128.00 MB reserved,      95.81 MB ( 75%) committed,  2 nodes.
      Class space:      832.00 MB reserved,      16.06 MB (  2%) committed,  1 nodes.
             Both:      960.00 MB reserved,     111.88 MB ( 12%) committed. 

Chunk freelists:
   Non-Class:  104.00 KB
       Class:  15.89 MB
        Both:  16.00 MB

MaxMetaspaceSize: 1.00 GB
CompressedClassSpaceSize: 832.00 MB
Initial GC threshold: 21.00 MB
Current GC threshold: 118.25 MB
CDS: on
MetaspaceReclaimPolicy: balanced
 - commit_granule_bytes: 65536.
 - commit_granule_words: 8192.
 - virtual_space_node_default_size: 8388608.
 - enlarge_chunks_in_place: 1.
 - new_chunks_are_fully_committed: 0.
 - uncommit_free_chunks: 1.
 - use_allocation_guard: 0.
 - handle_deallocations: 1.


Internal statistics:

num_allocs_failed_limit: 9.
num_arena_births: 2230.
num_arena_deaths: 2.
num_vsnodes_births: 3.
num_vsnodes_deaths: 0.
num_space_committed: 1790.
num_space_uncommitted: 0.
num_chunks_returned_to_freelist: 12.
num_chunks_taken_from_freelist: 7737.
num_chunk_merges: 9.
num_chunk_splits: 4843.
num_chunks_enlarged: 2886.
num_inconsistent_stats: 0.

CodeHeap 'non-profiled nmethods': size=120000Kb used=15967Kb max_used=15967Kb free=104032Kb
 bounds [0x000002309bed0000, 0x000002309ce70000, 0x00000230a3400000]
CodeHeap 'profiled nmethods': size=120000Kb used=31709Kb max_used=31709Kb free=88290Kb
 bounds [0x0000023094400000, 0x0000023096300000, 0x000002309b930000]
CodeHeap 'non-nmethods': size=5760Kb used=2452Kb max_used=2529Kb free=3307Kb
 bounds [0x000002309b930000, 0x000002309bbc0000, 0x000002309bed0000]
 total_blobs=17131 nmethods=16141 adapters=901
 compilation: enabled
              stopped_count=0, restarted_count=0
 full_count=0

Compilation events (20 events):
Event: 28.817 Thread 0x00000230b0285790 19221       3       org.gradle.util.GradleVersion::version (5 bytes)
Event: 28.817 Thread 0x00000230b0285790 nmethod 19221 0x00000230962f6110 code [0x00000230962f62a0, 0x00000230962f63a8]
Event: 28.827 Thread 0x00000230b0284310 nmethod 19214 0x000002309ce64b10 code [0x000002309ce64d60, 0x000002309ce66188]
Event: 28.827 Thread 0x00000230b0284310 19222       4       java.util.stream.ReferencePipeline$2$1::begin (13 bytes)
Event: 28.827 Thread 0x00000230b0284310 nmethod 19222 0x000002309ce67090 code [0x000002309ce67200, 0x000002309ce672b8]
Event: 28.827 Thread 0x00000230b0284310 19211       4       org.gradle.internal.snapshot.impl.IsolatedImmutableManagedValue::isolate (5 bytes)
Event: 28.827 Thread 0x00000230b0284310 nmethod 19211 0x000002309ce67390 code [0x000002309ce67500, 0x000002309ce67578]
Event: 28.831 Thread 0x00000230b0284310 19223       4       org.gradle.api.internal.artifacts.ivyservice.resolveengine.graph.builder.DependencyGraphBuilder::resolveEdges (47 bytes)
Event: 28.833 Thread 0x00000230b0285790 19224       3       org.gradle.api.internal.artifacts.ivyservice.resolveengine.graph.builder.ModuleSelectors::doAddWhenListHasManyElements (43 bytes)
Event: 28.833 Thread 0x00000230b0285790 nmethod 19224 0x00000230962f6490 code [0x00000230962f6660, 0x00000230962f6908]
Event: 28.847 Thread 0x00000230b0285790 19225       1       org.gradle.internal.action.DefaultConfigurableRules::getConfigurableRules (5 bytes)
Event: 28.847 Thread 0x00000230b0285790 nmethod 19225 0x000002309ce67690 code [0x000002309ce67820, 0x000002309ce678f8]
Event: 28.847 Thread 0x00000230b0285790 19226       1       org.gradle.internal.action.DefaultConfigurableRule::getRuleClass (5 bytes)
Event: 28.847 Thread 0x00000230b0285790 nmethod 19226 0x000002309ce67990 code [0x000002309ce67b20, 0x000002309ce67bf8]
Event: 28.847 Thread 0x00000230b0285790 19227       1       org.gradle.internal.action.DefaultConfigurableRule::getRuleParams (5 bytes)
Event: 28.847 Thread 0x00000230b0285790 nmethod 19227 0x000002309ce67c90 code [0x000002309ce67e20, 0x000002309ce67ef8]
Event: 28.848 Thread 0x00000230b0285790 19228       3       org.gradle.internal.component.external.model.DefaultModuleComponentArtifactIdentifier::equals (63 bytes)
Event: 28.848 Thread 0x00000230b0285790 nmethod 19228 0x00000230962f6a10 code [0x00000230962f6c00, 0x00000230962f71d8]
Event: 28.848 Thread 0x00000230b0285790 19229       3       org.gradle.internal.component.model.DefaultIvyArtifactName::equals (91 bytes)
Event: 28.848 Thread 0x00000230b0285790 nmethod 19229 0x00000230962f7390 code [0x00000230962f75e0, 0x00000230962f8058]

GC Heap History (20 events):
Event: 24.575 GC heap after
{Heap after GC invocations=53 (full 0):
 garbage-first heap   total 655360K, used 310880K [0x0000000700000000, 0x0000000800000000)
  region size 2048K, 9 young (18432K), 9 survivors (18432K)
 Metaspace       used 110062K, committed 111680K, reserved 983040K
  class space    used 15250K, committed 16000K, reserved 851968K
}
Event: 24.991 GC heap before
{Heap before GC invocations=53 (full 0):
 garbage-first heap   total 655360K, used 525920K [0x0000000700000000, 0x0000000800000000)
  region size 2048K, 115 young (235520K), 9 survivors (18432K)
 Metaspace       used 110180K, committed 111872K, reserved 983040K
  class space    used 15267K, committed 16064K, reserved 851968K
}
Event: 25.003 GC heap after
{Heap after GC invocations=54 (full 0):
 garbage-first heap   total 655360K, used 318816K [0x0000000700000000, 0x0000000800000000)
  region size 2048K, 7 young (14336K), 7 survivors (14336K)
 Metaspace       used 110180K, committed 111872K, reserved 983040K
  class space    used 15267K, committed 16064K, reserved 851968K
}
Event: 25.689 GC heap before
{Heap before GC invocations=54 (full 0):
 garbage-first heap   total 655360K, used 529760K [0x0000000700000000, 0x0000000800000000)
  region size 2048K, 111 young (227328K), 7 survivors (14336K)
 Metaspace       used 110372K, committed 112064K, reserved 983040K
  class space    used 15294K, committed 16064K, reserved 851968K
}
Event: 25.700 GC heap after
{Heap after GC invocations=55 (full 0):
 garbage-first heap   total 655360K, used 330520K [0x0000000700000000, 0x0000000800000000)
  region size 2048K, 13 young (26624K), 13 survivors (26624K)
 Metaspace       used 110372K, committed 112064K, reserved 983040K
  class space    used 15294K, committed 16064K, reserved 851968K
}
Event: 26.176 GC heap before
{Heap before GC invocations=55 (full 0):
 garbage-first heap   total 655360K, used 537368K [0x0000000700000000, 0x0000000800000000)
  region size 2048K, 112 young (229376K), 13 survivors (26624K)
 Metaspace       used 110728K, committed 112448K, reserved 983040K
  class space    used 15343K, committed 16128K, reserved 851968K
}
Event: 26.192 GC heap after
{Heap after GC invocations=56 (full 0):
 garbage-first heap   total 655360K, used 355594K [0x0000000700000000, 0x0000000800000000)
  region size 2048K, 12 young (24576K), 12 survivors (24576K)
 Metaspace       used 110728K, committed 112448K, reserved 983040K
  class space    used 15343K, committed 16128K, reserved 851968K
}
Event: 26.652 GC heap before
{Heap before GC invocations=56 (full 0):
 garbage-first heap   total 655360K, used 537866K [0x0000000700000000, 0x0000000800000000)
  region size 2048K, 102 young (208896K), 12 survivors (24576K)
 Metaspace       used 110919K, committed 112768K, reserved 983040K
  class space    used 15368K, committed 16192K, reserved 851968K
}
Event: 26.664 GC heap after
{Heap after GC invocations=57 (full 0):
 garbage-first heap   total 655360K, used 367027K [0x0000000700000000, 0x0000000800000000)
  region size 2048K, 8 young (16384K), 8 survivors (16384K)
 Metaspace       used 110919K, committed 112768K, reserved 983040K
  class space    used 15368K, committed 16192K, reserved 851968K
}
Event: 26.909 GC heap before
{Heap before GC invocations=57 (full 0):
 garbage-first heap   total 655360K, used 541107K [0x0000000700000000, 0x0000000800000000)
  region size 2048K, 94 young (192512K), 8 survivors (16384K)
 Metaspace       used 111054K, committed 112896K, reserved 983040K
  class space    used 15388K, committed 16192K, reserved 851968K
}
Event: 26.919 GC heap after
{Heap after GC invocations=58 (full 0):
 garbage-first heap   total 655360K, used 374065K [0x0000000700000000, 0x0000000800000000)
  region size 2048K, 6 young (12288K), 6 survivors (12288K)
 Metaspace       used 111054K, committed 112896K, reserved 983040K
  class space    used 15388K, committed 16192K, reserved 851968K
}
Event: 27.256 GC heap before
{Heap before GC invocations=58 (full 0):
 garbage-first heap   total 655360K, used 546097K [0x0000000700000000, 0x0000000800000000)
  region size 2048K, 91 young (186368K), 6 survivors (12288K)
 Metaspace       used 111334K, committed 113216K, reserved 983040K
  class space    used 15427K, committed 16256K, reserved 851968K
}
Event: 27.267 GC heap after
{Heap after GC invocations=59 (full 0):
 garbage-first heap   total 786432K, used 383022K [0x0000000700000000, 0x0000000800000000)
  region size 2048K, 11 young (22528K), 11 survivors (22528K)
 Metaspace       used 111334K, committed 113216K, reserved 983040K
  class space    used 15427K, committed 16256K, reserved 851968K
}
Event: 27.686 GC heap before
{Heap before GC invocations=59 (full 0):
 garbage-first heap   total 786432K, used 634926K [0x0000000700000000, 0x0000000800000000)
  region size 2048K, 135 young (276480K), 11 survivors (22528K)
 Metaspace       used 111573K, committed 113472K, reserved 983040K
  class space    used 15459K, committed 16320K, reserved 851968K
}
Event: 27.700 GC heap after
{Heap after GC invocations=60 (full 0):
 garbage-first heap   total 786432K, used 393449K [0x0000000700000000, 0x0000000800000000)
  region size 2048K, 13 young (26624K), 13 survivors (26624K)
 Metaspace       used 111573K, committed 113472K, reserved 983040K
  class space    used 15459K, committed 16320K, reserved 851968K
}
Event: 28.193 GC heap before
{Heap before GC invocations=60 (full 0):
 garbage-first heap   total 786432K, used 641257K [0x0000000700000000, 0x0000000800000000)
  region size 2048K, 135 young (276480K), 13 survivors (26624K)
 Metaspace       used 111966K, committed 113856K, reserved 983040K
  class space    used 15515K, committed 16384K, reserved 851968K
}
Event: 28.211 GC heap after
{Heap after GC invocations=61 (full 0):
 garbage-first heap   total 786432K, used 407926K [0x0000000700000000, 0x0000000800000000)
  region size 2048K, 15 young (30720K), 15 survivors (30720K)
 Metaspace       used 111966K, committed 113856K, reserved 983040K
  class space    used 15515K, committed 16384K, reserved 851968K
}
Event: 28.579 GC heap before
{Heap before GC invocations=61 (full 0):
 garbage-first heap   total 786432K, used 643446K [0x0000000700000000, 0x0000000800000000)
  region size 2048K, 131 young (268288K), 15 survivors (30720K)
 Metaspace       used 112231K, committed 114176K, reserved 983040K
  class space    used 15552K, committed 16384K, reserved 851968K
}
Event: 28.597 GC heap after
{Heap after GC invocations=62 (full 0):
 garbage-first heap   total 786432K, used 417995K [0x0000000700000000, 0x0000000800000000)
  region size 2048K, 8 young (16384K), 8 survivors (16384K)
 Metaspace       used 112231K, committed 114176K, reserved 983040K
  class space    used 15552K, committed 16384K, reserved 851968K
}
Event: 28.956 GC heap before
{Heap before GC invocations=62 (full 0):
 garbage-first heap   total 786432K, used 647370K [0x0000000700000000, 0x0000000800000000)
  region size 2048K, 121 young (247808K), 8 survivors (16384K)
 Metaspace       used 112528K, committed 114560K, reserved 983040K
  class space    used 15592K, committed 16448K, reserved 851968K
}

Deoptimization events (20 events):
Event: 27.994 Thread 0x00000230ea4af8a0 Uncommon trap: trap_request=0xffffffbe fr.pc=0x000002309ce2f0c0 relative=0x0000000000000400
Event: 27.994 Thread 0x00000230ea4af8a0 Uncommon trap: reason=profile_predicate action=maybe_recompile pc=0x000002309ce2f0c0 method=java.util.regex.Pattern$SliceI.match(Ljava/util/regex/Matcher;ILjava/lang/CharSequence;)Z @ 18 c2
Event: 27.994 Thread 0x00000230ea4af8a0 DEOPT PACKING pc=0x000002309ce2f0c0 sp=0x00000060c6bf9230
Event: 27.994 Thread 0x00000230ea4af8a0 DEOPT UNPACKING pc=0x000002309b9823a3 sp=0x00000060c6bf91a8 mode 2
Event: 27.994 Thread 0x00000230ea4af8a0 Uncommon trap: trap_request=0xffffffbe fr.pc=0x000002309ce2f0c0 relative=0x0000000000000400
Event: 27.994 Thread 0x00000230ea4af8a0 Uncommon trap: reason=profile_predicate action=maybe_recompile pc=0x000002309ce2f0c0 method=java.util.regex.Pattern$SliceI.match(Ljava/util/regex/Matcher;ILjava/lang/CharSequence;)Z @ 18 c2
Event: 27.994 Thread 0x00000230ea4af8a0 DEOPT PACKING pc=0x000002309ce2f0c0 sp=0x00000060c6bf9230
Event: 27.994 Thread 0x00000230ea4af8a0 DEOPT UNPACKING pc=0x000002309b9823a3 sp=0x00000060c6bf91a8 mode 2
Event: 28.830 Thread 0x00000230ea4af8a0 Uncommon trap: trap_request=0xffffffd6 fr.pc=0x000002309ce50174 relative=0x0000000000000834
Event: 28.830 Thread 0x00000230ea4af8a0 Uncommon trap: reason=array_check action=maybe_recompile pc=0x000002309ce50174 method=com.google.common.collect.ImmutableList.copyIntoArray([Ljava/lang/Object;I)I @ 25 c2
Event: 28.831 Thread 0x00000230ea4af8a0 DEOPT PACKING pc=0x000002309ce50174 sp=0x00000060c6bf8680
Event: 28.831 Thread 0x00000230ea4af8a0 DEOPT UNPACKING pc=0x000002309b9823a3 sp=0x00000060c6bf85c0 mode 2
Event: 28.833 Thread 0x00000230ea4af8a0 Uncommon trap: trap_request=0xffffffd6 fr.pc=0x000002309ce50174 relative=0x0000000000000834
Event: 28.833 Thread 0x00000230ea4af8a0 Uncommon trap: reason=array_check action=maybe_recompile pc=0x000002309ce50174 method=com.google.common.collect.ImmutableList.copyIntoArray([Ljava/lang/Object;I)I @ 25 c2
Event: 28.833 Thread 0x00000230ea4af8a0 DEOPT PACKING pc=0x000002309ce50174 sp=0x00000060c6bf8680
Event: 28.833 Thread 0x00000230ea4af8a0 DEOPT UNPACKING pc=0x000002309b9823a3 sp=0x00000060c6bf85c0 mode 2
Event: 28.833 Thread 0x00000230ea4af8a0 Uncommon trap: trap_request=0xffffffd6 fr.pc=0x000002309ce50174 relative=0x0000000000000834
Event: 28.833 Thread 0x00000230ea4af8a0 Uncommon trap: reason=array_check action=maybe_recompile pc=0x000002309ce50174 method=com.google.common.collect.ImmutableList.copyIntoArray([Ljava/lang/Object;I)I @ 25 c2
Event: 28.833 Thread 0x00000230ea4af8a0 DEOPT PACKING pc=0x000002309ce50174 sp=0x00000060c6bf8680
Event: 28.833 Thread 0x00000230ea4af8a0 DEOPT UNPACKING pc=0x000002309b9823a3 sp=0x00000060c6bf85c0 mode 2

Classes unloaded (1 events):
Event: 7.881 Thread 0x00000230b014f4c0 Unloading class 0x00000230b26e0400 'java/lang/invoke/LambdaForm$DMH+0x00000230b26e0400'

Classes redefined (0 events):
No events

Internal exceptions (20 events):
Event: 27.953 Thread 0x00000230ea4af8a0 Exception <a 'java/lang/ClassNotFoundException'{0x000000072a3bbb50}: build_dy0nxjm57rxhsycdwoha73fw3BeanInfo> (0x000000072a3bbb50) 
thrown [s\open\src\hotspot\share\classfile\systemDictionary.cpp, line 256]
Event: 27.953 Thread 0x00000230ea4af8a0 Exception <a 'java/lang/ClassNotFoundException'{0x000000072a3c30b8}: build_dy0nxjm57rxhsycdwoha73fw3Customizer> (0x000000072a3c30b8) 
thrown [s\open\src\hotspot\share\classfile\systemDictionary.cpp, line 256]
Event: 28.015 Thread 0x00000230ea4af8a0 Exception <a 'java/lang/ClassNotFoundException'{0x0000000729521f60}: build_aqh5p2ztxdnu1ib93pccx5bwgBeanInfo> (0x0000000729521f60) 
thrown [s\open\src\hotspot\share\classfile\systemDictionary.cpp, line 256]
Event: 28.015 Thread 0x00000230ea4af8a0 Exception <a 'java/lang/ClassNotFoundException'{0x0000000729529548}: build_aqh5p2ztxdnu1ib93pccx5bwgCustomizer> (0x0000000729529548) 
thrown [s\open\src\hotspot\share\classfile\systemDictionary.cpp, line 256]
Event: 28.226 Thread 0x00000230ea4af8a0 Exception <a 'java/lang/ClassNotFoundException'{0x000000072fde21f8}: build_aqh5p2ztxdnu1ib93pccx5bwgBeanInfo> (0x000000072fde21f8) 
thrown [s\open\src\hotspot\share\classfile\systemDictionary.cpp, line 256]
Event: 28.226 Thread 0x00000230ea4af8a0 Exception <a 'java/lang/ClassNotFoundException'{0x000000072fde9760}: build_aqh5p2ztxdnu1ib93pccx5bwgCustomizer> (0x000000072fde9760) 
thrown [s\open\src\hotspot\share\classfile\systemDictionary.cpp, line 256]
Event: 28.291 Thread 0x00000230ea4af8a0 Exception <a 'java/lang/ClassNotFoundException'{0x000000072eff9a60}: build_45v7kz7sou6ywpaz5nb9tutqoBeanInfo> (0x000000072eff9a60) 
thrown [s\open\src\hotspot\share\classfile\systemDictionary.cpp, line 256]
Event: 28.291 Thread 0x00000230ea4af8a0 Exception <a 'java/lang/ClassNotFoundException'{0x000000072ec01528}: build_45v7kz7sou6ywpaz5nb9tutqoCustomizer> (0x000000072ec01528) 
thrown [s\open\src\hotspot\share\classfile\systemDictionary.cpp, line 256]
Event: 28.475 Thread 0x00000230ea4af8a0 Exception <a 'java/lang/ClassNotFoundException'{0x0000000724a0a680}: build_45v7kz7sou6ywpaz5nb9tutqoBeanInfo> (0x0000000724a0a680) 
thrown [s\open\src\hotspot\share\classfile\systemDictionary.cpp, line 256]
Event: 28.475 Thread 0x00000230ea4af8a0 Exception <a 'java/lang/ClassNotFoundException'{0x0000000724a11be8}: build_45v7kz7sou6ywpaz5nb9tutqoCustomizer> (0x0000000724a11be8) 
thrown [s\open\src\hotspot\share\classfile\systemDictionary.cpp, line 256]
Event: 28.543 Thread 0x00000230ea4af8a0 Exception <a 'java/lang/ClassNotFoundException'{0x0000000723f6a090}: build_67yfg7n7su8l93tse1c0u9t1xBeanInfo> (0x0000000723f6a090) 
thrown [s\open\src\hotspot\share\classfile\systemDictionary.cpp, line 256]
Event: 28.543 Thread 0x00000230ea4af8a0 Exception <a 'java/lang/ClassNotFoundException'{0x0000000723f71678}: build_67yfg7n7su8l93tse1c0u9t1xCustomizer> (0x0000000723f71678) 
thrown [s\open\src\hotspot\share\classfile\systemDictionary.cpp, line 256]
Event: 28.661 Thread 0x00000230ea4af8a0 Exception <a 'java/lang/ClassNotFoundException'{0x000000072b7612d0}: build_67yfg7n7su8l93tse1c0u9t1xBeanInfo> (0x000000072b7612d0) 
thrown [s\open\src\hotspot\share\classfile\systemDictionary.cpp, line 256]
Event: 28.661 Thread 0x00000230ea4af8a0 Exception <a 'java/lang/ClassNotFoundException'{0x000000072b768838}: build_67yfg7n7su8l93tse1c0u9t1xCustomizer> (0x000000072b768838) 
thrown [s\open\src\hotspot\share\classfile\systemDictionary.cpp, line 256]
Event: 28.720 Thread 0x00000230ea4af8a0 Exception <a 'java/lang/ClassNotFoundException'{0x000000072a878988}: build_5op4c9s0x5xlr5aco6ow8d0wyBeanInfo> (0x000000072a878988) 
thrown [s\open\src\hotspot\share\classfile\systemDictionary.cpp, line 256]
Event: 28.720 Thread 0x00000230ea4af8a0 Exception <a 'java/lang/ClassNotFoundException'{0x000000072a87ff70}: build_5op4c9s0x5xlr5aco6ow8d0wyCustomizer> (0x000000072a87ff70) 
thrown [s\open\src\hotspot\share\classfile\systemDictionary.cpp, line 256]
Event: 28.745 Thread 0x00000230ea4af8a0 Exception <a 'java/lang/ClassNotFoundException'{0x000000072a067658}: build_5op4c9s0x5xlr5aco6ow8d0wyBeanInfo> (0x000000072a067658) 
thrown [s\open\src\hotspot\share\classfile\systemDictionary.cpp, line 256]
Event: 28.745 Thread 0x00000230ea4af8a0 Exception <a 'java/lang/ClassNotFoundException'{0x000000072a06ebc0}: build_5op4c9s0x5xlr5aco6ow8d0wyCustomizer> (0x000000072a06ebc0) 
thrown [s\open\src\hotspot\share\classfile\systemDictionary.cpp, line 256]
Event: 28.808 Thread 0x00000230ea4af8a0 Exception <a 'java/lang/ClassNotFoundException'{0x000000072950d8f0}: build_edwgbeauldj7821v8yc27tio3BeanInfo> (0x000000072950d8f0) 
thrown [s\open\src\hotspot\share\classfile\systemDictionary.cpp, line 256]
Event: 28.808 Thread 0x00000230ea4af8a0 Exception <a 'java/lang/ClassNotFoundException'{0x0000000729514ed8}: build_edwgbeauldj7821v8yc27tio3Customizer> (0x0000000729514ed8) 
thrown [s\open\src\hotspot\share\classfile\systemDictionary.cpp, line 256]

VM Operations (20 events):
Event: 25.003 Executing VM operation: G1CollectForAllocation done
Event: 25.689 Executing VM operation: G1CollectForAllocation
Event: 25.700 Executing VM operation: G1CollectForAllocation done
Event: 26.176 Executing VM operation: G1CollectForAllocation
Event: 26.192 Executing VM operation: G1CollectForAllocation done
Event: 26.652 Executing VM operation: G1CollectForAllocation
Event: 26.665 Executing VM operation: G1CollectForAllocation done
Event: 26.909 Executing VM operation: G1CollectForAllocation
Event: 26.919 Executing VM operation: G1CollectForAllocation done
Event: 27.256 Executing VM operation: G1CollectForAllocation
Event: 27.268 Executing VM operation: G1CollectForAllocation done
Event: 27.686 Executing VM operation: G1CollectForAllocation
Event: 27.700 Executing VM operation: G1CollectForAllocation done
Event: 28.193 Executing VM operation: G1CollectForAllocation
Event: 28.211 Executing VM operation: G1CollectForAllocation done
Event: 28.492 Executing VM operation: HandshakeAllThreads
Event: 28.492 Executing VM operation: HandshakeAllThreads done
Event: 28.579 Executing VM operation: G1CollectForAllocation
Event: 28.597 Executing VM operation: G1CollectForAllocation done
Event: 28.956 Executing VM operation: G1CollectForAllocation

Events (20 events):
Event: 24.802 Thread 0x00000230b02860a0 flushing nmethod 0x00000230958dd110
Event: 26.769 Thread 0x00000230ee579760 Thread exited: 0x00000230ee579760
Event: 26.769 Thread 0x00000230edf97940 Thread exited: 0x00000230edf97940
Event: 26.841 Thread 0x00000230ecbd5260 Thread added: 0x00000230ecbd5260
Event: 27.040 loading class java/math/BigDecimal$StringBuilderHelper
Event: 27.041 loading class java/math/BigDecimal$StringBuilderHelper done
Event: 28.187 Thread 0x00000230ecbd5260 Thread exited: 0x00000230ecbd5260
Event: 28.502 Thread 0x00000230b02860a0 flushing nmethod 0x00000230944fab90
Event: 28.502 Thread 0x00000230b02860a0 flushing nmethod 0x00000230945a0590
Event: 28.507 Thread 0x00000230b02860a0 flushing nmethod 0x0000023094da2c10
Event: 28.508 Thread 0x00000230b02860a0 flushing nmethod 0x0000023094e53010
Event: 28.509 Thread 0x00000230b02860a0 flushing nmethod 0x000002309501a990
Event: 28.509 Thread 0x00000230b02860a0 flushing nmethod 0x0000023095060710
Event: 28.510 Thread 0x00000230b02860a0 flushing nmethod 0x00000230951e1790
Event: 28.510 Thread 0x00000230b02860a0 flushing nmethod 0x0000023095306990
Event: 28.512 Thread 0x00000230b02860a0 flushing nmethod 0x0000023095693290
Event: 28.512 Thread 0x00000230b02860a0 flushing nmethod 0x00000230956d9d90
Event: 28.512 Thread 0x00000230b02860a0 flushing nmethod 0x000002309570b010
Event: 28.513 Thread 0x00000230b02860a0 flushing nmethod 0x000002309582f810
Event: 28.514 Thread 0x00000230b02860a0 flushing nmethod 0x00000230958cab90


Dynamic libraries:
0x00007ff6a1f00000 - 0x00007ff6a1f10000 	C:\Program Files\Java\jdk-17\bin\java.exe
0x00007ffc9bcc0000 - 0x00007ffc9bf27000 	C:\WINDOWS\SYSTEM32\ntdll.dll
0x00007ffc9a440000 - 0x00007ffc9a509000 	C:\WINDOWS\System32\KERNEL32.DLL
0x00007ffc990c0000 - 0x00007ffc994b4000 	C:\WINDOWS\System32\KERNELBASE.dll
0x00007ffc994c0000 - 0x00007ffc9960b000 	C:\WINDOWS\System32\ucrtbase.dll
0x00007ffc93f40000 - 0x00007ffc93f5b000 	C:\Program Files\Java\jdk-17\bin\VCRUNTIME140.dll
0x00007ffc83830000 - 0x00007ffc83849000 	C:\Program Files\Java\jdk-17\bin\jli.dll
0x00007ffc9a060000 - 0x00007ffc9a116000 	C:\WINDOWS\System32\ADVAPI32.dll
0x00007ffc99fb0000 - 0x00007ffc9a059000 	C:\WINDOWS\System32\msvcrt.dll
0x00007ffc9a390000 - 0x00007ffc9a437000 	C:\WINDOWS\System32\sechost.dll
0x00007ffc9b580000 - 0x00007ffc9b698000 	C:\WINDOWS\System32\RPCRT4.dll
0x00007ffc9a570000 - 0x00007ffc9a735000 	C:\WINDOWS\System32\USER32.dll
0x00007ffc89f20000 - 0x00007ffc8a1b3000 	C:\WINDOWS\WinSxS\amd64_microsoft.windows.common-controls_6595b64144ccf1df_6.0.26100.8115_none_3e075c82e3354f9c\COMCTL32.dll
0x00007ffc98fe0000 - 0x00007ffc99007000 	C:\WINDOWS\System32\win32u.dll
0x00007ffc9b6b0000 - 0x00007ffc9b6db000 	C:\WINDOWS\System32\GDI32.dll
0x00007ffc98640000 - 0x00007ffc9876b000 	C:\WINDOWS\System32\gdi32full.dll
0x00007ffc99010000 - 0x00007ffc990b3000 	C:\WINDOWS\System32\msvcp_win.dll
0x00007ffc928a0000 - 0x00007ffc928ab000 	C:\WINDOWS\SYSTEM32\VERSION.dll
0x00007ffc99f70000 - 0x00007ffc99fa2000 	C:\WINDOWS\System32\IMM32.DLL
0x00007ffc93d50000 - 0x00007ffc93d5c000 	C:\Program Files\Java\jdk-17\bin\vcruntime140_1.dll
0x00007ffc76be0000 - 0x00007ffc76c6e000 	C:\Program Files\Java\jdk-17\bin\msvcp140.dll
0x00007ffc037f0000 - 0x00007ffc043d0000 	C:\Program Files\Java\jdk-17\bin\server\jvm.dll
0x00007ffc9bc70000 - 0x00007ffc9bc78000 	C:\WINDOWS\System32\PSAPI.DLL
0x00007ffc7b100000 - 0x00007ffc7b10a000 	C:\WINDOWS\SYSTEM32\WSOCK32.dll
0x00007ffc8f3a0000 - 0x00007ffc8f3d6000 	C:\WINDOWS\SYSTEM32\WINMM.dll
0x00007ffc9b1a0000 - 0x00007ffc9b220000 	C:\WINDOWS\System32\WS2_32.dll
0x00007ffc972e0000 - 0x00007ffc972fb000 	C:\WINDOWS\SYSTEM32\kernel.appcore.dll
0x00007ffc924f0000 - 0x00007ffc924fa000 	C:\Program Files\Java\jdk-17\bin\jimage.dll
0x00007ffc8a1c0000 - 0x00007ffc8a402000 	C:\WINDOWS\SYSTEM32\DBGHELP.DLL
0x00007ffc9b700000 - 0x00007ffc9ba82000 	C:\WINDOWS\System32\combase.dll
0x00007ffc9b230000 - 0x00007ffc9b308000 	C:\WINDOWS\System32\OLEAUT32.dll
0x00007ffc89ee0000 - 0x00007ffc89f1b000 	C:\WINDOWS\SYSTEM32\dbgcore.DLL
0x00007ffc98590000 - 0x00007ffc98635000 	C:\WINDOWS\System32\bcryptPrimitives.dll
0x00007ffc80ad0000 - 0x00007ffc80ade000 	C:\Program Files\Java\jdk-17\bin\instrument.dll
0x00007ffc80a40000 - 0x00007ffc80a65000 	C:\Program Files\Java\jdk-17\bin\java.dll
0x00007ffc733c0000 - 0x00007ffc73497000 	C:\Program Files\Java\jdk-17\bin\jsvml.dll
0x00007ffc9a8c0000 - 0x00007ffc9b027000 	C:\WINDOWS\System32\SHELL32.dll
0x00007ffc998e0000 - 0x00007ffc99a4a000 	C:\WINDOWS\System32\wintypes.dll
0x00007ffc98770000 - 0x00007ffc98fd8000 	C:\WINDOWS\System32\windows.storage.dll
0x00007ffc9a740000 - 0x00007ffc9a838000 	C:\WINDOWS\System32\SHCORE.dll
0x00007ffc9b130000 - 0x00007ffc9b196000 	C:\WINDOWS\System32\shlwapi.dll
0x00007ffc984b0000 - 0x00007ffc984d9000 	C:\WINDOWS\SYSTEM32\profapi.dll
0x00007ffc7f860000 - 0x00007ffc7f878000 	C:\Program Files\Java\jdk-17\bin\zip.dll
0x00007ffc80a80000 - 0x00007ffc80a99000 	C:\Program Files\Java\jdk-17\bin\net.dll
0x00007ffc92580000 - 0x00007ffc926ad000 	C:\WINDOWS\SYSTEM32\WINHTTP.dll
0x00007ffc97830000 - 0x00007ffc9789c000 	C:\WINDOWS\system32\mswsock.dll
0x00007ffc809e0000 - 0x00007ffc809f6000 	C:\Program Files\Java\jdk-17\bin\nio.dll
0x00007ffc92490000 - 0x00007ffc924a0000 	C:\Program Files\Java\jdk-17\bin\verify.dll
0x00007ffc6e980000 - 0x00007ffc6e9a7000 	C:\Users\Inurum_Four\.gradle\native\1def1411415f61bf3af743bc5b6707747c0891f09f0c88961ee8f79bc544acac\windows-amd64\native-platform.dll
0x00007ffc45450000 - 0x00007ffc454c8000 	C:\Users\Inurum_Four\.gradle\native\0.2.7\x86_64-windows-gnu\gradle-fileevents.dll
0x00007ffc83960000 - 0x00007ffc8396a000 	C:\Program Files\Java\jdk-17\bin\management.dll
0x00007ffc81a00000 - 0x00007ffc81a0b000 	C:\Program Files\Java\jdk-17\bin\management_ext.dll
0x00007ffc96cc0000 - 0x00007ffc96cf2000 	C:\WINDOWS\SYSTEM32\IPHLPAPI.DLL
0x00007ffc9b6a0000 - 0x00007ffc9b6aa000 	C:\WINDOWS\System32\NSI.dll
0x00007ffc928b0000 - 0x00007ffc928cd000 	C:\WINDOWS\SYSTEM32\dhcpcsvc6.DLL
0x00007ffc92460000 - 0x00007ffc92485000 	C:\WINDOWS\SYSTEM32\dhcpcsvc.DLL
0x00007ffc96d50000 - 0x00007ffc96e82000 	C:\WINDOWS\SYSTEM32\DNSAPI.dll
0x00007ffc97c30000 - 0x00007ffc97c4b000 	C:\WINDOWS\SYSTEM32\CRYPTSP.dll
0x00007ffc97240000 - 0x00007ffc97279000 	C:\WINDOWS\system32\rsaenh.dll
0x00007ffc978e0000 - 0x00007ffc97913000 	C:\WINDOWS\SYSTEM32\USERENV.dll
0x00007ffc98480000 - 0x00007ffc984aa000 	C:\WINDOWS\SYSTEM32\bcrypt.dll
0x00007ffc97a90000 - 0x00007ffc97a9c000 	C:\WINDOWS\SYSTEM32\CRYPTBASE.dll
0x00007ffc809d0000 - 0x00007ffc809de000 	C:\Program Files\Java\jdk-17\bin\sunmscapi.dll
0x00007ffc996a0000 - 0x00007ffc99817000 	C:\WINDOWS\System32\CRYPT32.dll
0x00007ffc97d90000 - 0x00007ffc97dc0000 	C:\WINDOWS\SYSTEM32\ncrypt.dll
0x00007ffc97d40000 - 0x00007ffc97d7f000 	C:\WINDOWS\SYSTEM32\NTASN1.dll
0x00007ffc819f0000 - 0x00007ffc819f8000 	C:\WINDOWS\system32\wshunix.dll

dbghelp: loaded successfully - version: 4.0.5 - missing functions: none
symbol engine: initialized successfully - sym options: 0x614 - pdb path: .;C:\Program Files\Java\jdk-17\bin;C:\WINDOWS\SYSTEM32;C:\WINDOWS\WinSxS\amd64_microsoft.windows.common-controls_6595b64144ccf1df_6.0.26100.8115_none_3e075c82e3354f9c;C:\Program Files\Java\jdk-17\bin\server;C:\Users\Inurum_Four\.gradle\native\1def1411415f61bf3af743bc5b6707747c0891f09f0c88961ee8f79bc544acac\windows-amd64;C:\Users\Inurum_Four\.gradle\native\0.2.7\x86_64-windows-gnu

VM Arguments:
jvm_args: --add-opens=java.base/java.lang=ALL-UNNAMED --add-opens=java.base/java.lang.invoke=ALL-UNNAMED --add-opens=java.base/java.util=ALL-UNNAMED --add-opens=java.prefs/java.util.prefs=ALL-UNNAMED --add-exports=jdk.compiler/com.sun.tools.javac.api=ALL-UNNAMED --add-exports=jdk.compiler/com.sun.tools.javac.util=ALL-UNNAMED --add-opens=java.base/java.util=ALL-UNNAMED --add-opens=java.prefs/java.util.prefs=ALL-UNNAMED --add-opens=java.base/java.nio.charset=ALL-UNNAMED --add-opens=java.base/java.net=ALL-UNNAMED --add-opens=java.base/java.util.concurrent.atomic=ALL-UNNAMED --add-opens=java.xml/javax.xml.namespace=ALL-UNNAMED -XX:MaxMetaspaceSize=1G -Xmx4G -Dfile.encoding=UTF-8 -Duser.country=IN -Duser.language=en -Duser.variant -javaagent:C:\Users\Inurum_Four\.gradle\wrapper\dists\gradle-8.14-all\c2qonpi39x1mddn7hk5gh9iqj\gradle-8.14\lib\agents\gradle-instrumentation-agent-8.14.jar 
java_command: org.gradle.launcher.daemon.bootstrap.GradleDaemon 8.14
java_class_path (initial): C:\Users\Inurum_Four\.gradle\wrapper\dists\gradle-8.14-all\c2qonpi39x1mddn7hk5gh9iqj\gradle-8.14\lib\gradle-daemon-main-8.14.jar
Launcher Type: SUN_STANDARD

[Global flags]
     intx CICompilerCount                          = 4                                         {product} {ergonomic}
   size_t CompressedClassSpaceSize                 = 872415232                                 {product} {ergonomic}
     uint ConcGCThreads                            = 2                                         {product} {ergonomic}
     uint G1ConcRefinementThreads                  = 8                                         {product} {ergonomic}
   size_t G1HeapRegionSize                         = 2097152                                   {product} {ergonomic}
    uintx GCDrainStackTargetSize                   = 64                                        {product} {ergonomic}
   size_t InitialHeapSize                          = 266338304                                 {product} {ergonomic}
   size_t MarkStackSize                            = 4194304                                   {product} {ergonomic}
   size_t MaxHeapSize                              = 4294967296                                {product} {command line}
   size_t MaxMetaspaceSize                         = 1073741824                                {product} {command line}
   size_t MaxNewSize                               = 2575302656                                {product} {ergonomic}
   size_t MinHeapDeltaBytes                        = 2097152                                   {product} {ergonomic}
   size_t MinHeapSize                              = 8388608                                   {product} {ergonomic}
    uintx NonNMethodCodeHeapSize                   = 5839372                                {pd product} {ergonomic}
    uintx NonProfiledCodeHeapSize                  = 122909434                              {pd product} {ergonomic}
    uintx ProfiledCodeHeapSize                     = 122909434                              {pd product} {ergonomic}
    uintx ReservedCodeCacheSize                    = 251658240                              {pd product} {ergonomic}
     bool SegmentedCodeCache                       = true                                      {product} {ergonomic}
   size_t SoftMaxHeapSize                          = 4294967296                             {manageable} {ergonomic}
     bool UseCompressedClassPointers               = true                           {product lp64_product} {ergonomic}
     bool UseCompressedOops                        = true                           {product lp64_product} {ergonomic}
     bool UseG1GC                                  = true                                      {product} {ergonomic}
     bool UseLargePagesIndividualAllocation        = false                                  {pd product} {ergonomic}

Logging:
Log output configuration:
 #0: stdout all=warning uptime,level,tags
 #1: stderr all=off uptime,level,tags

Environment Variables:
JAVA_HOME=C:\Program Files\Java\jdk-17
CLASSPATH=D:\InurumFlutter\mg\driver and customer\mahilasaarthi\driver\android\\gradle\wrapper\gradle-wrapper.jar
PATH=C:\Program Files\Java\jdk-17\bin;C:\Program Files\Common Files\Oracle\Java\javapath;C:\WINDOWS\system32;C:\WINDOWS;C:\WINDOWS\System32\Wbem;C:\WINDOWS\System32\WindowsPowerShell\v1.0\;C:\WINDOWS\System32\OpenSSH\;C:\src\flutter\bin;C:\Program Files\Git\cmd;C:\Users\Inurum_Four\AppData\Roaming\npm;C:\Program Files\nodejs\;C:\Users\Inurum_Four\AppData\Local\Programs\Python\Python311\Scripts\;C:\Users\Inurum_Four\AppData\Local\Programs\Python\Python311\;C:\Users\Inurum_Four\AppData\Local\Programs\Python\Python314\Scripts\;C:\Users\Inurum_Four\AppData\Local\Programs\Python\Python314\;C:\Users\Inurum_Four\AppData\Local\Microsoft\WindowsApps;C:\src\flutter\bin;C:\Users\Inurum_Four\AppData\Local\Programs\Microsoft VS Code\bin;C:\Program Files\nodejs\;C:\Users\Inurum_Four\AppData\Local\Pub\Cache\bin;C:\Users\Inurum_Four\AppData\Roaming\npm;C:\Users\Inurum_Four\AppData\Local\Programs\Antigravity\bin;C:\Program Files\SDCC\bin;C:\Users\Inurum_Four\AppData\Local\Programs\Antigravity IDE\bin;C:\Users\Inurum_Four\AppData\Local\GitHubDesktop\bin;C:\src\flutter\bin\mingit\cmd;C:\src\flutter\bin\mingit\cmd
USERNAME=Inurum_Four
OS=Windows_NT
PROCESSOR_IDENTIFIER=Intel64 Family 6 Model 151 Stepping 5, GenuineIntel



---------------  S Y S T E M  ---------------

OS:
 Windows 11 , 64 bit Build 26100 (10.0.26100.8246)
OS uptime: 0 days 3:40 hours
Hyper-V role detected

CPU: total 8 (initial active 8) (4 cores per cpu, 2 threads per core) family 6 model 151 stepping 5 microcode 0x18, cx8, cmov, fxsr, ht, mmx, 3dnowpref, sse, sse2, sse3, ssse3, sse4.1, sse4.2, popcnt, lzcnt, tsc, tscinvbit, avx, avx2, aes, erms, clmul, bmi1, bmi2, adx, sha, fma, vzeroupper, clflush, clflushopt, clwb, hv

Memory: 4k page, system-wide physical 16197M (2217M free)
TotalPageFile size 27768M (AvailPageFile size 3M)
current process WorkingSet (physical memory assigned to process): 1148M, peak: 1149M
current process commit charge ("private bytes"): 1343M, peak: 1345M

vm_info: Java HotSpot(TM) 64-Bit Server VM (17.0.12+8-LTS-286) for windows-amd64 JRE (17.0.12+8-LTS-286), built on Jun  5 2024 06:46:59 by "mach5one" with MS VC++ 17.6 (VS2022)

END.
