#
# There is insufficient memory for the Java Runtime Environment to continue.
# Native memory allocation (malloc) failed to allocate 111856 bytes for Chunk::new
# Possible reasons:
#   The system is out of physical RAM or swap space
#   The process is running with CompressedOops enabled, and the Java Heap may be blocking the growth of the native heap
# Possible solutions:
#   Reduce memory load on the system
#   Increase physical memory or swap space
#   Check if swap backing store is full
#   Decrease Java heap size (-Xmx/-Xms)
#   Decrease number of Java threads
#   Decrease Java thread stack sizes (-Xss)
#   Set larger code cache with -XX:ReservedCodeCacheSize=
#   JVM is running with Zero Based Compressed Oops mode in which the Java heap is
#     placed in the first 32GB address space. The Java Heap base address is the
#     maximum limit for the native heap growth. Please use -XX:HeapBaseMinAddress
#     to set the Java Heap base and to place the Java Heap above 32GB virtual address.
# This output file may be truncated or incomplete.
#
#  Out of Memory Error (arena.cpp:189), pid=21040, tid=21008
#
# JRE version: Java(TM) SE Runtime Environment (17.0.12+8) (build 17.0.12+8-LTS-286)
# Java VM: Java HotSpot(TM) 64-Bit Server VM (17.0.12+8-LTS-286, mixed mode, sharing, tiered, compressed oops, compressed class ptrs, g1 gc, windows-amd64)
# No core dump will be written. Minidumps are not enabled by default on client versions of Windows
#

---------------  S U M M A R Y ------------

Command Line: --add-opens=java.base/java.lang=ALL-UNNAMED --add-opens=java.base/java.lang.invoke=ALL-UNNAMED --add-opens=java.base/java.util=ALL-UNNAMED --add-opens=java.prefs/java.util.prefs=ALL-UNNAMED --add-exports=jdk.compiler/com.sun.tools.javac.api=ALL-UNNAMED --add-exports=jdk.compiler/com.sun.tools.javac.util=ALL-UNNAMED --add-opens=java.base/java.util=ALL-UNNAMED --add-opens=java.prefs/java.util.prefs=ALL-UNNAMED --add-opens=java.base/java.nio.charset=ALL-UNNAMED --add-opens=java.base/java.net=ALL-UNNAMED --add-opens=java.base/java.util.concurrent.atomic=ALL-UNNAMED --add-opens=java.xml/javax.xml.namespace=ALL-UNNAMED -XX:MaxMetaspaceSize=1G -Xmx4G -Dfile.encoding=UTF-8 -Duser.country=IN -Duser.language=en -Duser.variant -javaagent:C:\Users\Inurum_Four\.gradle\wrapper\dists\gradle-8.14-all\c2qonpi39x1mddn7hk5gh9iqj\gradle-8.14\lib\agents\gradle-instrumentation-agent-8.14.jar org.gradle.launcher.daemon.bootstrap.GradleDaemon 8.14

Host: 12th Gen Intel(R) Core(TM) i3-12100F, 8 cores, 15G,  Windows 11 , 64 bit Build 26100 (10.0.26100.8246)
Time: Wed Aug 26 12:57:32 2026 India Standard Time elapsed time: 88.729228 seconds (0d 0h 1m 28s)

---------------  T H R E A D  ---------------

Current thread (0x000001c4267d2020):  JavaThread "C2 CompilerThread0" daemon [_thread_in_native, id=21008, stack(0x0000000101300000,0x0000000101400000)]


Current CompileTask:
C2:  88729 24880       4       org.gradle.internal.io.LineBufferingOutputStream::write (59 bytes)

Stack: [0x0000000101300000,0x0000000101400000]
Native frames: (J=compiled Java code, j=interpreted, Vv=VM code, C=native code)
V  [jvm.dll+0x67a04a]
V  [jvm.dll+0x7da4ed]
V  [jvm.dll+0x7dbe33]
V  [jvm.dll+0x7dc4a3]
V  [jvm.dll+0x24508f]
V  [jvm.dll+0xab773]
V  [jvm.dll+0xabd3c]
V  [jvm.dll+0x361b9f]
V  [jvm.dll+0x32c431]
V  [jvm.dll+0x32b8ca]
V  [jvm.dll+0x21683f]
V  [jvm.dll+0x215c6f]
V  [jvm.dll+0x1a2960]
V  [jvm.dll+0x22610b]
V  [jvm.dll+0x2242ab]
V  [jvm.dll+0x79075c]
V  [jvm.dll+0x78abea]
V  [jvm.dll+0x678f35]
C  [ucrtbase.dll+0x37b0]
C  [KERNEL32.DLL+0x2e8d7]
C  [ntdll.dll+0x8c3fc]


---------------  P R O C E S S  ---------------

Threads class SMR info:
_java_thread_list=0x000001c46d841e20, length=140, elements={
0x000001c403859e30, 0x000001c4266a1570, 0x000001c4266a2bb0, 0x000001c4266ba570,
0x000001c4266bae40, 0x000001c4266bd720, 0x000001c4267d0080, 0x000001c4267d2020,
0x000001c4267d29e0, 0x000001c4267d5e70, 0x000001c4268e4eb0, 0x000001c426a61660,
0x000001c4618e9480, 0x000001c461e1a020, 0x000001c461e194c0, 0x000001c461da0a30,
0x000001c461e18ab0, 0x000001c461fde0a0, 0x000001c461fdd170, 0x000001c461fde5b0,
0x000001c461fdf4e0, 0x000001c461fdd680, 0x000001c461fddb90, 0x000001c461fdcc60,
0x000001c461fdbd30, 0x000001c461fdc750, 0x000001c461fdeac0, 0x000001c461fdefd0,
0x000001c462149aa0, 0x000001c46214b900, 0x000001c46214be10, 0x000001c462149590,
0x000001c462149080, 0x000001c4600c5340, 0x000001c4600c76b0, 0x000001c4600c85e0,
0x000001c4600c8af0, 0x000001c4600c9000, 0x000001c4600c6780, 0x000001c4600c5850,
0x000001c4600c6c90, 0x000001c4600c71a0, 0x000001c4600c9510, 0x000001c4600c5d60,
0x000001c4600c7bc0, 0x000001c4600c9a20, 0x000001c4600c6270, 0x000001c4600cc2a0,
0x000001c4600cc7b0, 0x000001c4600cccc0, 0x000001c4600c9f30, 0x000001c4600cbd90,
0x000001c4600ca440, 0x000001c4600ca950, 0x000001c4600cae60, 0x000001c4600cb880,
0x000001c460fca030, 0x000001c460fca540, 0x000001c460fc81d0, 0x000001c460fc7cc0,
0x000001c460fc86e0, 0x000001c460fcb980, 0x000001c460fcbe90, 0x000001c460fcc3a0,
0x000001c460fc8bf0, 0x000001c460fcc8b0, 0x000001c460fccdc0, 0x000001c460fc9610,
0x000001c460fce710, 0x000001c460fce200, 0x000001c460fcd2d0, 0x000001c460fcd7e0,
0x000001c460fcdcf0, 0x000001c460fcec20, 0x000001c460fcf130, 0x000001c460fcf640,
0x000001c4269e11b0, 0x000001c4269e20e0, 0x000001c4269e3010, 0x000001c4269e2b00,
0x000001c4269e3f40, 0x000001c4269e3520, 0x000001c4269e3a30, 0x000001c4269e4450,
0x000001c4269e0ca0, 0x000001c4269e4960, 0x000001c4269e25f0, 0x000001c4269e4e70,
0x000001c4269e16c0, 0x000001c4269e5380, 0x000001c4269e6cd0, 0x000001c4269e71e0,
0x000001c4269e8620, 0x000001c4269e5890, 0x000001c4269e76f0, 0x000001c4269e62b0,
0x000001c4269e7c00, 0x000001c4269e8110, 0x000001c4269e67c0, 0x000001c42689e800,
0x000001c42689f220, 0x000001c42689f730, 0x000001c42689d3c0, 0x000001c42689d8d0,
0x000001c42689c490, 0x000001c42689c9a0, 0x000001c42689dde0, 0x000001c42689bf80,
0x000001c42689fc40, 0x000001c4268a0150, 0x000001c42689e2f0, 0x000001c4268a0660,
0x000001c4268a0b70, 0x000001c4268a1080, 0x000001c4268a1aa0, 0x000001c4268a1fb0,
0x000001c4268a24c0, 0x000001c4268a1590, 0x000001c42689ed10, 0x000001c4268a29d0,
0x000001c4268a2ee0, 0x000001c4268a33f0, 0x000001c4268a3900, 0x000001c4600cb370,
0x000001c465b59df0, 0x000001c465b5a300, 0x000001c465b57a80, 0x000001c465b57f90,
0x000001c465b57060, 0x000001c465b598e0, 0x000001c465b5ad20, 0x000001c465b584a0,
0x000001c465b5c670, 0x000001c465b5c160, 0x000001c464a05bc0, 0x000001c464a07f30,
0x000001c464a0b1d0, 0x000001c464a07a20, 0x000001c46ddb2a90, 0x000001c46ddb2fa0
}

Java Threads: ( => current thread )
  0x000001c403859e30 JavaThread "main" [_thread_blocked, id=18576, stack(0x0000000100600000,0x0000000100700000)]
  0x000001c4266a1570 JavaThread "Reference Handler" daemon [_thread_blocked, id=11560, stack(0x0000000100d00000,0x0000000100e00000)]
  0x000001c4266a2bb0 JavaThread "Finalizer" daemon [_thread_blocked, id=14208, stack(0x0000000100e00000,0x0000000100f00000)]
  0x000001c4266ba570 JavaThread "Signal Dispatcher" daemon [_thread_blocked, id=17808, stack(0x0000000100f00000,0x0000000101000000)]
  0x000001c4266bae40 JavaThread "Attach Listener" daemon [_thread_blocked, id=10652, stack(0x0000000101000000,0x0000000101100000)]
  0x000001c4266bd720 JavaThread "Service Thread" daemon [_thread_blocked, id=16076, stack(0x0000000101100000,0x0000000101200000)]
  0x000001c4267d0080 JavaThread "Monitor Deflation Thread" daemon [_thread_blocked, id=16312, stack(0x0000000101200000,0x0000000101300000)]
=>0x000001c4267d2020 JavaThread "C2 CompilerThread0" daemon [_thread_in_native, id=21008, stack(0x0000000101300000,0x0000000101400000)]
  0x000001c4267d29e0 JavaThread "C1 CompilerThread0" daemon [_thread_blocked, id=21488, stack(0x0000000101400000,0x0000000101500000)]
  0x000001c4267d5e70 JavaThread "Sweeper thread" daemon [_thread_blocked, id=19200, stack(0x0000000101500000,0x0000000101600000)]
  0x000001c4268e4eb0 JavaThread "Common-Cleaner" daemon [_thread_blocked, id=7280, stack(0x0000000101600000,0x0000000101700000)]
  0x000001c426a61660 JavaThread "Notification Thread" daemon [_thread_blocked, id=12396, stack(0x0000000101700000,0x0000000101800000)]
  0x000001c4618e9480 JavaThread "Daemon health stats" [_thread_blocked, id=1460, stack(0x0000000102100000,0x0000000102200000)]
  0x000001c461e1a020 JavaThread "Incoming local TCP Connector on port 56076" [_thread_in_native, id=1820, stack(0x0000000102200000,0x0000000102300000)]
  0x000001c461e194c0 JavaThread "Daemon periodic checks" [_thread_blocked, id=21480, stack(0x0000000102300000,0x0000000102400000)]
  0x000001c461da0a30 JavaThread "Daemon" [_thread_blocked, id=8264, stack(0x0000000102400000,0x0000000102500000)]
  0x000001c461e18ab0 JavaThread "Handler for socket connection from /127.0.0.1:56076 to /127.0.0.1:56077" [_thread_in_native, id=21128, stack(0x0000000102500000,0x0000000102600000)]
  0x000001c461fde0a0 JavaThread "Cancel handler" [_thread_blocked, id=16784, stack(0x0000000102600000,0x0000000102700000)]
  0x000001c461fdd170 JavaThread "Daemon worker" [_thread_blocked, id=3408, stack(0x0000000102700000,0x0000000102800000)]
  0x000001c461fde5b0 JavaThread "Asynchronous log dispatcher for DefaultDaemonConnection: socket connection from /127.0.0.1:56076 to /127.0.0.1:56077" [_thread_blocked, id=4076, stack(0x0000000102800000,0x0000000102900000)]
  0x000001c461fdf4e0 JavaThread "Stdin handler" [_thread_blocked, id=6060, stack(0x0000000102900000,0x0000000102a00000)]
  0x000001c461fdd680 JavaThread "Daemon client event forwarder" [_thread_blocked, id=19544, stack(0x0000000102a00000,0x0000000102b00000)]
  0x000001c461fddb90 JavaThread "Cache worker for journal cache (C:\Users\Inurum_Four\.gradle\caches\journal-1)" [_thread_blocked, id=9372, stack(0x0000000102b00000,0x0000000102c00000)]
  0x000001c461fdcc60 JavaThread "File lock request listener" [_thread_in_native, id=20092, stack(0x0000000102c00000,0x0000000102d00000)]
  0x000001c461fdbd30 JavaThread "Cache worker for file hash cache (C:\Users\Inurum_Four\.gradle\caches\8.14\fileHashes)" [_thread_blocked, id=15684, stack(0x0000000102d00000,0x0000000102e00000)]
  0x000001c461fdc750 JavaThread "Cache worker for file hash cache (D:\InurumFlutter\mg\driver-and-customer\mahilasaarthi\driver\android\.gradle\8.14\fileHashes)" [_thread_blocked, id=7540, stack(0x0000000102e00000,0x0000000102f00000)]
  0x000001c461fdeac0 JavaThread "Cache worker for Build Output Cleanup Cache (D:\InurumFlutter\mg\driver-and-customer\mahilasaarthi\driver\android\.gradle\buildOutputCleanup)" [_thread_blocked, id=21196, stack(0x0000000102f00000,0x0000000103000000)]
  0x000001c461fdefd0 JavaThread "File watcher server" daemon [_thread_in_native, id=13660, stack(0x0000000103100000,0x0000000103200000)]
  0x000001c462149aa0 JavaThread "File watcher consumer" daemon [_thread_blocked, id=16648, stack(0x0000000103200000,0x0000000103300000)]
  0x000001c46214b900 JavaThread "jar transforms" [_thread_blocked, id=16912, stack(0x0000000103600000,0x0000000103700000)]
  0x000001c46214be10 JavaThread "Cache worker for checksums cache (D:\InurumFlutter\mg\driver-and-customer\mahilasaarthi\driver\android\.gradle\8.14\checksums)" [_thread_blocked, id=6192, stack(0x0000000103700000,0x0000000103800000)]
  0x000001c462149590 JavaThread "Cache worker for file content cache (C:\Users\Inurum_Four\.gradle\caches\8.14\fileContent)" [_thread_blocked, id=21116, stack(0x0000000103800000,0x0000000103900000)]
  0x000001c462149080 JavaThread "Cache worker for cache directory md-supplier (C:\Users\Inurum_Four\.gradle\caches\8.14\md-supplier)" [_thread_blocked, id=3168, stack(0x0000000103900000,0x0000000103a00000)]
  0x000001c4600c5340 JavaThread "Cache worker for cache directory md-rule (C:\Users\Inurum_Four\.gradle\caches\8.14\md-rule)" [_thread_blocked, id=6224, stack(0x0000000103a00000,0x0000000103b00000)]
  0x000001c4600c76b0 JavaThread "Cache worker for Build Output Cleanup Cache (C:\src\flutter\packages\flutter_tools\gradle\.gradle\buildOutputCleanup)" [_thread_blocked, id=17100, stack(0x0000000103b00000,0x0000000103c00000)]
  0x000001c4600c85e0 JavaThread "Unconstrained build operations" [_thread_blocked, id=17776, stack(0x0000000103c00000,0x0000000103d00000)]
  0x000001c4600c8af0 JavaThread "Unconstrained build operations Thread 2" [_thread_blocked, id=15264, stack(0x0000000103d00000,0x0000000103e00000)]
  0x000001c4600c9000 JavaThread "Unconstrained build operations Thread 3" [_thread_blocked, id=10764, stack(0x0000000103e00000,0x0000000103f00000)]
  0x000001c4600c6780 JavaThread "Unconstrained build operations Thread 4" [_thread_blocked, id=20328, stack(0x0000000103f00000,0x0000000104000000)]
  0x000001c4600c5850 JavaThread "Unconstrained build operations Thread 5" [_thread_blocked, id=2784, stack(0x0000000104000000,0x0000000104100000)]
  0x000001c4600c6c90 JavaThread "Unconstrained build operations Thread 6" [_thread_blocked, id=16824, stack(0x0000000104100000,0x0000000104200000)]
  0x000001c4600c71a0 JavaThread "Unconstrained build operations Thread 7" [_thread_blocked, id=14552, stack(0x0000000104200000,0x0000000104300000)]
  0x000001c4600c9510 JavaThread "Unconstrained build operations Thread 8" [_thread_blocked, id=17052, stack(0x0000000104300000,0x0000000104400000)]
  0x000001c4600c5d60 JavaThread "Unconstrained build operations Thread 9" [_thread_blocked, id=13644, stack(0x0000000104400000,0x0000000104500000)]
  0x000001c4600c7bc0 JavaThread "Unconstrained build operations Thread 10" [_thread_blocked, id=14800, stack(0x0000000104500000,0x0000000104600000)]
  0x000001c4600c9a20 JavaThread "Unconstrained build operations Thread 11" [_thread_blocked, id=20628, stack(0x0000000104600000,0x0000000104700000)]
  0x000001c4600c6270 JavaThread "Unconstrained build operations Thread 12" [_thread_blocked, id=20564, stack(0x0000000104700000,0x0000000104800000)]
  0x000001c4600cc2a0 JavaThread "Unconstrained build operations Thread 13" [_thread_blocked, id=5060, stack(0x0000000104800000,0x0000000104900000)]
  0x000001c4600cc7b0 JavaThread "Unconstrained build operations Thread 14" [_thread_blocked, id=8176, stack(0x0000000104900000,0x0000000104a00000)]
  0x000001c4600cccc0 JavaThread "Unconstrained build operations Thread 15" [_thread_blocked, id=20204, stack(0x0000000104a00000,0x0000000104b00000)]
  0x000001c4600c9f30 JavaThread "Unconstrained build operations Thread 16" [_thread_blocked, id=18040, stack(0x0000000104b00000,0x0000000104c00000)]
  0x000001c4600cbd90 JavaThread "Unconstrained build operations Thread 17" [_thread_blocked, id=2984, stack(0x0000000104c00000,0x0000000104d00000)]
  0x000001c4600ca440 JavaThread "Unconstrained build operations Thread 18" [_thread_blocked, id=11892, stack(0x0000000104d00000,0x0000000104e00000)]
  0x000001c4600ca950 JavaThread "Unconstrained build operations Thread 19" [_thread_blocked, id=13944, stack(0x0000000104e00000,0x0000000104f00000)]
  0x000001c4600cae60 JavaThread "Unconstrained build operations Thread 20" [_thread_blocked, id=9348, stack(0x0000000104f00000,0x0000000105000000)]
  0x000001c4600cb880 JavaThread "Unconstrained build operations Thread 21" [_thread_blocked, id=14392, stack(0x0000000105000000,0x0000000105100000)]
  0x000001c460fca030 JavaThread "Memory manager" [_thread_blocked, id=8764, stack(0x0000000105100000,0x0000000105200000)]
  0x000001c460fca540 JavaThread "build event listener" [_thread_blocked, id=21216, stack(0x0000000103300000,0x0000000103400000)]
  0x000001c460fc81d0 JavaThread "included builds" [_thread_blocked, id=9556, stack(0x0000000105300000,0x0000000105400000)]
  0x000001c460fc7cc0 JavaThread "Execution worker" [_thread_blocked, id=4700, stack(0x0000000105400000,0x0000000105500000)]
  0x000001c460fc86e0 JavaThread "Execution worker Thread 2" [_thread_blocked, id=2680, stack(0x0000000105500000,0x0000000105600000)]
  0x000001c460fcb980 JavaThread "Execution worker Thread 3" [_thread_blocked, id=11944, stack(0x0000000105600000,0x0000000105700000)]
  0x000001c460fcbe90 JavaThread "Execution worker Thread 4" [_thread_blocked, id=15868, stack(0x0000000105700000,0x0000000105800000)]
  0x000001c460fcc3a0 JavaThread "Execution worker Thread 5" [_thread_blocked, id=3212, stack(0x0000000105800000,0x0000000105900000)]
  0x000001c460fc8bf0 JavaThread "Execution worker Thread 6" [_thread_blocked, id=2656, stack(0x0000000105900000,0x0000000105a00000)]
  0x000001c460fcc8b0 JavaThread "Execution worker Thread 7" [_thread_blocked, id=12412, stack(0x0000000105a00000,0x0000000105b00000)]
  0x000001c460fccdc0 JavaThread "Cache worker for execution history cache (C:\src\flutter\packages\flutter_tools\gradle\.gradle\8.14\executionHistory)" [_thread_blocked, id=3732, stack(0x0000000105200000,0x0000000105300000)]
  0x000001c460fc9610 JavaThread "Unconstrained build operations Thread 22" [_thread_blocked, id=12904, stack(0x0000000101900000,0x0000000101a00000)]
  0x000001c460fce710 JavaThread "Unconstrained build operations Thread 23" [_thread_blocked, id=8140, stack(0x0000000105b00000,0x0000000105c00000)]
  0x000001c460fce200 JavaThread "Unconstrained build operations Thread 24" [_thread_blocked, id=7544, stack(0x0000000105c00000,0x0000000105d00000)]
  0x000001c460fcd2d0 JavaThread "Unconstrained build operations Thread 25" [_thread_blocked, id=10932, stack(0x0000000105d00000,0x0000000105e00000)]
  0x000001c460fcd7e0 JavaThread "Unconstrained build operations Thread 26" [_thread_blocked, id=14640, stack(0x0000000105e00000,0x0000000105f00000)]
  0x000001c460fcdcf0 JavaThread "Unconstrained build operations Thread 27" [_thread_blocked, id=1440, stack(0x0000000105f00000,0x0000000106000000)]
  0x000001c460fcec20 JavaThread "Unconstrained build operations Thread 28" [_thread_blocked, id=8804, stack(0x0000000106000000,0x0000000106100000)]
  0x000001c460fcf130 JavaThread "Unconstrained build operations Thread 29" [_thread_blocked, id=1356, stack(0x0000000106100000,0x0000000106200000)]
  0x000001c460fcf640 JavaThread "Unconstrained build operations Thread 30" [_thread_blocked, id=17456, stack(0x0000000106200000,0x0000000106300000)]
  0x000001c4269e11b0 JavaThread "Unconstrained build operations Thread 31" [_thread_blocked, id=20344, stack(0x0000000106300000,0x0000000106400000)]
  0x000001c4269e20e0 JavaThread "Unconstrained build operations Thread 32" [_thread_blocked, id=15336, stack(0x0000000106400000,0x0000000106500000)]
  0x000001c4269e3010 JavaThread "Unconstrained build operations Thread 33" [_thread_blocked, id=18628, stack(0x0000000106500000,0x0000000106600000)]
  0x000001c4269e2b00 JavaThread "Unconstrained build operations Thread 34" [_thread_blocked, id=6112, stack(0x0000000106600000,0x0000000106700000)]
  0x000001c4269e3f40 JavaThread "Unconstrained build operations Thread 35" [_thread_blocked, id=16096, stack(0x0000000106700000,0x0000000106800000)]
  0x000001c4269e3520 JavaThread "Unconstrained build operations Thread 36" [_thread_blocked, id=7244, stack(0x0000000106900000,0x0000000106a00000)]
  0x000001c4269e3a30 JavaThread "Unconstrained build operations Thread 37" [_thread_blocked, id=4912, stack(0x0000000106a00000,0x0000000106b00000)]
  0x000001c4269e4450 JavaThread "Unconstrained build operations Thread 38" [_thread_blocked, id=18412, stack(0x0000000106b00000,0x0000000106c00000)]
  0x000001c4269e0ca0 JavaThread "Unconstrained build operations Thread 39" [_thread_blocked, id=18712, stack(0x0000000106c00000,0x0000000106d00000)]
  0x000001c4269e4960 JavaThread "Unconstrained build operations Thread 40" [_thread_blocked, id=6828, stack(0x0000000106d00000,0x0000000106e00000)]
  0x000001c4269e25f0 JavaThread "Unconstrained build operations Thread 41" [_thread_blocked, id=21148, stack(0x0000000106e00000,0x0000000106f00000)]
  0x000001c4269e4e70 JavaThread "Unconstrained build operations Thread 42" [_thread_blocked, id=7260, stack(0x0000000106f00000,0x0000000107000000)]
  0x000001c4269e16c0 JavaThread "Unconstrained build operations Thread 43" [_thread_blocked, id=17120, stack(0x0000000107000000,0x0000000107100000)]
  0x000001c4269e5380 JavaThread "Unconstrained build operations Thread 44" [_thread_blocked, id=8156, stack(0x0000000107100000,0x0000000107200000)]
  0x000001c4269e6cd0 JavaThread "Unconstrained build operations Thread 45" [_thread_blocked, id=19120, stack(0x0000000107200000,0x0000000107300000)]
  0x000001c4269e71e0 JavaThread "Unconstrained build operations Thread 46" [_thread_blocked, id=6088, stack(0x0000000107300000,0x0000000107400000)]
  0x000001c4269e8620 JavaThread "Unconstrained build operations Thread 47" [_thread_blocked, id=15644, stack(0x0000000107400000,0x0000000107500000)]
  0x000001c4269e5890 JavaThread "Unconstrained build operations Thread 48" [_thread_blocked, id=12548, stack(0x0000000107500000,0x0000000107600000)]
  0x000001c4269e76f0 JavaThread "Unconstrained build operations Thread 49" [_thread_blocked, id=17184, stack(0x0000000107600000,0x0000000107700000)]
  0x000001c4269e62b0 JavaThread "Unconstrained build operations Thread 50" [_thread_blocked, id=5660, stack(0x0000000107700000,0x0000000107800000)]
  0x000001c4269e7c00 JavaThread "Unconstrained build operations Thread 51" [_thread_blocked, id=9340, stack(0x0000000107800000,0x0000000107900000)]
  0x000001c4269e8110 JavaThread "Unconstrained build operations Thread 52" [_thread_blocked, id=14248, stack(0x0000000107900000,0x0000000107a00000)]
  0x000001c4269e67c0 JavaThread "Unconstrained build operations Thread 53" [_thread_blocked, id=12024, stack(0x0000000107a00000,0x0000000107b00000)]
  0x000001c42689e800 JavaThread "Unconstrained build operations Thread 54" [_thread_blocked, id=15028, stack(0x0000000107b00000,0x0000000107c00000)]
  0x000001c42689f220 JavaThread "Unconstrained build operations Thread 55" [_thread_blocked, id=4400, stack(0x0000000107c00000,0x0000000107d00000)]
  0x000001c42689f730 JavaThread "Unconstrained build operations Thread 56" [_thread_blocked, id=10968, stack(0x0000000107d00000,0x0000000107e00000)]
  0x000001c42689d3c0 JavaThread "Unconstrained build operations Thread 57" [_thread_blocked, id=3764, stack(0x0000000107e00000,0x0000000107f00000)]
  0x000001c42689d8d0 JavaThread "Unconstrained build operations Thread 58" [_thread_blocked, id=1676, stack(0x0000000107f00000,0x0000000108000000)]
  0x000001c42689c490 JavaThread "Unconstrained build operations Thread 59" [_thread_blocked, id=21316, stack(0x0000000108000000,0x0000000108100000)]
  0x000001c42689c9a0 JavaThread "Unconstrained build operations Thread 60" [_thread_blocked, id=18464, stack(0x0000000108100000,0x0000000108200000)]
  0x000001c42689dde0 JavaThread "Unconstrained build operations Thread 61" [_thread_blocked, id=11408, stack(0x0000000108200000,0x0000000108300000)]
  0x000001c42689bf80 JavaThread "Unconstrained build operations Thread 62" [_thread_blocked, id=15836, stack(0x0000000108300000,0x0000000108400000)]
  0x000001c42689fc40 JavaThread "Unconstrained build operations Thread 63" [_thread_blocked, id=9284, stack(0x0000000108400000,0x0000000108500000)]
  0x000001c4268a0150 JavaThread "Unconstrained build operations Thread 64" [_thread_blocked, id=19232, stack(0x0000000108500000,0x0000000108600000)]
  0x000001c42689e2f0 JavaThread "Unconstrained build operations Thread 65" [_thread_blocked, id=20060, stack(0x0000000108600000,0x0000000108700000)]
  0x000001c4268a0660 JavaThread "jar transforms Thread 2" [_thread_blocked, id=7096, stack(0x0000000108700000,0x0000000108800000)]
  0x000001c4268a0b70 JavaThread "jar transforms Thread 3" [_thread_blocked, id=19888, stack(0x0000000108900000,0x0000000108a00000)]
  0x000001c4268a1080 JavaThread "Unconstrained build operations Thread 66" [_thread_blocked, id=14396, stack(0x0000000108a00000,0x0000000108b00000)]
  0x000001c4268a1aa0 JavaThread "Unconstrained build operations Thread 67" [_thread_blocked, id=18272, stack(0x0000000108b00000,0x0000000108c00000)]
  0x000001c4268a1fb0 JavaThread "Unconstrained build operations Thread 68" [_thread_blocked, id=17288, stack(0x0000000108c00000,0x0000000108d00000)]
  0x000001c4268a24c0 JavaThread "Unconstrained build operations Thread 69" [_thread_blocked, id=15988, stack(0x0000000108d00000,0x0000000108e00000)]
  0x000001c4268a1590 JavaThread "Unconstrained build operations Thread 70" [_thread_blocked, id=5836, stack(0x0000000108e00000,0x0000000108f00000)]
  0x000001c42689ed10 JavaThread "Unconstrained build operations Thread 71" [_thread_blocked, id=10680, stack(0x0000000108f00000,0x0000000109000000)]
  0x000001c4268a29d0 JavaThread "Unconstrained build operations Thread 72" [_thread_blocked, id=14608, stack(0x0000000109000000,0x0000000109100000)]
  0x000001c4268a2ee0 JavaThread "Unconstrained build operations Thread 73" [_thread_blocked, id=20992, stack(0x0000000109100000,0x0000000109200000)]
  0x000001c4268a33f0 JavaThread "Unconstrained build operations Thread 74" [_thread_blocked, id=15700, stack(0x0000000109200000,0x0000000109300000)]
  0x000001c4268a3900 JavaThread "Unconstrained build operations Thread 75" [_thread_blocked, id=14060, stack(0x0000000109300000,0x0000000109400000)]
  0x000001c4600cb370 JavaThread "Unconstrained build operations Thread 76" [_thread_blocked, id=2072, stack(0x0000000109400000,0x0000000109500000)]
  0x000001c465b59df0 JavaThread "Unconstrained build operations Thread 77" [_thread_blocked, id=13340, stack(0x0000000109500000,0x0000000109600000)]
  0x000001c465b5a300 JavaThread "Unconstrained build operations Thread 78" [_thread_blocked, id=20484, stack(0x0000000109600000,0x0000000109700000)]
  0x000001c465b57a80 JavaThread "Unconstrained build operations Thread 79" [_thread_blocked, id=17048, stack(0x0000000109700000,0x0000000109800000)]
  0x000001c465b57f90 JavaThread "Unconstrained build operations Thread 80" [_thread_blocked, id=6312, stack(0x0000000109800000,0x0000000109900000)]
  0x000001c465b57060 JavaThread "jar transforms Thread 4" [_thread_blocked, id=17864, stack(0x0000000109900000,0x0000000109a00000)]
  0x000001c465b598e0 JavaThread "Problems report writer" [_thread_blocked, id=5208, stack(0x0000000109a00000,0x0000000109b00000)]
  0x000001c465b5ad20 JavaThread "jar transforms Thread 5" [_thread_blocked, id=10104, stack(0x0000000109b00000,0x0000000109c00000)]
  0x000001c465b584a0 JavaThread "File lock release action executor" [_thread_blocked, id=12124, stack(0x0000000108800000,0x0000000108900000)]
  0x000001c465b5c670 JavaThread "build event listener" [_thread_blocked, id=10008, stack(0x0000000109c00000,0x0000000109d00000)]
  0x000001c465b5c160 JavaThread "jar transforms Thread 6" [_thread_blocked, id=17136, stack(0x0000000109e00000,0x0000000109f00000)]
  0x000001c464a05bc0 JavaThread "jar transforms Thread 7" [_thread_blocked, id=9248, stack(0x0000000109f00000,0x000000010a000000)]
  0x000001c464a07f30 JavaThread "jar transforms Thread 8" [_thread_blocked, id=14612, stack(0x000000010a000000,0x000000010a100000)]
  0x000001c464a0b1d0 JavaThread "Cache worker for execution history cache (D:\InurumFlutter\mg\driver-and-customer\mahilasaarthi\driver\android\.gradle\8.14\executionHistory)" [_thread_blocked, id=20172, stack(0x000000010a300000,0x000000010a400000)]
  0x000001c464a07a20 JavaThread "Exec process" [_thread_in_native, id=4276, stack(0x000000010a400000,0x000000010a500000)]
  0x000001c46ddb2a90 JavaThread "Exec process Thread 2" [_thread_in_native, id=15992, stack(0x000000010a500000,0x000000010a600000)]
  0x000001c46ddb2fa0 JavaThread "Exec process Thread 3" [_thread_in_native, id=8268, stack(0x000000010a600000,0x000000010a700000)]

Other Threads:
  0x000001c42669dc10 VMThread "VM Thread" [stack: 0x0000000100c00000,0x0000000100d00000] [id=17276]
  0x000001c4269a8b10 WatcherThread [stack: 0x0000000101800000,0x0000000101900000] [id=14324]
  0x000001c4038c7c60 GCTaskThread "GC Thread#0" [stack: 0x0000000100700000,0x0000000100800000] [id=13352]
  0x000001c426afc7f0 GCTaskThread "GC Thread#1" [stack: 0x0000000101a00000,0x0000000101b00000] [id=14436]
  0x000001c426afcab0 GCTaskThread "GC Thread#2" [stack: 0x0000000101b00000,0x0000000101c00000] [id=14300]
  0x000001c4602394b0 GCTaskThread "GC Thread#3" [stack: 0x0000000101c00000,0x0000000101d00000] [id=3744]
  0x000001c426b2ac50 GCTaskThread "GC Thread#4" [stack: 0x0000000101d00000,0x0000000101e00000] [id=17664]
  0x000001c426b2af10 GCTaskThread "GC Thread#5" [stack: 0x0000000101e00000,0x0000000101f00000] [id=17784]
  0x000001c46157b250 GCTaskThread "GC Thread#6" [stack: 0x0000000101f00000,0x0000000102000000] [id=5652]
  0x000001c461558ed0 GCTaskThread "GC Thread#7" [stack: 0x0000000102000000,0x0000000102100000] [id=13968]
  0x000001c4038d9ad0 ConcurrentGCThread "G1 Main Marker" [stack: 0x0000000100800000,0x0000000100900000] [id=18676]
  0x000001c4038db0c0 ConcurrentGCThread "G1 Conc#0" [stack: 0x0000000100900000,0x0000000100a00000] [id=8592]
  0x000001c4621b1cb0 ConcurrentGCThread "G1 Conc#1" [stack: 0x0000000103000000,0x0000000103100000] [id=20940]
  0x000001c40391d420 ConcurrentGCThread "G1 Refine#0" [stack: 0x0000000100a00000,0x0000000100b00000] [id=6776]
  0x000001c4624083b0 ConcurrentGCThread "G1 Refine#1" [stack: 0x0000000103400000,0x0000000103500000] [id=15300]
  0x000001c4624086a0 ConcurrentGCThread "G1 Refine#2" [stack: 0x0000000103500000,0x0000000103600000] [id=10388]
  0x000001c46d0175e0 ConcurrentGCThread "G1 Refine#3" [stack: 0x000000010a200000,0x000000010a300000] [id=16108]
  0x000001c40391dd60 ConcurrentGCThread "G1 Service" [stack: 0x0000000100b00000,0x0000000100c00000] [id=21348]

Threads with active compile tasks:
C2 CompilerThread0    88780 24880       4       org.gradle.internal.io.LineBufferingOutputStream::write (59 bytes)

VM state: not at safepoint (normal execution)

VM Mutex/Monitor currently owned by a thread: None

Heap address: 0x0000000700000000, size: 4096 MB, Compressed Oops mode: Zero based, Oop shift amount: 3

CDS archive(s) mapped at: [0x000001c427000000-0x000001c427bd0000-0x000001c427bd0000), size 12386304, SharedBaseAddress: 0x000001c427000000, ArchiveRelocationMode: 1.
Compressed class space mapped at: 0x000001c428000000-0x000001c45c000000, reserved size: 872415232
Narrow klass base: 0x000001c427000000, Narrow klass shift: 0, Narrow klass range: 0x100000000

GC Precious Log:
 CPUs: 8 total, 8 available
 Memory: 16197M
 Large Page Support: Disabled
 NUMA Support: Disabled
 Compressed Oops: Enabled (Zero based)
 Heap Region Size: 2M
 Heap Min Capacity: 8M
 Heap Initial Capacity: 254M
 Heap Max Capacity: 4G
 Pre-touch: Disabled
 Parallel Workers: 8
 Concurrent Workers: 2
 Concurrent Refinement Workers: 8
 Periodic GC: Disabled

Heap:
 garbage-first heap   total 948224K, used 694458K [0x0000000700000000, 0x0000000800000000)
  region size 2048K, 96 young (196608K), 10 survivors (20480K)
 Metaspace       used 128028K, committed 130688K, reserved 983040K
  class space    used 17518K, committed 18688K, reserved 851968K

Heap Regions: E=young(eden), S=young(survivor), O=old, HS=humongous(starts), HC=humongous(continues), CS=collection set, F=free, OA=open archive, CA=closed archive, TAMS=top-at-mark-start (previous, next)
|   0|0x0000000700000000, 0x0000000700200000, 0x0000000700200000|100%|HS|  |TAMS 0x0000000700200000, 0x0000000700000000| Complete 
|   1|0x0000000700200000, 0x0000000700400000, 0x0000000700400000|100%|HC|  |TAMS 0x0000000700400000, 0x0000000700200000| Complete 
|   2|0x0000000700400000, 0x0000000700600000, 0x0000000700600000|100%| O|  |TAMS 0x0000000700600000, 0x0000000700400000| Untracked 
|   3|0x0000000700600000, 0x0000000700800000, 0x0000000700800000|100%| O|  |TAMS 0x0000000700800000, 0x0000000700600000| Untracked 
|   4|0x0000000700800000, 0x0000000700a00000, 0x0000000700a00000|100%| O|  |TAMS 0x0000000700a00000, 0x0000000700800000| Untracked 
|   5|0x0000000700a00000, 0x0000000700c00000, 0x0000000700c00000|100%| O|  |TAMS 0x0000000700c00000, 0x0000000700a00000| Untracked 
|   6|0x0000000700c00000, 0x0000000700e00000, 0x0000000700e00000|100%| O|  |TAMS 0x0000000700e00000, 0x0000000700c00000| Untracked 
|   7|0x0000000700e00000, 0x0000000701000000, 0x0000000701000000|100%| O|  |TAMS 0x0000000701000000, 0x0000000700e00000| Untracked 
|   8|0x0000000701000000, 0x0000000701200000, 0x0000000701200000|100%| O|  |TAMS 0x0000000701200000, 0x0000000701000000| Untracked 
|   9|0x0000000701200000, 0x0000000701400000, 0x0000000701400000|100%| O|  |TAMS 0x0000000701400000, 0x0000000701200000| Untracked 
|  10|0x0000000701400000, 0x0000000701600000, 0x0000000701600000|100%| O|  |TAMS 0x0000000701600000, 0x0000000701400000| Untracked 
|  11|0x0000000701600000, 0x0000000701800000, 0x0000000701800000|100%| O|  |TAMS 0x0000000701800000, 0x0000000701600000| Untracked 
|  12|0x0000000701800000, 0x0000000701a00000, 0x0000000701a00000|100%| O|  |TAMS 0x0000000701a00000, 0x0000000701800000| Untracked 
|  13|0x0000000701a00000, 0x0000000701c00000, 0x0000000701c00000|100%| O|  |TAMS 0x0000000701c00000, 0x0000000701a00000| Untracked 
|  14|0x0000000701c00000, 0x0000000701e00000, 0x0000000701e00000|100%| O|  |TAMS 0x0000000701e00000, 0x0000000701c00000| Untracked 
|  15|0x0000000701e00000, 0x0000000702000000, 0x0000000702000000|100%| O|  |TAMS 0x0000000702000000, 0x0000000701e00000| Untracked 
|  16|0x0000000702000000, 0x0000000702200000, 0x0000000702200000|100%| O|  |TAMS 0x0000000702200000, 0x0000000702000000| Untracked 
|  17|0x0000000702200000, 0x0000000702400000, 0x0000000702400000|100%| O|  |TAMS 0x0000000702400000, 0x0000000702200000| Untracked 
|  18|0x0000000702400000, 0x0000000702600000, 0x0000000702600000|100%| O|  |TAMS 0x0000000702600000, 0x0000000702400000| Untracked 
|  19|0x0000000702600000, 0x0000000702800000, 0x0000000702800000|100%| O|  |TAMS 0x0000000702800000, 0x0000000702600000| Untracked 
|  20|0x0000000702800000, 0x0000000702a00000, 0x0000000702a00000|100%| O|  |TAMS 0x0000000702800000, 0x0000000702800000| Untracked 
|  21|0x0000000702a00000, 0x0000000702c00000, 0x0000000702c00000|100%| O|  |TAMS 0x0000000702a00000, 0x0000000702a00000| Untracked 
|  22|0x0000000702c00000, 0x0000000702e00000, 0x0000000702e00000|100%| O|  |TAMS 0x0000000702c00000, 0x0000000702c00000| Untracked 
|  23|0x0000000702e00000, 0x0000000703000000, 0x0000000703000000|100%|HS|  |TAMS 0x0000000703000000, 0x0000000702e00000| Complete 
|  24|0x0000000703000000, 0x0000000703200000, 0x0000000703200000|100%|HS|  |TAMS 0x0000000703200000, 0x0000000703000000| Complete 
|  25|0x0000000703200000, 0x0000000703400000, 0x0000000703400000|100%| O|  |TAMS 0x0000000703400000, 0x0000000703200000| Untracked 
|  26|0x0000000703400000, 0x0000000703600000, 0x0000000703600000|100%| O|  |TAMS 0x0000000703600000, 0x0000000703400000| Untracked 
|  27|0x0000000703600000, 0x0000000703800000, 0x0000000703800000|100%| O|  |TAMS 0x0000000703800000, 0x0000000703600000| Untracked 
|  28|0x0000000703800000, 0x0000000703a00000, 0x0000000703a00000|100%| O|  |TAMS 0x0000000703a00000, 0x0000000703800000| Untracked 
|  29|0x0000000703a00000, 0x0000000703c00000, 0x0000000703c00000|100%| O|  |TAMS 0x0000000703c00000, 0x0000000703a00000| Untracked 
|  30|0x0000000703c00000, 0x0000000703e00000, 0x0000000703e00000|100%| O|  |TAMS 0x0000000703e00000, 0x0000000703c00000| Untracked 
|  31|0x0000000703e00000, 0x0000000704000000, 0x0000000704000000|100%| O|  |TAMS 0x0000000704000000, 0x0000000703e00000| Untracked 
|  32|0x0000000704000000, 0x0000000704200000, 0x0000000704200000|100%| O|  |TAMS 0x0000000704200000, 0x0000000704000000| Untracked 
|  33|0x0000000704200000, 0x0000000704400000, 0x0000000704400000|100%| O|  |TAMS 0x0000000704400000, 0x0000000704200000| Untracked 
|  34|0x0000000704400000, 0x0000000704600000, 0x0000000704600000|100%| O|  |TAMS 0x0000000704600000, 0x0000000704400000| Untracked 
|  35|0x0000000704600000, 0x0000000704800000, 0x0000000704800000|100%| O|  |TAMS 0x0000000704800000, 0x0000000704600000| Untracked 
|  36|0x0000000704800000, 0x0000000704a00000, 0x0000000704a00000|100%| O|  |TAMS 0x0000000704a00000, 0x0000000704800000| Untracked 
|  37|0x0000000704a00000, 0x0000000704c00000, 0x0000000704c00000|100%| O|  |TAMS 0x0000000704a00000, 0x0000000704a00000| Untracked 
|  38|0x0000000704c00000, 0x0000000704e00000, 0x0000000704e00000|100%| O|  |TAMS 0x0000000704c00000, 0x0000000704c00000| Untracked 
|  39|0x0000000704e00000, 0x0000000705000000, 0x0000000705000000|100%| O|  |TAMS 0x0000000705000000, 0x0000000704e00000| Untracked 
|  40|0x0000000705000000, 0x0000000705200000, 0x0000000705200000|100%| O|  |TAMS 0x0000000705200000, 0x0000000705000000| Untracked 
|  41|0x0000000705200000, 0x0000000705400000, 0x0000000705400000|100%| O|  |TAMS 0x0000000705400000, 0x0000000705200000| Untracked 
|  42|0x0000000705400000, 0x0000000705600000, 0x0000000705600000|100%| O|  |TAMS 0x0000000705600000, 0x0000000705400000| Untracked 
|  43|0x0000000705600000, 0x0000000705800000, 0x0000000705800000|100%| O|  |TAMS 0x0000000705800000, 0x0000000705600000| Untracked 
|  44|0x0000000705800000, 0x0000000705a00000, 0x0000000705a00000|100%| O|  |TAMS 0x0000000705a00000, 0x0000000705800000| Untracked 
|  45|0x0000000705a00000, 0x0000000705c00000, 0x0000000705c00000|100%|HS|  |TAMS 0x0000000705a00000, 0x0000000705a00000| Complete 
|  46|0x0000000705c00000, 0x0000000705e00000, 0x0000000705e00000|100%|HS|  |TAMS 0x0000000705e00000, 0x0000000705c00000| Complete 
|  47|0x0000000705e00000, 0x0000000706000000, 0x0000000706000000|100%| O|  |TAMS 0x0000000706000000, 0x0000000705e00000| Untracked 
|  48|0x0000000706000000, 0x0000000706200000, 0x0000000706200000|100%| O|  |TAMS 0x0000000706000000, 0x0000000706000000| Untracked 
|  49|0x0000000706200000, 0x0000000706400000, 0x0000000706400000|100%| O|  |TAMS 0x0000000706400000, 0x0000000706200000| Untracked 
|  50|0x0000000706400000, 0x0000000706600000, 0x0000000706600000|100%| O|  |TAMS 0x0000000706400000, 0x0000000706400000| Untracked 
|  51|0x0000000706600000, 0x0000000706800000, 0x0000000706800000|100%| O|  |TAMS 0x0000000706800000, 0x0000000706600000| Untracked 
|  52|0x0000000706800000, 0x0000000706a00000, 0x0000000706a00000|100%| O|  |TAMS 0x0000000706a00000, 0x0000000706800000| Untracked 
|  53|0x0000000706a00000, 0x0000000706c00000, 0x0000000706c00000|100%| O|  |TAMS 0x0000000706c00000, 0x0000000706a00000| Untracked 
|  54|0x0000000706c00000, 0x0000000706e00000, 0x0000000706e00000|100%| O|  |TAMS 0x0000000706e00000, 0x0000000706c00000| Untracked 
|  55|0x0000000706e00000, 0x0000000707000000, 0x0000000707000000|100%| O|  |TAMS 0x0000000707000000, 0x0000000706e00000| Untracked 
|  56|0x0000000707000000, 0x0000000707200000, 0x0000000707200000|100%| O|  |TAMS 0x0000000707200000, 0x0000000707000000| Untracked 
|  57|0x0000000707200000, 0x0000000707400000, 0x0000000707400000|100%| O|  |TAMS 0x0000000707400000, 0x0000000707200000| Untracked 
|  58|0x0000000707400000, 0x0000000707600000, 0x0000000707600000|100%| O|  |TAMS 0x0000000707600000, 0x0000000707400000| Untracked 
|  59|0x0000000707600000, 0x0000000707800000, 0x0000000707800000|100%| O|  |TAMS 0x0000000707800000, 0x0000000707600000| Untracked 
|  60|0x0000000707800000, 0x0000000707a00000, 0x0000000707a00000|100%| O|  |TAMS 0x0000000707a00000, 0x0000000707800000| Untracked 
|  61|0x0000000707a00000, 0x0000000707c00000, 0x0000000707c00000|100%| O|  |TAMS 0x0000000707c00000, 0x0000000707a00000| Untracked 
|  62|0x0000000707c00000, 0x0000000707e00000, 0x0000000707e00000|100%| O|  |TAMS 0x0000000707e00000, 0x0000000707c00000| Untracked 
|  63|0x0000000707e00000, 0x0000000708000000, 0x0000000708000000|100%| O|  |TAMS 0x0000000708000000, 0x0000000707e00000| Untracked 
|  64|0x0000000708000000, 0x0000000708200000, 0x0000000708200000|100%| O|  |TAMS 0x000000070807cc00, 0x0000000708000000| Untracked 
|  65|0x0000000708200000, 0x0000000708400000, 0x0000000708400000|100%|HS|  |TAMS 0x0000000708200000, 0x0000000708200000| Complete 
|  66|0x0000000708400000, 0x0000000708600000, 0x0000000708600000|100%|HC|  |TAMS 0x0000000708400000, 0x0000000708400000| Complete 
|  67|0x0000000708600000, 0x0000000708800000, 0x0000000708800000|100%| O|  |TAMS 0x0000000708600000, 0x0000000708600000| Untracked 
|  68|0x0000000708800000, 0x0000000708a00000, 0x0000000708a00000|100%| O|  |TAMS 0x0000000708800000, 0x0000000708800000| Untracked 
|  69|0x0000000708a00000, 0x0000000708c00000, 0x0000000708c00000|100%| O|  |TAMS 0x0000000708a00000, 0x0000000708a00000| Untracked 
|  70|0x0000000708c00000, 0x0000000708e00000, 0x0000000708e00000|100%| O|  |TAMS 0x0000000708c00000, 0x0000000708c00000| Untracked 
|  71|0x0000000708e00000, 0x0000000709000000, 0x0000000709000000|100%| O|  |TAMS 0x0000000708e00000, 0x0000000708e00000| Untracked 
|  72|0x0000000709000000, 0x0000000709200000, 0x0000000709200000|100%| O|  |TAMS 0x0000000709000000, 0x0000000709000000| Untracked 
|  73|0x0000000709200000, 0x0000000709400000, 0x0000000709400000|100%| O|  |TAMS 0x0000000709200000, 0x0000000709200000| Untracked 
|  74|0x0000000709400000, 0x0000000709600000, 0x0000000709600000|100%| O|  |TAMS 0x0000000709400000, 0x0000000709400000| Untracked 
|  75|0x0000000709600000, 0x0000000709800000, 0x0000000709800000|100%| O|  |TAMS 0x0000000709600000, 0x0000000709600000| Untracked 
|  76|0x0000000709800000, 0x0000000709a00000, 0x0000000709a00000|100%| O|  |TAMS 0x0000000709800000, 0x0000000709800000| Untracked 
|  77|0x0000000709a00000, 0x0000000709c00000, 0x0000000709c00000|100%| O|  |TAMS 0x0000000709a00000, 0x0000000709a00000| Untracked 
|  78|0x0000000709c00000, 0x0000000709e00000, 0x0000000709e00000|100%| O|  |TAMS 0x0000000709c00000, 0x0000000709c00000| Untracked 
|  79|0x0000000709e00000, 0x000000070a000000, 0x000000070a000000|100%| O|  |TAMS 0x0000000709e00000, 0x0000000709e00000| Untracked 
|  80|0x000000070a000000, 0x000000070a200000, 0x000000070a200000|100%| O|  |TAMS 0x000000070a000000, 0x000000070a000000| Untracked 
|  81|0x000000070a200000, 0x000000070a400000, 0x000000070a400000|100%| O|  |TAMS 0x000000070a200000, 0x000000070a200000| Untracked 
|  82|0x000000070a400000, 0x000000070a600000, 0x000000070a600000|100%|HS|  |TAMS 0x000000070a400000, 0x000000070a400000| Complete 
|  83|0x000000070a600000, 0x000000070a800000, 0x000000070a800000|100%|HS|  |TAMS 0x000000070a600000, 0x000000070a600000| Complete 
|  84|0x000000070a800000, 0x000000070aa00000, 0x000000070aa00000|100%|HC|  |TAMS 0x000000070a800000, 0x000000070a800000| Complete 
|  85|0x000000070aa00000, 0x000000070ac00000, 0x000000070ac00000|100%| O|  |TAMS 0x000000070aa00000, 0x000000070aa00000| Untracked 
|  86|0x000000070ac00000, 0x000000070ae00000, 0x000000070ae00000|100%| O|  |TAMS 0x000000070ac00000, 0x000000070ac00000| Untracked 
|  87|0x000000070ae00000, 0x000000070b000000, 0x000000070b000000|100%| O|  |TAMS 0x000000070ae00000, 0x000000070ae00000| Untracked 
|  88|0x000000070b000000, 0x000000070b200000, 0x000000070b200000|100%| O|  |TAMS 0x000000070b000000, 0x000000070b000000| Untracked 
|  89|0x000000070b200000, 0x000000070b400000, 0x000000070b400000|100%| O|  |TAMS 0x000000070b200000, 0x000000070b200000| Untracked 
|  90|0x000000070b400000, 0x000000070b600000, 0x000000070b600000|100%| O|  |TAMS 0x000000070b400000, 0x000000070b400000| Untracked 
|  91|0x000000070b600000, 0x000000070b800000, 0x000000070b800000|100%| O|  |TAMS 0x000000070b600000, 0x000000070b600000| Untracked 
|  92|0x000000070b800000, 0x000000070ba00000, 0x000000070ba00000|100%| O|  |TAMS 0x000000070b800000, 0x000000070b800000| Untracked 
|  93|0x000000070ba00000, 0x000000070bc00000, 0x000000070bc00000|100%| O|  |TAMS 0x000000070ba00000, 0x000000070ba00000| Untracked 
|  94|0x000000070bc00000, 0x000000070be00000, 0x000000070be00000|100%| O|  |TAMS 0x000000070bc00000, 0x000000070bc00000| Untracked 
|  95|0x000000070be00000, 0x000000070c000000, 0x000000070c000000|100%| O|  |TAMS 0x000000070be00000, 0x000000070be00000| Untracked 
|  96|0x000000070c000000, 0x000000070c200000, 0x000000070c200000|100%| O|  |TAMS 0x000000070c000000, 0x000000070c000000| Untracked 
|  97|0x000000070c200000, 0x000000070c400000, 0x000000070c400000|100%| O|  |TAMS 0x000000070c200000, 0x000000070c200000| Untracked 
|  98|0x000000070c400000, 0x000000070c600000, 0x000000070c600000|100%| O|  |TAMS 0x000000070c400000, 0x000000070c400000| Untracked 
|  99|0x000000070c600000, 0x000000070c800000, 0x000000070c800000|100%| O|  |TAMS 0x000000070c600000, 0x000000070c600000| Untracked 
| 100|0x000000070c800000, 0x000000070ca00000, 0x000000070ca00000|100%| O|  |TAMS 0x000000070c800000, 0x000000070c800000| Untracked 
| 101|0x000000070ca00000, 0x000000070cc00000, 0x000000070cc00000|100%|HS|  |TAMS 0x000000070ca00000, 0x000000070ca00000| Complete 
| 102|0x000000070cc00000, 0x000000070ce00000, 0x000000070ce00000|100%| O|  |TAMS 0x000000070cc00000, 0x000000070cc00000| Untracked 
| 103|0x000000070ce00000, 0x000000070d000000, 0x000000070d000000|100%| O|  |TAMS 0x000000070ce00000, 0x000000070ce00000| Untracked 
| 104|0x000000070d000000, 0x000000070d200000, 0x000000070d200000|100%| O|  |TAMS 0x000000070d000000, 0x000000070d000000| Untracked 
| 105|0x000000070d200000, 0x000000070d400000, 0x000000070d400000|100%| O|  |TAMS 0x000000070d200000, 0x000000070d200000| Untracked 
| 106|0x000000070d400000, 0x000000070d600000, 0x000000070d600000|100%| O|  |TAMS 0x000000070d400000, 0x000000070d400000| Untracked 
| 107|0x000000070d600000, 0x000000070d800000, 0x000000070d800000|100%| O|  |TAMS 0x000000070d600000, 0x000000070d600000| Untracked 
| 108|0x000000070d800000, 0x000000070da00000, 0x000000070da00000|100%|HS|  |TAMS 0x000000070d800000, 0x000000070d800000| Complete 
| 109|0x000000070da00000, 0x000000070dc00000, 0x000000070dc00000|100%|HC|  |TAMS 0x000000070da00000, 0x000000070da00000| Complete 
| 110|0x000000070dc00000, 0x000000070de00000, 0x000000070de00000|100%| O|  |TAMS 0x000000070dc00000, 0x000000070dc00000| Untracked 
| 111|0x000000070de00000, 0x000000070e000000, 0x000000070e000000|100%| O|  |TAMS 0x000000070de00000, 0x000000070de00000| Untracked 
| 112|0x000000070e000000, 0x000000070e200000, 0x000000070e200000|100%| O|  |TAMS 0x000000070e000000, 0x000000070e000000| Untracked 
| 113|0x000000070e200000, 0x000000070e400000, 0x000000070e400000|100%| O|  |TAMS 0x000000070e200000, 0x000000070e200000| Untracked 
| 114|0x000000070e400000, 0x000000070e600000, 0x000000070e600000|100%| O|  |TAMS 0x000000070e400000, 0x000000070e400000| Untracked 
| 115|0x000000070e600000, 0x000000070e800000, 0x000000070e800000|100%| O|  |TAMS 0x000000070e600000, 0x000000070e600000| Untracked 
| 116|0x000000070e800000, 0x000000070ea00000, 0x000000070ea00000|100%| O|  |TAMS 0x000000070e800000, 0x000000070e800000| Untracked 
| 117|0x000000070ea00000, 0x000000070ec00000, 0x000000070ec00000|100%| O|  |TAMS 0x000000070ea00000, 0x000000070ea00000| Untracked 
| 118|0x000000070ec00000, 0x000000070ee00000, 0x000000070ee00000|100%| O|  |TAMS 0x000000070ec00000, 0x000000070ec00000| Untracked 
| 119|0x000000070ee00000, 0x000000070f000000, 0x000000070f000000|100%| O|  |TAMS 0x000000070ee00000, 0x000000070ee00000| Untracked 
| 120|0x000000070f000000, 0x000000070f200000, 0x000000070f200000|100%| O|  |TAMS 0x000000070f000000, 0x000000070f000000| Untracked 
| 121|0x000000070f200000, 0x000000070f400000, 0x000000070f400000|100%| O|  |TAMS 0x000000070f200000, 0x000000070f200000| Untracked 
| 122|0x000000070f400000, 0x000000070f600000, 0x000000070f600000|100%| O|  |TAMS 0x000000070f400000, 0x000000070f400000| Untracked 
| 123|0x000000070f600000, 0x000000070f800000, 0x000000070f800000|100%| O|  |TAMS 0x000000070f600000, 0x000000070f600000| Untracked 
| 124|0x000000070f800000, 0x000000070fa00000, 0x000000070fa00000|100%| O|  |TAMS 0x000000070f800000, 0x000000070f800000| Untracked 
| 125|0x000000070fa00000, 0x000000070fc00000, 0x000000070fc00000|100%| O|  |TAMS 0x000000070fa00000, 0x000000070fa00000| Untracked 
| 126|0x000000070fc00000, 0x000000070fe00000, 0x000000070fe00000|100%| O|  |TAMS 0x000000070fc00000, 0x000000070fc00000| Untracked 
| 127|0x000000070fe00000, 0x0000000710000000, 0x0000000710000000|100%| O|  |TAMS 0x000000070fe00000, 0x000000070fe00000| Untracked 
| 128|0x0000000710000000, 0x0000000710200000, 0x0000000710200000|100%| O|  |TAMS 0x0000000710000000, 0x0000000710000000| Untracked 
| 129|0x0000000710200000, 0x0000000710400000, 0x0000000710400000|100%| O|  |TAMS 0x0000000710200000, 0x0000000710200000| Untracked 
| 130|0x0000000710400000, 0x0000000710600000, 0x0000000710600000|100%| O|  |TAMS 0x0000000710400000, 0x0000000710400000| Untracked 
| 131|0x0000000710600000, 0x0000000710800000, 0x0000000710800000|100%| O|  |TAMS 0x0000000710600000, 0x0000000710600000| Untracked 
| 132|0x0000000710800000, 0x0000000710a00000, 0x0000000710a00000|100%| O|  |TAMS 0x0000000710800000, 0x0000000710800000| Untracked 
| 133|0x0000000710a00000, 0x0000000710c00000, 0x0000000710c00000|100%| O|  |TAMS 0x0000000710a00000, 0x0000000710a00000| Untracked 
| 134|0x0000000710c00000, 0x0000000710e00000, 0x0000000710e00000|100%| O|  |TAMS 0x0000000710c00000, 0x0000000710c00000| Untracked 
| 135|0x0000000710e00000, 0x0000000711000000, 0x0000000711000000|100%| O|  |TAMS 0x0000000710e00000, 0x0000000710e00000| Untracked 
| 136|0x0000000711000000, 0x0000000711200000, 0x0000000711200000|100%| O|  |TAMS 0x0000000711000000, 0x0000000711000000| Untracked 
| 137|0x0000000711200000, 0x0000000711400000, 0x0000000711400000|100%| O|  |TAMS 0x0000000711200000, 0x0000000711200000| Untracked 
| 138|0x0000000711400000, 0x0000000711600000, 0x0000000711600000|100%| O|  |TAMS 0x0000000711400000, 0x0000000711400000| Untracked 
| 139|0x0000000711600000, 0x0000000711800000, 0x0000000711800000|100%| O|  |TAMS 0x0000000711600000, 0x0000000711600000| Untracked 
| 140|0x0000000711800000, 0x0000000711a00000, 0x0000000711a00000|100%| O|  |TAMS 0x0000000711800000, 0x0000000711800000| Untracked 
| 141|0x0000000711a00000, 0x0000000711c00000, 0x0000000711c00000|100%|HS|  |TAMS 0x0000000711a00000, 0x0000000711a00000| Complete 
| 142|0x0000000711c00000, 0x0000000711e00000, 0x0000000711e00000|100%|HC|  |TAMS 0x0000000711c00000, 0x0000000711c00000| Complete 
| 143|0x0000000711e00000, 0x0000000712000000, 0x0000000712000000|100%| O|  |TAMS 0x0000000711e00000, 0x0000000711e00000| Untracked 
| 144|0x0000000712000000, 0x0000000712200000, 0x0000000712200000|100%| O|  |TAMS 0x0000000712000000, 0x0000000712000000| Untracked 
| 145|0x0000000712200000, 0x0000000712400000, 0x0000000712400000|100%| O|  |TAMS 0x0000000712200000, 0x0000000712200000| Untracked 
| 146|0x0000000712400000, 0x0000000712600000, 0x0000000712600000|100%| O|  |TAMS 0x0000000712400000, 0x0000000712400000| Untracked 
| 147|0x0000000712600000, 0x0000000712800000, 0x0000000712800000|100%|HS|  |TAMS 0x0000000712600000, 0x0000000712600000| Complete 
| 148|0x0000000712800000, 0x0000000712a00000, 0x0000000712a00000|100%| O|  |TAMS 0x0000000712800000, 0x0000000712800000| Untracked 
| 149|0x0000000712a00000, 0x0000000712c00000, 0x0000000712c00000|100%| O|  |TAMS 0x0000000712a00000, 0x0000000712a00000| Untracked 
| 150|0x0000000712c00000, 0x0000000712e00000, 0x0000000712e00000|100%| O|  |TAMS 0x0000000712c00000, 0x0000000712c00000| Untracked 
| 151|0x0000000712e00000, 0x0000000713000000, 0x0000000713000000|100%| O|  |TAMS 0x0000000712e00000, 0x0000000712e00000| Untracked 
| 152|0x0000000713000000, 0x0000000713200000, 0x0000000713200000|100%| O|  |TAMS 0x0000000713000000, 0x0000000713000000| Untracked 
| 153|0x0000000713200000, 0x0000000713400000, 0x0000000713400000|100%| O|  |TAMS 0x0000000713200000, 0x0000000713200000| Untracked 
| 154|0x0000000713400000, 0x0000000713600000, 0x0000000713600000|100%| O|  |TAMS 0x0000000713400000, 0x0000000713400000| Untracked 
| 155|0x0000000713600000, 0x0000000713800000, 0x0000000713800000|100%| O|  |TAMS 0x0000000713600000, 0x0000000713600000| Untracked 
| 156|0x0000000713800000, 0x0000000713a00000, 0x0000000713a00000|100%| O|  |TAMS 0x0000000713800000, 0x0000000713800000| Untracked 
| 157|0x0000000713a00000, 0x0000000713c00000, 0x0000000713c00000|100%| O|  |TAMS 0x0000000713a00000, 0x0000000713a00000| Untracked 
| 158|0x0000000713c00000, 0x0000000713e00000, 0x0000000713e00000|100%| O|  |TAMS 0x0000000713c00000, 0x0000000713c00000| Untracked 
| 159|0x0000000713e00000, 0x0000000714000000, 0x0000000714000000|100%| O|  |TAMS 0x0000000713e00000, 0x0000000713e00000| Untracked 
| 160|0x0000000714000000, 0x0000000714200000, 0x0000000714200000|100%| O|  |TAMS 0x0000000714000000, 0x0000000714000000| Untracked 
| 161|0x0000000714200000, 0x0000000714400000, 0x0000000714400000|100%| O|  |TAMS 0x0000000714200000, 0x0000000714200000| Untracked 
| 162|0x0000000714400000, 0x0000000714600000, 0x0000000714600000|100%| O|  |TAMS 0x0000000714400000, 0x0000000714400000| Untracked 
| 163|0x0000000714600000, 0x0000000714800000, 0x0000000714800000|100%| O|  |TAMS 0x0000000714600000, 0x0000000714600000| Untracked 
| 164|0x0000000714800000, 0x0000000714a00000, 0x0000000714a00000|100%| O|  |TAMS 0x0000000714800000, 0x0000000714800000| Untracked 
| 165|0x0000000714a00000, 0x0000000714c00000, 0x0000000714c00000|100%| O|  |TAMS 0x0000000714a00000, 0x0000000714a00000| Untracked 
| 166|0x0000000714c00000, 0x0000000714e00000, 0x0000000714e00000|100%| O|  |TAMS 0x0000000714c00000, 0x0000000714c00000| Untracked 
| 167|0x0000000714e00000, 0x0000000715000000, 0x0000000715000000|100%| O|  |TAMS 0x0000000714e00000, 0x0000000714e00000| Untracked 
| 168|0x0000000715000000, 0x0000000715200000, 0x0000000715200000|100%| O|  |TAMS 0x0000000715000000, 0x0000000715000000| Untracked 
| 169|0x0000000715200000, 0x0000000715400000, 0x0000000715400000|100%| O|  |TAMS 0x0000000715200000, 0x0000000715200000| Untracked 
| 170|0x0000000715400000, 0x0000000715600000, 0x0000000715600000|100%| O|  |TAMS 0x0000000715400000, 0x0000000715400000| Untracked 
| 171|0x0000000715600000, 0x0000000715800000, 0x0000000715800000|100%| O|  |TAMS 0x0000000715600000, 0x0000000715600000| Untracked 
| 172|0x0000000715800000, 0x0000000715a00000, 0x0000000715a00000|100%| O|  |TAMS 0x0000000715800000, 0x0000000715800000| Untracked 
| 173|0x0000000715a00000, 0x0000000715c00000, 0x0000000715c00000|100%| O|  |TAMS 0x0000000715a00000, 0x0000000715a00000| Untracked 
| 174|0x0000000715c00000, 0x0000000715e00000, 0x0000000715e00000|100%| O|  |TAMS 0x0000000715c00000, 0x0000000715c00000| Untracked 
| 175|0x0000000715e00000, 0x0000000716000000, 0x0000000716000000|100%| O|  |TAMS 0x0000000715e00000, 0x0000000715e00000| Untracked 
| 176|0x0000000716000000, 0x0000000716200000, 0x0000000716200000|100%| O|  |TAMS 0x0000000716000000, 0x0000000716000000| Untracked 
| 177|0x0000000716200000, 0x0000000716400000, 0x0000000716400000|100%| O|  |TAMS 0x0000000716200000, 0x0000000716200000| Untracked 
| 178|0x0000000716400000, 0x0000000716600000, 0x0000000716600000|100%| O|  |TAMS 0x0000000716400000, 0x0000000716400000| Untracked 
| 179|0x0000000716600000, 0x0000000716800000, 0x0000000716800000|100%| O|  |TAMS 0x0000000716600000, 0x0000000716600000| Untracked 
| 180|0x0000000716800000, 0x0000000716a00000, 0x0000000716a00000|100%| O|  |TAMS 0x0000000716800000, 0x0000000716800000| Untracked 
| 181|0x0000000716a00000, 0x0000000716c00000, 0x0000000716c00000|100%| O|  |TAMS 0x0000000716a00000, 0x0000000716a00000| Untracked 
| 182|0x0000000716c00000, 0x0000000716e00000, 0x0000000716e00000|100%| O|  |TAMS 0x0000000716c00000, 0x0000000716c00000| Untracked 
| 183|0x0000000716e00000, 0x0000000717000000, 0x0000000717000000|100%| O|  |TAMS 0x0000000716e00000, 0x0000000716e00000| Untracked 
| 184|0x0000000717000000, 0x0000000717200000, 0x0000000717200000|100%| O|  |TAMS 0x0000000717000000, 0x0000000717000000| Untracked 
| 185|0x0000000717200000, 0x0000000717400000, 0x0000000717400000|100%| O|  |TAMS 0x0000000717200000, 0x0000000717200000| Untracked 
| 186|0x0000000717400000, 0x0000000717600000, 0x0000000717600000|100%| O|  |TAMS 0x0000000717400000, 0x0000000717400000| Untracked 
| 187|0x0000000717600000, 0x0000000717800000, 0x0000000717800000|100%| O|  |TAMS 0x0000000717600000, 0x0000000717600000| Untracked 
| 188|0x0000000717800000, 0x0000000717a00000, 0x0000000717a00000|100%| O|  |TAMS 0x0000000717800000, 0x0000000717800000| Untracked 
| 189|0x0000000717a00000, 0x0000000717c00000, 0x0000000717c00000|100%| O|  |TAMS 0x0000000717a00000, 0x0000000717a00000| Untracked 
| 190|0x0000000717c00000, 0x0000000717e00000, 0x0000000717e00000|100%| O|  |TAMS 0x0000000717c00000, 0x0000000717c00000| Untracked 
| 191|0x0000000717e00000, 0x0000000718000000, 0x0000000718000000|100%| O|  |TAMS 0x0000000717e00000, 0x0000000717e00000| Untracked 
| 192|0x0000000718000000, 0x0000000718200000, 0x0000000718200000|100%| O|  |TAMS 0x0000000718000000, 0x0000000718000000| Untracked 
| 193|0x0000000718200000, 0x0000000718400000, 0x0000000718400000|100%| O|  |TAMS 0x0000000718200000, 0x0000000718200000| Untracked 
| 194|0x0000000718400000, 0x0000000718600000, 0x0000000718600000|100%| O|  |TAMS 0x0000000718400000, 0x0000000718400000| Untracked 
| 195|0x0000000718600000, 0x0000000718800000, 0x0000000718800000|100%| O|  |TAMS 0x0000000718600000, 0x0000000718600000| Untracked 
| 196|0x0000000718800000, 0x0000000718a00000, 0x0000000718a00000|100%| O|  |TAMS 0x0000000718800000, 0x0000000718800000| Untracked 
| 197|0x0000000718a00000, 0x0000000718c00000, 0x0000000718c00000|100%| O|  |TAMS 0x0000000718a00000, 0x0000000718a00000| Untracked 
| 198|0x0000000718c00000, 0x0000000718e00000, 0x0000000718e00000|100%| O|  |TAMS 0x0000000718c00000, 0x0000000718c00000| Untracked 
| 199|0x0000000718e00000, 0x0000000719000000, 0x0000000719000000|100%| O|  |TAMS 0x0000000718e00000, 0x0000000718e00000| Untracked 
| 200|0x0000000719000000, 0x0000000719200000, 0x0000000719200000|100%| O|  |TAMS 0x0000000719000000, 0x0000000719000000| Untracked 
| 201|0x0000000719200000, 0x0000000719400000, 0x0000000719400000|100%| O|  |TAMS 0x0000000719200000, 0x0000000719200000| Untracked 
| 202|0x0000000719400000, 0x0000000719600000, 0x0000000719600000|100%| O|  |TAMS 0x0000000719400000, 0x0000000719400000| Untracked 
| 203|0x0000000719600000, 0x0000000719800000, 0x0000000719800000|100%| O|  |TAMS 0x0000000719600000, 0x0000000719600000| Untracked 
| 204|0x0000000719800000, 0x0000000719a00000, 0x0000000719a00000|100%| O|  |TAMS 0x0000000719800000, 0x0000000719800000| Untracked 
| 205|0x0000000719a00000, 0x0000000719c00000, 0x0000000719c00000|100%| O|  |TAMS 0x0000000719a00000, 0x0000000719a00000| Untracked 
| 206|0x0000000719c00000, 0x0000000719e00000, 0x0000000719e00000|100%| O|  |TAMS 0x0000000719c00000, 0x0000000719c00000| Untracked 
| 207|0x0000000719e00000, 0x000000071a000000, 0x000000071a000000|100%| O|  |TAMS 0x0000000719e00000, 0x0000000719e00000| Untracked 
| 208|0x000000071a000000, 0x000000071a200000, 0x000000071a200000|100%| O|  |TAMS 0x000000071a000000, 0x000000071a000000| Untracked 
| 209|0x000000071a200000, 0x000000071a400000, 0x000000071a400000|100%| O|  |TAMS 0x000000071a200000, 0x000000071a200000| Untracked 
| 210|0x000000071a400000, 0x000000071a600000, 0x000000071a600000|100%| O|  |TAMS 0x000000071a400000, 0x000000071a400000| Untracked 
| 211|0x000000071a600000, 0x000000071a800000, 0x000000071a800000|100%| O|  |TAMS 0x000000071a600000, 0x000000071a600000| Untracked 
| 212|0x000000071a800000, 0x000000071aa00000, 0x000000071aa00000|100%| O|  |TAMS 0x000000071a800000, 0x000000071a800000| Untracked 
| 213|0x000000071aa00000, 0x000000071ac00000, 0x000000071ac00000|100%| O|  |TAMS 0x000000071aa00000, 0x000000071aa00000| Untracked 
| 214|0x000000071ac00000, 0x000000071ae00000, 0x000000071ae00000|100%| O|  |TAMS 0x000000071ac00000, 0x000000071ac00000| Untracked 
| 215|0x000000071ae00000, 0x000000071b000000, 0x000000071b000000|100%| O|  |TAMS 0x000000071ae00000, 0x000000071ae00000| Untracked 
| 216|0x000000071b000000, 0x000000071b200000, 0x000000071b200000|100%| O|  |TAMS 0x000000071b000000, 0x000000071b000000| Untracked 
| 217|0x000000071b200000, 0x000000071b400000, 0x000000071b400000|100%| O|  |TAMS 0x000000071b200000, 0x000000071b200000| Untracked 
| 218|0x000000071b400000, 0x000000071b600000, 0x000000071b600000|100%| O|  |TAMS 0x000000071b400000, 0x000000071b400000| Untracked 
| 219|0x000000071b600000, 0x000000071b800000, 0x000000071b800000|100%| O|  |TAMS 0x000000071b600000, 0x000000071b600000| Untracked 
| 220|0x000000071b800000, 0x000000071ba00000, 0x000000071ba00000|100%| O|  |TAMS 0x000000071b800000, 0x000000071b800000| Untracked 
| 221|0x000000071ba00000, 0x000000071bc00000, 0x000000071bc00000|100%| O|  |TAMS 0x000000071ba00000, 0x000000071ba00000| Untracked 
| 222|0x000000071bc00000, 0x000000071be00000, 0x000000071be00000|100%| O|  |TAMS 0x000000071bc00000, 0x000000071bc00000| Untracked 
| 223|0x000000071be00000, 0x000000071c000000, 0x000000071c000000|100%| O|  |TAMS 0x000000071be00000, 0x000000071be00000| Untracked 
| 224|0x000000071c000000, 0x000000071c200000, 0x000000071c200000|100%| O|  |TAMS 0x000000071c000000, 0x000000071c000000| Untracked 
| 225|0x000000071c200000, 0x000000071c400000, 0x000000071c400000|100%| O|  |TAMS 0x000000071c200000, 0x000000071c200000| Untracked 
| 226|0x000000071c400000, 0x000000071c600000, 0x000000071c600000|100%| O|  |TAMS 0x000000071c400000, 0x000000071c400000| Untracked 
| 227|0x000000071c600000, 0x000000071c800000, 0x000000071c800000|100%| O|  |TAMS 0x000000071c600000, 0x000000071c600000| Untracked 
| 228|0x000000071c800000, 0x000000071ca00000, 0x000000071ca00000|100%| O|  |TAMS 0x000000071c800000, 0x000000071c800000| Untracked 
| 229|0x000000071ca00000, 0x000000071cc00000, 0x000000071cc00000|100%| O|  |TAMS 0x000000071ca00000, 0x000000071ca00000| Untracked 
| 230|0x000000071cc00000, 0x000000071ce00000, 0x000000071ce00000|100%| O|  |TAMS 0x000000071cc00000, 0x000000071cc00000| Untracked 
| 231|0x000000071ce00000, 0x000000071d000000, 0x000000071d000000|100%| O|  |TAMS 0x000000071ce00000, 0x000000071ce00000| Untracked 
| 232|0x000000071d000000, 0x000000071d200000, 0x000000071d200000|100%| O|  |TAMS 0x000000071d000000, 0x000000071d000000| Untracked 
| 233|0x000000071d200000, 0x000000071d400000, 0x000000071d400000|100%| O|  |TAMS 0x000000071d200000, 0x000000071d200000| Untracked 
| 234|0x000000071d400000, 0x000000071d600000, 0x000000071d600000|100%| O|  |TAMS 0x000000071d400000, 0x000000071d400000| Untracked 
| 235|0x000000071d600000, 0x000000071d800000, 0x000000071d800000|100%| O|  |TAMS 0x000000071d600000, 0x000000071d600000| Untracked 
| 236|0x000000071d800000, 0x000000071da00000, 0x000000071da00000|100%| O|  |TAMS 0x000000071d800000, 0x000000071d800000| Untracked 
| 237|0x000000071da00000, 0x000000071dc00000, 0x000000071dc00000|100%| O|  |TAMS 0x000000071da00000, 0x000000071da00000| Untracked 
| 238|0x000000071dc00000, 0x000000071de00000, 0x000000071de00000|100%| O|  |TAMS 0x000000071dc00000, 0x000000071dc00000| Untracked 
| 239|0x000000071de00000, 0x000000071e000000, 0x000000071e000000|100%| O|  |TAMS 0x000000071de00000, 0x000000071de00000| Untracked 
| 240|0x000000071e000000, 0x000000071e200000, 0x000000071e200000|100%| O|  |TAMS 0x000000071e000000, 0x000000071e000000| Untracked 
| 241|0x000000071e200000, 0x000000071e400000, 0x000000071e400000|100%| O|  |TAMS 0x000000071e200000, 0x000000071e200000| Untracked 
| 242|0x000000071e400000, 0x000000071e600000, 0x000000071e600000|100%| O|  |TAMS 0x000000071e400000, 0x000000071e400000| Untracked 
| 243|0x000000071e600000, 0x000000071e800000, 0x000000071e800000|100%| O|  |TAMS 0x000000071e600000, 0x000000071e600000| Untracked 
| 244|0x000000071e800000, 0x000000071e8b2000, 0x000000071ea00000| 34%| O|  |TAMS 0x000000071e800000, 0x000000071e800000| Untracked 
| 245|0x000000071ea00000, 0x000000071ea00000, 0x000000071ec00000|  0%| F|  |TAMS 0x000000071ea00000, 0x000000071ea00000| Untracked 
| 246|0x000000071ec00000, 0x000000071ec00000, 0x000000071ee00000|  0%| F|  |TAMS 0x000000071ec00000, 0x000000071ec00000| Untracked 
| 247|0x000000071ee00000, 0x000000071ee00000, 0x000000071f000000|  0%| F|  |TAMS 0x000000071ee00000, 0x000000071ee00000| Untracked 
| 248|0x000000071f000000, 0x000000071f000000, 0x000000071f200000|  0%| F|  |TAMS 0x000000071f000000, 0x000000071f000000| Untracked 
| 249|0x000000071f200000, 0x000000071f200000, 0x000000071f400000|  0%| F|  |TAMS 0x000000071f200000, 0x000000071f200000| Untracked 
| 250|0x000000071f400000, 0x000000071f400000, 0x000000071f600000|  0%| F|  |TAMS 0x000000071f400000, 0x000000071f400000| Untracked 
| 251|0x000000071f600000, 0x000000071f600000, 0x000000071f800000|  0%| F|  |TAMS 0x000000071f600000, 0x000000071f600000| Untracked 
| 252|0x000000071f800000, 0x000000071f800000, 0x000000071fa00000|  0%| F|  |TAMS 0x000000071f800000, 0x000000071f800000| Untracked 
| 253|0x000000071fa00000, 0x000000071fa00000, 0x000000071fc00000|  0%| F|  |TAMS 0x000000071fa00000, 0x000000071fa00000| Untracked 
| 254|0x000000071fc00000, 0x000000071fc00000, 0x000000071fe00000|  0%| F|  |TAMS 0x000000071fc00000, 0x000000071fc00000| Untracked 
| 255|0x000000071fe00000, 0x000000071fe00000, 0x0000000720000000|  0%| F|  |TAMS 0x000000071fe00000, 0x000000071fe00000| Untracked 
| 256|0x0000000720000000, 0x0000000720000000, 0x0000000720200000|  0%| F|  |TAMS 0x0000000720000000, 0x0000000720000000| Untracked 
| 257|0x0000000720200000, 0x0000000720200000, 0x0000000720400000|  0%| F|  |TAMS 0x0000000720200000, 0x0000000720200000| Untracked 
| 258|0x0000000720400000, 0x0000000720400000, 0x0000000720600000|  0%| F|  |TAMS 0x0000000720400000, 0x0000000720400000| Untracked 
| 259|0x0000000720600000, 0x0000000720600000, 0x0000000720800000|  0%| F|  |TAMS 0x0000000720600000, 0x0000000720600000| Untracked 
| 260|0x0000000720800000, 0x0000000720800000, 0x0000000720a00000|  0%| F|  |TAMS 0x0000000720800000, 0x0000000720800000| Untracked 
| 261|0x0000000720a00000, 0x0000000720a00000, 0x0000000720c00000|  0%| F|  |TAMS 0x0000000720a00000, 0x0000000720a00000| Untracked 
| 262|0x0000000720c00000, 0x0000000720c00000, 0x0000000720e00000|  0%| F|  |TAMS 0x0000000720c00000, 0x0000000720c00000| Untracked 
| 263|0x0000000720e00000, 0x0000000720e00000, 0x0000000721000000|  0%| F|  |TAMS 0x0000000720e00000, 0x0000000720e00000| Untracked 
| 264|0x0000000721000000, 0x0000000721000000, 0x0000000721200000|  0%| F|  |TAMS 0x0000000721000000, 0x0000000721000000| Untracked 
| 265|0x0000000721200000, 0x0000000721200000, 0x0000000721400000|  0%| F|  |TAMS 0x0000000721200000, 0x0000000721200000| Untracked 
| 266|0x0000000721400000, 0x0000000721400000, 0x0000000721600000|  0%| F|  |TAMS 0x0000000721400000, 0x0000000721400000| Untracked 
| 267|0x0000000721600000, 0x0000000721600000, 0x0000000721800000|  0%| F|  |TAMS 0x0000000721600000, 0x0000000721600000| Untracked 
| 268|0x0000000721800000, 0x0000000721800000, 0x0000000721a00000|  0%| F|  |TAMS 0x0000000721800000, 0x0000000721800000| Untracked 
| 269|0x0000000721a00000, 0x0000000721a00000, 0x0000000721c00000|  0%| F|  |TAMS 0x0000000721a00000, 0x0000000721a00000| Untracked 
| 270|0x0000000721c00000, 0x0000000721c00000, 0x0000000721e00000|  0%| F|  |TAMS 0x0000000721c00000, 0x0000000721c00000| Untracked 
| 271|0x0000000721e00000, 0x0000000721e00000, 0x0000000722000000|  0%| F|  |TAMS 0x0000000721e00000, 0x0000000721e00000| Untracked 
| 272|0x0000000722000000, 0x0000000722000000, 0x0000000722200000|  0%| F|  |TAMS 0x0000000722000000, 0x0000000722000000| Untracked 
| 273|0x0000000722200000, 0x0000000722200000, 0x0000000722400000|  0%| F|  |TAMS 0x0000000722200000, 0x0000000722200000| Untracked 
| 274|0x0000000722400000, 0x0000000722400000, 0x0000000722600000|  0%| F|  |TAMS 0x0000000722400000, 0x0000000722400000| Untracked 
| 275|0x0000000722600000, 0x0000000722600000, 0x0000000722800000|  0%| F|  |TAMS 0x0000000722600000, 0x0000000722600000| Untracked 
| 276|0x0000000722800000, 0x0000000722800000, 0x0000000722a00000|  0%| F|  |TAMS 0x0000000722800000, 0x0000000722800000| Untracked 
| 277|0x0000000722a00000, 0x0000000722a00000, 0x0000000722c00000|  0%| F|  |TAMS 0x0000000722a00000, 0x0000000722a00000| Untracked 
| 278|0x0000000722c00000, 0x0000000722c00000, 0x0000000722e00000|  0%| F|  |TAMS 0x0000000722c00000, 0x0000000722c00000| Untracked 
| 279|0x0000000722e00000, 0x0000000722e00000, 0x0000000723000000|  0%| F|  |TAMS 0x0000000722e00000, 0x0000000722e00000| Untracked 
| 280|0x0000000723000000, 0x0000000723000000, 0x0000000723200000|  0%| F|  |TAMS 0x0000000723000000, 0x0000000723000000| Untracked 
| 281|0x0000000723200000, 0x0000000723200000, 0x0000000723400000|  0%| F|  |TAMS 0x0000000723200000, 0x0000000723200000| Untracked 
| 282|0x0000000723400000, 0x0000000723400000, 0x0000000723600000|  0%| F|  |TAMS 0x0000000723400000, 0x0000000723400000| Untracked 
| 283|0x0000000723600000, 0x0000000723600000, 0x0000000723800000|  0%| F|  |TAMS 0x0000000723600000, 0x0000000723600000| Untracked 
| 284|0x0000000723800000, 0x0000000723800000, 0x0000000723a00000|  0%| F|  |TAMS 0x0000000723800000, 0x0000000723800000| Untracked 
| 285|0x0000000723a00000, 0x0000000723a00000, 0x0000000723c00000|  0%| F|  |TAMS 0x0000000723a00000, 0x0000000723a00000| Untracked 
| 286|0x0000000723c00000, 0x0000000723c00000, 0x0000000723e00000|  0%| F|  |TAMS 0x0000000723c00000, 0x0000000723c00000| Untracked 
| 287|0x0000000723e00000, 0x0000000723e00000, 0x0000000724000000|  0%| F|  |TAMS 0x0000000723e00000, 0x0000000723e00000| Untracked 
| 288|0x0000000724000000, 0x0000000724000000, 0x0000000724200000|  0%| F|  |TAMS 0x0000000724000000, 0x0000000724000000| Untracked 
| 289|0x0000000724200000, 0x0000000724200000, 0x0000000724400000|  0%| F|  |TAMS 0x0000000724200000, 0x0000000724200000| Untracked 
| 290|0x0000000724400000, 0x0000000724400000, 0x0000000724600000|  0%| F|  |TAMS 0x0000000724400000, 0x0000000724400000| Untracked 
| 291|0x0000000724600000, 0x0000000724600000, 0x0000000724800000|  0%| F|  |TAMS 0x0000000724600000, 0x0000000724600000| Untracked 
| 292|0x0000000724800000, 0x0000000724800000, 0x0000000724a00000|  0%| F|  |TAMS 0x0000000724800000, 0x0000000724800000| Untracked 
| 293|0x0000000724a00000, 0x0000000724a00000, 0x0000000724c00000|  0%| F|  |TAMS 0x0000000724a00000, 0x0000000724a00000| Untracked 
| 294|0x0000000724c00000, 0x0000000724c00000, 0x0000000724e00000|  0%| F|  |TAMS 0x0000000724c00000, 0x0000000724c00000| Untracked 
| 295|0x0000000724e00000, 0x0000000724e00000, 0x0000000725000000|  0%| F|  |TAMS 0x0000000724e00000, 0x0000000724e00000| Untracked 
| 296|0x0000000725000000, 0x0000000725000000, 0x0000000725200000|  0%| F|  |TAMS 0x0000000725000000, 0x0000000725000000| Untracked 
| 297|0x0000000725200000, 0x0000000725200000, 0x0000000725400000|  0%| F|  |TAMS 0x0000000725200000, 0x0000000725200000| Untracked 
| 298|0x0000000725400000, 0x0000000725400000, 0x0000000725600000|  0%| F|  |TAMS 0x0000000725400000, 0x0000000725400000| Untracked 
| 299|0x0000000725600000, 0x0000000725600000, 0x0000000725800000|  0%| F|  |TAMS 0x0000000725600000, 0x0000000725600000| Untracked 
| 300|0x0000000725800000, 0x0000000725800000, 0x0000000725a00000|  0%| F|  |TAMS 0x0000000725800000, 0x0000000725800000| Untracked 
| 301|0x0000000725a00000, 0x0000000725a00000, 0x0000000725c00000|  0%| F|  |TAMS 0x0000000725a00000, 0x0000000725a00000| Untracked 
| 302|0x0000000725c00000, 0x0000000725c00000, 0x0000000725e00000|  0%| F|  |TAMS 0x0000000725c00000, 0x0000000725c00000| Untracked 
| 303|0x0000000725e00000, 0x0000000725e00000, 0x0000000726000000|  0%| F|  |TAMS 0x0000000725e00000, 0x0000000725e00000| Untracked 
| 304|0x0000000726000000, 0x0000000726000000, 0x0000000726200000|  0%| F|  |TAMS 0x0000000726000000, 0x0000000726000000| Untracked 
| 305|0x0000000726200000, 0x0000000726200000, 0x0000000726400000|  0%| F|  |TAMS 0x0000000726200000, 0x0000000726200000| Untracked 
| 306|0x0000000726400000, 0x0000000726400000, 0x0000000726600000|  0%| F|  |TAMS 0x0000000726400000, 0x0000000726400000| Untracked 
| 307|0x0000000726600000, 0x0000000726600000, 0x0000000726800000|  0%| F|  |TAMS 0x0000000726600000, 0x0000000726600000| Untracked 
| 308|0x0000000726800000, 0x0000000726800000, 0x0000000726a00000|  0%| F|  |TAMS 0x0000000726800000, 0x0000000726800000| Untracked 
| 309|0x0000000726a00000, 0x0000000726a00000, 0x0000000726c00000|  0%| F|  |TAMS 0x0000000726a00000, 0x0000000726a00000| Untracked 
| 310|0x0000000726c00000, 0x0000000726c00000, 0x0000000726e00000|  0%| F|  |TAMS 0x0000000726c00000, 0x0000000726c00000| Untracked 
| 311|0x0000000726e00000, 0x0000000726e00000, 0x0000000727000000|  0%| F|  |TAMS 0x0000000726e00000, 0x0000000726e00000| Untracked 
| 312|0x0000000727000000, 0x0000000727000000, 0x0000000727200000|  0%| F|  |TAMS 0x0000000727000000, 0x0000000727000000| Untracked 
| 313|0x0000000727200000, 0x0000000727200000, 0x0000000727400000|  0%| F|  |TAMS 0x0000000727200000, 0x0000000727200000| Untracked 
| 314|0x0000000727400000, 0x0000000727400000, 0x0000000727600000|  0%| F|  |TAMS 0x0000000727400000, 0x0000000727400000| Untracked 
| 315|0x0000000727600000, 0x0000000727600000, 0x0000000727800000|  0%| F|  |TAMS 0x0000000727600000, 0x0000000727600000| Untracked 
| 316|0x0000000727800000, 0x0000000727800000, 0x0000000727a00000|  0%| F|  |TAMS 0x0000000727800000, 0x0000000727800000| Untracked 
| 317|0x0000000727a00000, 0x0000000727b7c9d0, 0x0000000727c00000| 74%| S|CS|TAMS 0x0000000727a00000, 0x0000000727a00000| Complete 
| 318|0x0000000727c00000, 0x0000000727e00000, 0x0000000727e00000|100%| S|CS|TAMS 0x0000000727c00000, 0x0000000727c00000| Complete 
| 319|0x0000000727e00000, 0x0000000728000000, 0x0000000728000000|100%| S|CS|TAMS 0x0000000727e00000, 0x0000000727e00000| Complete 
| 320|0x0000000728000000, 0x0000000728200000, 0x0000000728200000|100%| S|CS|TAMS 0x0000000728000000, 0x0000000728000000| Complete 
| 321|0x0000000728200000, 0x0000000728400000, 0x0000000728400000|100%| S|CS|TAMS 0x0000000728200000, 0x0000000728200000| Complete 
| 322|0x0000000728400000, 0x0000000728600000, 0x0000000728600000|100%| S|CS|TAMS 0x0000000728400000, 0x0000000728400000| Complete 
| 323|0x0000000728600000, 0x0000000728800000, 0x0000000728800000|100%| S|CS|TAMS 0x0000000728600000, 0x0000000728600000| Complete 
| 324|0x0000000728800000, 0x0000000728800000, 0x0000000728a00000|  0%| F|  |TAMS 0x0000000728800000, 0x0000000728800000| Untracked 
| 325|0x0000000728a00000, 0x0000000728a00000, 0x0000000728c00000|  0%| F|  |TAMS 0x0000000728a00000, 0x0000000728a00000| Untracked 
| 326|0x0000000728c00000, 0x0000000728c00000, 0x0000000728e00000|  0%| F|  |TAMS 0x0000000728c00000, 0x0000000728c00000| Untracked 
| 327|0x0000000728e00000, 0x0000000728e00000, 0x0000000729000000|  0%| F|  |TAMS 0x0000000728e00000, 0x0000000728e00000| Untracked 
| 328|0x0000000729000000, 0x0000000729000000, 0x0000000729200000|  0%| F|  |TAMS 0x0000000729000000, 0x0000000729000000| Untracked 
| 329|0x0000000729200000, 0x0000000729200000, 0x0000000729400000|  0%| F|  |TAMS 0x0000000729200000, 0x0000000729200000| Untracked 
| 330|0x0000000729400000, 0x0000000729400000, 0x0000000729600000|  0%| F|  |TAMS 0x0000000729400000, 0x0000000729400000| Untracked 
| 331|0x0000000729600000, 0x0000000729600000, 0x0000000729800000|  0%| F|  |TAMS 0x0000000729600000, 0x0000000729600000| Untracked 
| 332|0x0000000729800000, 0x0000000729800000, 0x0000000729a00000|  0%| F|  |TAMS 0x0000000729800000, 0x0000000729800000| Untracked 
| 333|0x0000000729a00000, 0x0000000729c00000, 0x0000000729c00000|100%| S|CS|TAMS 0x0000000729a00000, 0x0000000729a00000| Complete 
| 334|0x0000000729c00000, 0x0000000729e00000, 0x0000000729e00000|100%| S|CS|TAMS 0x0000000729c00000, 0x0000000729c00000| Complete 
| 335|0x0000000729e00000, 0x000000072a000000, 0x000000072a000000|100%| S|CS|TAMS 0x0000000729e00000, 0x0000000729e00000| Complete 
| 336|0x000000072a000000, 0x000000072a000000, 0x000000072a200000|  0%| F|  |TAMS 0x000000072a000000, 0x000000072a000000| Untracked 
| 337|0x000000072a200000, 0x000000072a200000, 0x000000072a400000|  0%| F|  |TAMS 0x000000072a200000, 0x000000072a200000| Untracked 
| 338|0x000000072a400000, 0x000000072a400000, 0x000000072a600000|  0%| F|  |TAMS 0x000000072a400000, 0x000000072a400000| Untracked 
| 339|0x000000072a600000, 0x000000072a600000, 0x000000072a800000|  0%| F|  |TAMS 0x000000072a600000, 0x000000072a600000| Untracked 
| 340|0x000000072a800000, 0x000000072a800000, 0x000000072aa00000|  0%| F|  |TAMS 0x000000072a800000, 0x000000072a800000| Untracked 
| 341|0x000000072aa00000, 0x000000072aa00000, 0x000000072ac00000|  0%| F|  |TAMS 0x000000072aa00000, 0x000000072aa00000| Untracked 
| 342|0x000000072ac00000, 0x000000072ac00000, 0x000000072ae00000|  0%| F|  |TAMS 0x000000072ac00000, 0x000000072ac00000| Untracked 
| 343|0x000000072ae00000, 0x000000072ae00000, 0x000000072b000000|  0%| F|  |TAMS 0x000000072ae00000, 0x000000072ae00000| Untracked 
| 344|0x000000072b000000, 0x000000072b000000, 0x000000072b200000|  0%| F|  |TAMS 0x000000072b000000, 0x000000072b000000| Untracked 
| 345|0x000000072b200000, 0x000000072b200000, 0x000000072b400000|  0%| F|  |TAMS 0x000000072b200000, 0x000000072b200000| Untracked 
| 346|0x000000072b400000, 0x000000072b400000, 0x000000072b600000|  0%| F|  |TAMS 0x000000072b400000, 0x000000072b400000| Untracked 
| 347|0x000000072b600000, 0x000000072b600000, 0x000000072b800000|  0%| F|  |TAMS 0x000000072b600000, 0x000000072b600000| Untracked 
| 348|0x000000072b800000, 0x000000072b800000, 0x000000072ba00000|  0%| F|  |TAMS 0x000000072b800000, 0x000000072b800000| Untracked 
| 349|0x000000072ba00000, 0x000000072ba00000, 0x000000072bc00000|  0%| F|  |TAMS 0x000000072ba00000, 0x000000072ba00000| Untracked 
| 350|0x000000072bc00000, 0x000000072bc00000, 0x000000072be00000|  0%| F|  |TAMS 0x000000072bc00000, 0x000000072bc00000| Untracked 
| 351|0x000000072be00000, 0x000000072be00000, 0x000000072c000000|  0%| F|  |TAMS 0x000000072be00000, 0x000000072be00000| Untracked 
| 352|0x000000072c000000, 0x000000072c000000, 0x000000072c200000|  0%| F|  |TAMS 0x000000072c000000, 0x000000072c000000| Untracked 
| 353|0x000000072c200000, 0x000000072c200000, 0x000000072c400000|  0%| F|  |TAMS 0x000000072c200000, 0x000000072c200000| Untracked 
| 354|0x000000072c400000, 0x000000072c400000, 0x000000072c600000|  0%| F|  |TAMS 0x000000072c400000, 0x000000072c400000| Untracked 
| 355|0x000000072c600000, 0x000000072c600000, 0x000000072c800000|  0%| F|  |TAMS 0x000000072c600000, 0x000000072c600000| Untracked 
| 356|0x000000072c800000, 0x000000072c800000, 0x000000072ca00000|  0%| F|  |TAMS 0x000000072c800000, 0x000000072c800000| Untracked 
| 357|0x000000072ca00000, 0x000000072ca00000, 0x000000072cc00000|  0%| F|  |TAMS 0x000000072ca00000, 0x000000072ca00000| Untracked 
| 358|0x000000072cc00000, 0x000000072cc00000, 0x000000072ce00000|  0%| F|  |TAMS 0x000000072cc00000, 0x000000072cc00000| Untracked 
| 359|0x000000072ce00000, 0x000000072ce00000, 0x000000072d000000|  0%| F|  |TAMS 0x000000072ce00000, 0x000000072ce00000| Untracked 
| 360|0x000000072d000000, 0x000000072d000000, 0x000000072d200000|  0%| F|  |TAMS 0x000000072d000000, 0x000000072d000000| Untracked 
| 361|0x000000072d200000, 0x000000072d200000, 0x000000072d400000|  0%| F|  |TAMS 0x000000072d200000, 0x000000072d200000| Untracked 
| 362|0x000000072d400000, 0x000000072d400000, 0x000000072d600000|  0%| F|  |TAMS 0x000000072d400000, 0x000000072d400000| Untracked 
| 363|0x000000072d600000, 0x000000072d600000, 0x000000072d800000|  0%| F|  |TAMS 0x000000072d600000, 0x000000072d600000| Untracked 
| 364|0x000000072d800000, 0x000000072d800000, 0x000000072da00000|  0%| F|  |TAMS 0x000000072d800000, 0x000000072d800000| Untracked 
| 365|0x000000072da00000, 0x000000072da00000, 0x000000072dc00000|  0%| F|  |TAMS 0x000000072da00000, 0x000000072da00000| Untracked 
| 366|0x000000072dc00000, 0x000000072dc00000, 0x000000072de00000|  0%| F|  |TAMS 0x000000072dc00000, 0x000000072dc00000| Untracked 
| 367|0x000000072de00000, 0x000000072de00000, 0x000000072e000000|  0%| F|  |TAMS 0x000000072de00000, 0x000000072de00000| Untracked 
| 368|0x000000072e000000, 0x000000072e000000, 0x000000072e200000|  0%| F|  |TAMS 0x000000072e000000, 0x000000072e000000| Untracked 
| 369|0x000000072e200000, 0x000000072e200000, 0x000000072e400000|  0%| F|  |TAMS 0x000000072e200000, 0x000000072e200000| Untracked 
| 370|0x000000072e400000, 0x000000072e400000, 0x000000072e600000|  0%| F|  |TAMS 0x000000072e400000, 0x000000072e400000| Untracked 
| 371|0x000000072e600000, 0x000000072e600000, 0x000000072e800000|  0%| F|  |TAMS 0x000000072e600000, 0x000000072e600000| Untracked 
| 372|0x000000072e800000, 0x000000072e800000, 0x000000072ea00000|  0%| F|  |TAMS 0x000000072e800000, 0x000000072e800000| Untracked 
| 373|0x000000072ea00000, 0x000000072ea00000, 0x000000072ec00000|  0%| F|  |TAMS 0x000000072ea00000, 0x000000072ea00000| Untracked 
| 374|0x000000072ec00000, 0x000000072ec00000, 0x000000072ee00000|  0%| F|  |TAMS 0x000000072ec00000, 0x000000072ec00000| Untracked 
| 375|0x000000072ee00000, 0x000000072ee00000, 0x000000072f000000|  0%| F|  |TAMS 0x000000072ee00000, 0x000000072ee00000| Untracked 
| 376|0x000000072f000000, 0x000000072f000000, 0x000000072f200000|  0%| F|  |TAMS 0x000000072f000000, 0x000000072f000000| Untracked 
| 377|0x000000072f200000, 0x000000072f37a720, 0x000000072f400000| 73%| E|  |TAMS 0x000000072f200000, 0x000000072f200000| Complete 
| 378|0x000000072f400000, 0x000000072f600000, 0x000000072f600000|100%| E|CS|TAMS 0x000000072f400000, 0x000000072f400000| Complete 
| 379|0x000000072f600000, 0x000000072f800000, 0x000000072f800000|100%| E|CS|TAMS 0x000000072f600000, 0x000000072f600000| Complete 
| 380|0x000000072f800000, 0x000000072fa00000, 0x000000072fa00000|100%| E|CS|TAMS 0x000000072f800000, 0x000000072f800000| Complete 
| 381|0x000000072fa00000, 0x000000072fc00000, 0x000000072fc00000|100%| E|CS|TAMS 0x000000072fa00000, 0x000000072fa00000| Complete 
| 382|0x000000072fc00000, 0x000000072fe00000, 0x000000072fe00000|100%| E|CS|TAMS 0x000000072fc00000, 0x000000072fc00000| Complete 
| 383|0x000000072fe00000, 0x0000000730000000, 0x0000000730000000|100%| E|CS|TAMS 0x000000072fe00000, 0x000000072fe00000| Complete 
| 384|0x0000000730000000, 0x0000000730200000, 0x0000000730200000|100%| E|CS|TAMS 0x0000000730000000, 0x0000000730000000| Complete 
| 385|0x0000000730200000, 0x0000000730400000, 0x0000000730400000|100%| E|CS|TAMS 0x0000000730200000, 0x0000000730200000| Complete 
| 386|0x0000000730400000, 0x0000000730600000, 0x0000000730600000|100%| E|CS|TAMS 0x0000000730400000, 0x0000000730400000| Complete 
| 387|0x0000000730600000, 0x0000000730800000, 0x0000000730800000|100%| E|CS|TAMS 0x0000000730600000, 0x0000000730600000| Complete 
| 388|0x0000000730800000, 0x0000000730a00000, 0x0000000730a00000|100%| E|CS|TAMS 0x0000000730800000, 0x0000000730800000| Complete 
| 389|0x0000000730a00000, 0x0000000730c00000, 0x0000000730c00000|100%| E|CS|TAMS 0x0000000730a00000, 0x0000000730a00000| Complete 
| 390|0x0000000730c00000, 0x0000000730e00000, 0x0000000730e00000|100%| E|CS|TAMS 0x0000000730c00000, 0x0000000730c00000| Complete 
| 391|0x0000000730e00000, 0x0000000731000000, 0x0000000731000000|100%| E|CS|TAMS 0x0000000730e00000, 0x0000000730e00000| Complete 
| 392|0x0000000731000000, 0x0000000731200000, 0x0000000731200000|100%| E|CS|TAMS 0x0000000731000000, 0x0000000731000000| Complete 
| 393|0x0000000731200000, 0x0000000731400000, 0x0000000731400000|100%| E|CS|TAMS 0x0000000731200000, 0x0000000731200000| Complete 
| 394|0x0000000731400000, 0x0000000731600000, 0x0000000731600000|100%| E|CS|TAMS 0x0000000731400000, 0x0000000731400000| Complete 
| 395|0x0000000731600000, 0x0000000731800000, 0x0000000731800000|100%| E|CS|TAMS 0x0000000731600000, 0x0000000731600000| Complete 
| 396|0x0000000731800000, 0x0000000731a00000, 0x0000000731a00000|100%| E|CS|TAMS 0x0000000731800000, 0x0000000731800000| Complete 
| 397|0x0000000731a00000, 0x0000000731c00000, 0x0000000731c00000|100%| E|CS|TAMS 0x0000000731a00000, 0x0000000731a00000| Complete 
| 398|0x0000000731c00000, 0x0000000731e00000, 0x0000000731e00000|100%| E|CS|TAMS 0x0000000731c00000, 0x0000000731c00000| Complete 
| 399|0x0000000731e00000, 0x0000000732000000, 0x0000000732000000|100%| E|CS|TAMS 0x0000000731e00000, 0x0000000731e00000| Complete 
| 400|0x0000000732000000, 0x0000000732200000, 0x0000000732200000|100%| E|CS|TAMS 0x0000000732000000, 0x0000000732000000| Complete 
| 401|0x0000000732200000, 0x0000000732400000, 0x0000000732400000|100%| E|CS|TAMS 0x0000000732200000, 0x0000000732200000| Complete 
| 402|0x0000000732400000, 0x0000000732600000, 0x0000000732600000|100%| E|CS|TAMS 0x0000000732400000, 0x0000000732400000| Complete 
| 403|0x0000000732600000, 0x0000000732800000, 0x0000000732800000|100%| E|CS|TAMS 0x0000000732600000, 0x0000000732600000| Complete 
| 404|0x0000000732800000, 0x0000000732a00000, 0x0000000732a00000|100%| E|CS|TAMS 0x0000000732800000, 0x0000000732800000| Complete 
| 405|0x0000000732a00000, 0x0000000732c00000, 0x0000000732c00000|100%| E|CS|TAMS 0x0000000732a00000, 0x0000000732a00000| Complete 
| 406|0x0000000732c00000, 0x0000000732e00000, 0x0000000732e00000|100%| E|CS|TAMS 0x0000000732c00000, 0x0000000732c00000| Complete 
| 407|0x0000000732e00000, 0x0000000733000000, 0x0000000733000000|100%| E|CS|TAMS 0x0000000732e00000, 0x0000000732e00000| Complete 
| 408|0x0000000733000000, 0x0000000733200000, 0x0000000733200000|100%| E|CS|TAMS 0x0000000733000000, 0x0000000733000000| Complete 
| 409|0x0000000733200000, 0x0000000733400000, 0x0000000733400000|100%| E|CS|TAMS 0x0000000733200000, 0x0000000733200000| Complete 
| 410|0x0000000733400000, 0x0000000733600000, 0x0000000733600000|100%| E|CS|TAMS 0x0000000733400000, 0x0000000733400000| Complete 
| 411|0x0000000733600000, 0x0000000733800000, 0x0000000733800000|100%| E|CS|TAMS 0x0000000733600000, 0x0000000733600000| Complete 
| 412|0x0000000733800000, 0x0000000733a00000, 0x0000000733a00000|100%| E|CS|TAMS 0x0000000733800000, 0x0000000733800000| Complete 
| 413|0x0000000733a00000, 0x0000000733c00000, 0x0000000733c00000|100%| E|CS|TAMS 0x0000000733a00000, 0x0000000733a00000| Complete 
| 414|0x0000000733c00000, 0x0000000733e00000, 0x0000000733e00000|100%| E|CS|TAMS 0x0000000733c00000, 0x0000000733c00000| Complete 
| 415|0x0000000733e00000, 0x0000000734000000, 0x0000000734000000|100%| E|CS|TAMS 0x0000000733e00000, 0x0000000733e00000| Complete 
| 416|0x0000000734000000, 0x0000000734200000, 0x0000000734200000|100%| E|CS|TAMS 0x0000000734000000, 0x0000000734000000| Complete 
| 417|0x0000000734200000, 0x0000000734400000, 0x0000000734400000|100%| E|CS|TAMS 0x0000000734200000, 0x0000000734200000| Complete 
| 418|0x0000000734400000, 0x0000000734600000, 0x0000000734600000|100%| E|CS|TAMS 0x0000000734400000, 0x0000000734400000| Complete 
| 419|0x0000000734600000, 0x0000000734800000, 0x0000000734800000|100%| E|CS|TAMS 0x0000000734600000, 0x0000000734600000| Complete 
| 420|0x0000000734800000, 0x0000000734a00000, 0x0000000734a00000|100%| E|CS|TAMS 0x0000000734800000, 0x0000000734800000| Complete 
| 421|0x0000000734a00000, 0x0000000734c00000, 0x0000000734c00000|100%| E|CS|TAMS 0x0000000734a00000, 0x0000000734a00000| Complete 
| 422|0x0000000734c00000, 0x0000000734e00000, 0x0000000734e00000|100%| E|CS|TAMS 0x0000000734c00000, 0x0000000734c00000| Complete 
| 423|0x0000000734e00000, 0x0000000735000000, 0x0000000735000000|100%| E|CS|TAMS 0x0000000734e00000, 0x0000000734e00000| Complete 
| 424|0x0000000735000000, 0x0000000735200000, 0x0000000735200000|100%| E|CS|TAMS 0x0000000735000000, 0x0000000735000000| Complete 
| 425|0x0000000735200000, 0x0000000735400000, 0x0000000735400000|100%| E|CS|TAMS 0x0000000735200000, 0x0000000735200000| Complete 
| 426|0x0000000735400000, 0x0000000735600000, 0x0000000735600000|100%| E|CS|TAMS 0x0000000735400000, 0x0000000735400000| Complete 
| 427|0x0000000735600000, 0x0000000735800000, 0x0000000735800000|100%| E|CS|TAMS 0x0000000735600000, 0x0000000735600000| Complete 
| 428|0x0000000735800000, 0x0000000735a00000, 0x0000000735a00000|100%| E|CS|TAMS 0x0000000735800000, 0x0000000735800000| Complete 
| 429|0x0000000735a00000, 0x0000000735c00000, 0x0000000735c00000|100%| E|CS|TAMS 0x0000000735a00000, 0x0000000735a00000| Complete 
| 430|0x0000000735c00000, 0x0000000735e00000, 0x0000000735e00000|100%| E|CS|TAMS 0x0000000735c00000, 0x0000000735c00000| Complete 
| 431|0x0000000735e00000, 0x0000000736000000, 0x0000000736000000|100%| E|CS|TAMS 0x0000000735e00000, 0x0000000735e00000| Complete 
| 432|0x0000000736000000, 0x0000000736200000, 0x0000000736200000|100%| E|CS|TAMS 0x0000000736000000, 0x0000000736000000| Complete 
| 433|0x0000000736200000, 0x0000000736400000, 0x0000000736400000|100%| E|CS|TAMS 0x0000000736200000, 0x0000000736200000| Complete 
| 434|0x0000000736400000, 0x0000000736600000, 0x0000000736600000|100%| E|CS|TAMS 0x0000000736400000, 0x0000000736400000| Complete 
| 435|0x0000000736600000, 0x0000000736800000, 0x0000000736800000|100%| E|CS|TAMS 0x0000000736600000, 0x0000000736600000| Complete 
| 436|0x0000000736800000, 0x0000000736a00000, 0x0000000736a00000|100%| E|CS|TAMS 0x0000000736800000, 0x0000000736800000| Complete 
| 437|0x0000000736a00000, 0x0000000736c00000, 0x0000000736c00000|100%| E|CS|TAMS 0x0000000736a00000, 0x0000000736a00000| Complete 
| 438|0x0000000736c00000, 0x0000000736e00000, 0x0000000736e00000|100%| E|CS|TAMS 0x0000000736c00000, 0x0000000736c00000| Complete 
| 439|0x0000000736e00000, 0x0000000737000000, 0x0000000737000000|100%| E|CS|TAMS 0x0000000736e00000, 0x0000000736e00000| Complete 
| 440|0x0000000737000000, 0x0000000737200000, 0x0000000737200000|100%| E|CS|TAMS 0x0000000737000000, 0x0000000737000000| Complete 
| 441|0x0000000737200000, 0x0000000737400000, 0x0000000737400000|100%| E|CS|TAMS 0x0000000737200000, 0x0000000737200000| Complete 
| 442|0x0000000737400000, 0x0000000737600000, 0x0000000737600000|100%| E|CS|TAMS 0x0000000737400000, 0x0000000737400000| Complete 
| 443|0x0000000737600000, 0x0000000737800000, 0x0000000737800000|100%| E|CS|TAMS 0x0000000737600000, 0x0000000737600000| Complete 
| 444|0x0000000737800000, 0x0000000737a00000, 0x0000000737a00000|100%| E|CS|TAMS 0x0000000737800000, 0x0000000737800000| Complete 
| 445|0x0000000737a00000, 0x0000000737c00000, 0x0000000737c00000|100%| E|CS|TAMS 0x0000000737a00000, 0x0000000737a00000| Complete 
| 446|0x0000000737c00000, 0x0000000737e00000, 0x0000000737e00000|100%| E|CS|TAMS 0x0000000737c00000, 0x0000000737c00000| Complete 
| 447|0x0000000737e00000, 0x0000000738000000, 0x0000000738000000|100%| E|CS|TAMS 0x0000000737e00000, 0x0000000737e00000| Complete 
| 448|0x0000000738000000, 0x0000000738200000, 0x0000000738200000|100%| E|CS|TAMS 0x0000000738000000, 0x0000000738000000| Complete 
| 449|0x0000000738200000, 0x0000000738400000, 0x0000000738400000|100%| E|CS|TAMS 0x0000000738200000, 0x0000000738200000| Complete 
| 450|0x0000000738400000, 0x0000000738600000, 0x0000000738600000|100%| E|CS|TAMS 0x0000000738400000, 0x0000000738400000| Complete 
| 451|0x0000000738600000, 0x0000000738800000, 0x0000000738800000|100%| E|CS|TAMS 0x0000000738600000, 0x0000000738600000| Complete 
| 452|0x0000000738800000, 0x0000000738a00000, 0x0000000738a00000|100%| E|CS|TAMS 0x0000000738800000, 0x0000000738800000| Complete 
| 453|0x0000000738a00000, 0x0000000738c00000, 0x0000000738c00000|100%| E|CS|TAMS 0x0000000738a00000, 0x0000000738a00000| Complete 
| 454|0x0000000738c00000, 0x0000000738e00000, 0x0000000738e00000|100%| E|CS|TAMS 0x0000000738c00000, 0x0000000738c00000| Complete 
| 455|0x0000000738e00000, 0x0000000739000000, 0x0000000739000000|100%| E|CS|TAMS 0x0000000738e00000, 0x0000000738e00000| Complete 
| 456|0x0000000739000000, 0x0000000739200000, 0x0000000739200000|100%| E|CS|TAMS 0x0000000739000000, 0x0000000739000000| Complete 
| 457|0x0000000739200000, 0x0000000739400000, 0x0000000739400000|100%| E|CS|TAMS 0x0000000739200000, 0x0000000739200000| Complete 
| 458|0x0000000739400000, 0x0000000739600000, 0x0000000739600000|100%| E|CS|TAMS 0x0000000739400000, 0x0000000739400000| Complete 
| 459|0x0000000739600000, 0x0000000739800000, 0x0000000739800000|100%| E|CS|TAMS 0x0000000739600000, 0x0000000739600000| Complete 
| 460|0x0000000739800000, 0x0000000739a00000, 0x0000000739a00000|100%| E|CS|TAMS 0x0000000739800000, 0x0000000739800000| Complete 
| 461|0x0000000739a00000, 0x0000000739c00000, 0x0000000739c00000|100%| E|CS|TAMS 0x0000000739a00000, 0x0000000739a00000| Complete 
| 462|0x0000000739c00000, 0x0000000739e00000, 0x0000000739e00000|100%| E|CS|TAMS 0x0000000739c00000, 0x0000000739c00000| Complete 

Card table byte_map: [0x000001c41ac40000,0x000001c41b440000] _byte_map_base: 0x000001c417440000

Marking Bits (Prev, Next): (CMBitMap*) 0x000001c4038c91e0, (CMBitMap*) 0x000001c4038c91a0
 Prev Bits: [0x000001c41fc40000, 0x000001c423c40000)
 Next Bits: [0x000001c41bc40000, 0x000001c41fc40000)

Polling page: 0x000001c401550000

Metaspace:

Usage:
  Non-class:    107.92 MB used.
      Class:     17.11 MB used.
       Both:    125.03 MB used.

Virtual space:
  Non-class space:      128.00 MB reserved,     109.38 MB ( 85%) committed,  2 nodes.
      Class space:      832.00 MB reserved,      18.25 MB (  2%) committed,  1 nodes.
             Both:      960.00 MB reserved,     127.62 MB ( 13%) committed. 

Chunk freelists:
   Non-Class:  1.83 MB
       Class:  13.57 MB
        Both:  15.40 MB

MaxMetaspaceSize: 1.00 GB
CompressedClassSpaceSize: 832.00 MB
Initial GC threshold: 21.00 MB
Current GC threshold: 156.06 MB
CDS: on
MetaspaceReclaimPolicy: balanced
 - commit_granule_bytes: 65536.
 - commit_granule_words: 8192.
 - virtual_space_node_default_size: 8388608.
 - enlarge_chunks_in_place: 1.
 - new_chunks_are_fully_committed: 0.
 - uncommit_free_chunks: 1.
 - use_allocation_guard: 0.
 - handle_deallocations: 1.


Internal statistics:

num_allocs_failed_limit: 9.
num_arena_births: 3358.
num_arena_deaths: 2.
num_vsnodes_births: 3.
num_vsnodes_deaths: 0.
num_space_committed: 2041.
num_space_uncommitted: 0.
num_chunks_returned_to_freelist: 11.
num_chunks_taken_from_freelist: 9875.
num_chunk_merges: 9.
num_chunk_splits: 5933.
num_chunks_enlarged: 3229.
num_inconsistent_stats: 0.

CodeHeap 'non-profiled nmethods': size=120000Kb used=19250Kb max_used=20591Kb free=100749Kb
 bounds [0x000001c412be0000, 0x000001c414000000, 0x000001c41a110000]
CodeHeap 'profiled nmethods': size=120000Kb used=37485Kb max_used=38720Kb free=82514Kb
 bounds [0x000001c40b110000, 0x000001c40d6f0000, 0x000001c412640000]
CodeHeap 'non-nmethods': size=5760Kb used=2483Kb max_used=2539Kb free=3276Kb
 bounds [0x000001c412640000, 0x000001c4128d0000, 0x000001c412be0000]
 total_blobs=20779 nmethods=19751 adapters=939
 compilation: enabled
              stopped_count=0, restarted_count=0
 full_count=0

Compilation events (20 events):
Event: 88.721 Thread 0x000001c4267d29e0 24876   !   3       java.io.BufferedWriter::flushBuffer (53 bytes)
Event: 88.722 Thread 0x000001c4267d29e0 nmethod 24876 0x000001c40b3c3690 code [0x000001c40b3c3880, 0x000001c40b3c3d78]
Event: 88.722 Thread 0x000001c4267d29e0 24879   !   3       java.io.PrintStream::write (83 bytes)
Event: 88.722 Thread 0x000001c4267d2020 nmethod 24873 0x000001c4139e0390 code [0x000001c4139e0500, 0x000001c4139e0738]
Event: 88.722 Thread 0x000001c4267d2020 24881       4       org.gradle.internal.logging.text.AbstractLineChoppingStyledTextOutput$StateContext::setState (10 bytes)
Event: 88.722 Thread 0x000001c4267d29e0 nmethod 24879 0x000001c40d415410 code [0x000001c40d4156a0, 0x000001c40d416418]
Event: 88.722 Thread 0x000001c4267d29e0 24878       3       java.io.OutputStreamWriter::flushBuffer (8 bytes)
Event: 88.722 Thread 0x000001c4267d29e0 nmethod 24878 0x000001c40b3ded10 code [0x000001c40b3deec0, 0x000001c40b3df008]
Event: 88.722 Thread 0x000001c4267d29e0 24877       3       org.gradle.internal.logging.console.StyledTextOutputBackedRenderer$OutputEventTextOutputImpl::doLineText (17 bytes)
Event: 88.723 Thread 0x000001c4267d29e0 nmethod 24877 0x000001c40b798090 code [0x000001c40b798260, 0x000001c40b798698]
Event: 88.723 Thread 0x000001c4267d29e0 24872       1       org.gradle.internal.logging.events.RenderableOutputEvent::getBuildOperationId (5 bytes)
Event: 88.723 Thread 0x000001c4267d29e0 nmethod 24872 0x000001c413af9690 code [0x000001c413af9820, 0x000001c413af98f8]
Event: 88.723 Thread 0x000001c4267d29e0 24868       2       org.gradle.internal.io.StreamByteBuffer$StreamByteBufferOutputStream::write (22 bytes)
Event: 88.723 Thread 0x000001c4267d2020 nmethod 24881 0x000001c413f43110 code [0x000001c413f43280, 0x000001c413f433d8]
Event: 88.723 Thread 0x000001c4267d29e0 nmethod 24868 0x000001c40ba90f90 code [0x000001c40ba91140, 0x000001c40ba912b8]
Event: 88.723 Thread 0x000001c4267d2020 24880       4       org.gradle.internal.io.LineBufferingOutputStream::write (59 bytes)
Event: 88.723 Thread 0x000001c4267d29e0 24869       2       org.gradle.internal.io.StreamByteBuffer$StreamByteBufferChunk::write (32 bytes)
Event: 88.723 Thread 0x000001c4267d29e0 nmethod 24869 0x000001c40b59f690 code [0x000001c40b59f820, 0x000001c40b59f998]
Event: 88.723 Thread 0x000001c4267d29e0 24870       2       org.gradle.internal.io.LineBufferingOutputStream::endsWithLineSeparator (27 bytes)
Event: 88.723 Thread 0x000001c4267d29e0 nmethod 24870 0x000001c40b2bca10 code [0x000001c40b2bcba0, 0x000001c40b2bccd8]

GC Heap History (20 events):
Event: 35.466 GC heap before
{Heap before GC invocations=57 (full 0):
 garbage-first heap   total 675840K, used 559581K [0x0000000700000000, 0x0000000800000000)
  region size 2048K, 107 young (219136K), 11 survivors (22528K)
 Metaspace       used 111430K, committed 113280K, reserved 983040K
  class space    used 15445K, committed 16256K, reserved 851968K
}
Event: 35.479 GC heap after
{Heap after GC invocations=58 (full 0):
 garbage-first heap   total 675840K, used 374571K [0x0000000700000000, 0x0000000800000000)
  region size 2048K, 12 young (24576K), 12 survivors (24576K)
 Metaspace       used 111430K, committed 113280K, reserved 983040K
  class space    used 15445K, committed 16256K, reserved 851968K
}
Event: 36.020 GC heap before
{Heap before GC invocations=58 (full 0):
 garbage-first heap   total 675840K, used 562987K [0x0000000700000000, 0x0000000800000000)
  region size 2048K, 105 young (215040K), 12 survivors (24576K)
 Metaspace       used 111803K, committed 113664K, reserved 983040K
  class space    used 15499K, committed 16320K, reserved 851968K
}
Event: 36.038 GC heap after
{Heap after GC invocations=59 (full 0):
 garbage-first heap   total 811008K, used 387467K [0x0000000700000000, 0x0000000800000000)
  region size 2048K, 14 young (28672K), 14 survivors (28672K)
 Metaspace       used 111803K, committed 113664K, reserved 983040K
  class space    used 15499K, committed 16320K, reserved 851968K
}
Event: 36.471 GC heap before
{Heap before GC invocations=59 (full 0):
 garbage-first heap   total 811008K, used 672139K [0x0000000700000000, 0x0000000800000000)
  region size 2048K, 154 young (315392K), 14 survivors (28672K)
 Metaspace       used 111942K, committed 113856K, reserved 983040K
  class space    used 15518K, committed 16384K, reserved 851968K
}
Event: 36.486 GC heap after
{Heap after GC invocations=60 (full 0):
 garbage-first heap   total 811008K, used 394667K [0x0000000700000000, 0x0000000800000000)
  region size 2048K, 13 young (26624K), 13 survivors (26624K)
 Metaspace       used 111942K, committed 113856K, reserved 983040K
  class space    used 15518K, committed 16384K, reserved 851968K
}
Event: 37.031 GC heap before
{Heap before GC invocations=60 (full 0):
 garbage-first heap   total 811008K, used 675243K [0x0000000700000000, 0x0000000800000000)
  region size 2048K, 151 young (309248K), 13 survivors (26624K)
 Metaspace       used 112368K, committed 114368K, reserved 983040K
  class space    used 15577K, committed 16448K, reserved 851968K
}
Event: 37.048 GC heap after
{Heap after GC invocations=61 (full 0):
 garbage-first heap   total 811008K, used 408201K [0x0000000700000000, 0x0000000800000000)
  region size 2048K, 13 young (26624K), 13 survivors (26624K)
 Metaspace       used 112368K, committed 114368K, reserved 983040K
  class space    used 15577K, committed 16448K, reserved 851968K
}
Event: 38.072 GC heap before
{Heap before GC invocations=61 (full 0):
 garbage-first heap   total 811008K, used 674441K [0x0000000700000000, 0x0000000800000000)
  region size 2048K, 144 young (294912K), 13 survivors (26624K)
 Metaspace       used 112592K, committed 114624K, reserved 983040K
  class space    used 15613K, committed 16448K, reserved 851968K
}
Event: 38.091 GC heap after
{Heap after GC invocations=62 (full 0):
 garbage-first heap   total 811008K, used 420452K [0x0000000700000000, 0x0000000800000000)
  region size 2048K, 16 young (32768K), 16 survivors (32768K)
 Metaspace       used 112592K, committed 114624K, reserved 983040K
  class space    used 15613K, committed 16448K, reserved 851968K
}
Event: 38.538 GC heap before
{Heap before GC invocations=62 (full 0):
 garbage-first heap   total 811008K, used 672356K [0x0000000700000000, 0x0000000800000000)
  region size 2048K, 140 young (286720K), 16 survivors (32768K)
 Metaspace       used 112723K, committed 114816K, reserved 983040K
  class space    used 15634K, committed 16512K, reserved 851968K
}
Event: 38.555 GC heap after
{Heap after GC invocations=63 (full 0):
 garbage-first heap   total 811008K, used 427822K [0x0000000700000000, 0x0000000800000000)
  region size 2048K, 13 young (26624K), 13 survivors (26624K)
 Metaspace       used 112723K, committed 114816K, reserved 983040K
  class space    used 15634K, committed 16512K, reserved 851968K
}
Event: 41.723 GC heap before
{Heap before GC invocations=63 (full 0):
 garbage-first heap   total 811008K, used 675630K [0x0000000700000000, 0x0000000800000000)
  region size 2048K, 135 young (276480K), 13 survivors (26624K)
 Metaspace       used 119273K, committed 121408K, reserved 983040K
  class space    used 16544K, committed 17472K, reserved 851968K
}
Event: 41.760 GC heap after
{Heap after GC invocations=64 (full 0):
 garbage-first heap   total 948224K, used 463423K [0x0000000700000000, 0x0000000800000000)
  region size 2048K, 17 young (34816K), 17 survivors (34816K)
 Metaspace       used 119273K, committed 121408K, reserved 983040K
  class space    used 16544K, committed 17472K, reserved 851968K
}
Event: 47.581 GC heap before
{Heap before GC invocations=64 (full 0):
 garbage-first heap   total 948224K, used 776767K [0x0000000700000000, 0x0000000800000000)
  region size 2048K, 170 young (348160K), 17 survivors (34816K)
 Metaspace       used 124018K, committed 126720K, reserved 983040K
  class space    used 17165K, committed 18304K, reserved 851968K
}
Event: 47.629 GC heap after
{Heap after GC invocations=65 (full 0):
 garbage-first heap   total 948224K, used 503315K [0x0000000700000000, 0x0000000800000000)
  region size 2048K, 20 young (40960K), 20 survivors (40960K)
 Metaspace       used 124018K, committed 126720K, reserved 983040K
  class space    used 17165K, committed 18304K, reserved 851968K
}
Event: 50.007 GC heap before
{Heap before GC invocations=65 (full 0):
 garbage-first heap   total 948224K, used 767507K [0x0000000700000000, 0x0000000800000000)
  region size 2048K, 150 young (307200K), 20 survivors (40960K)
 Metaspace       used 125208K, committed 127872K, reserved 983040K
  class space    used 17225K, committed 18368K, reserved 851968K
}
Event: 50.037 GC heap after
{Heap after GC invocations=66 (full 0):
 garbage-first heap   total 948224K, used 518591K [0x0000000700000000, 0x0000000800000000)
  region size 2048K, 9 young (18432K), 9 survivors (18432K)
 Metaspace       used 125208K, committed 127872K, reserved 983040K
  class space    used 17225K, committed 18368K, reserved 851968K
}
Event: 52.613 GC heap before
{Heap before GC invocations=66 (full 0):
 garbage-first heap   total 948224K, used 784831K [0x0000000700000000, 0x0000000800000000)
  region size 2048K, 136 young (278528K), 9 survivors (18432K)
 Metaspace       used 127740K, committed 130368K, reserved 983040K
  class space    used 17483K, committed 18624K, reserved 851968K
}
Event: 52.627 GC heap after
{Heap after GC invocations=67 (full 0):
 garbage-first heap   total 948224K, used 520378K [0x0000000700000000, 0x0000000800000000)
  region size 2048K, 10 young (20480K), 10 survivors (20480K)
 Metaspace       used 127740K, committed 130368K, reserved 983040K
  class space    used 17483K, committed 18624K, reserved 851968K
}

Deoptimization events (20 events):
Event: 88.718 Thread 0x000001c46ddb2a90 Uncommon trap: trap_request=0xffffffc6 fr.pc=0x000001c413025a8c relative=0x000000000000008c
Event: 88.718 Thread 0x000001c46ddb2a90 Uncommon trap: reason=bimorphic_or_optimized_type_check action=maybe_recompile pc=0x000001c413025a8c method=org.gradle.internal.logging.sink.OutputEventRenderer.onOutput(Lorg/gradle/internal/logging/events/OutputEvent;)V @ 1 c2
Event: 88.718 Thread 0x000001c46ddb2a90 DEOPT PACKING pc=0x000001c413025a8c sp=0x000000010a5fe730
Event: 88.718 Thread 0x000001c46ddb2a90 DEOPT UNPACKING pc=0x000001c4126923a3 sp=0x000000010a5fe670 mode 2
Event: 88.718 Thread 0x000001c46ddb2a90 Uncommon trap: trap_request=0xffffffde fr.pc=0x000001c412f79674 relative=0x0000000000000bb4
Event: 88.718 Thread 0x000001c46ddb2a90 Uncommon trap: reason=class_check action=maybe_recompile pc=0x000001c412f79674 method=org.gradle.internal.logging.sink.OutputEventTransformer.onOutput(Lorg/gradle/internal/logging/events/OutputEvent;)V @ 215 c2
Event: 88.718 Thread 0x000001c46ddb2a90 DEOPT PACKING pc=0x000001c412f79674 sp=0x000000010a5fe5d0
Event: 88.718 Thread 0x000001c46ddb2a90 DEOPT UNPACKING pc=0x000001c4126923a3 sp=0x000000010a5fe5e8 mode 2
Event: 88.718 Thread 0x000001c46ddb2a90 Uncommon trap: trap_request=0xffffffc6 fr.pc=0x000001c413025a8c relative=0x000000000000008c
Event: 88.718 Thread 0x000001c46ddb2a90 Uncommon trap: reason=bimorphic_or_optimized_type_check action=maybe_recompile pc=0x000001c413025a8c method=org.gradle.internal.logging.sink.OutputEventRenderer.onOutput(Lorg/gradle/internal/logging/events/OutputEvent;)V @ 1 c2
Event: 88.718 Thread 0x000001c46ddb2a90 DEOPT PACKING pc=0x000001c413025a8c sp=0x000000010a5fe730
Event: 88.718 Thread 0x000001c46ddb2a90 DEOPT UNPACKING pc=0x000001c4126923a3 sp=0x000000010a5fe670 mode 2
Event: 88.718 Thread 0x000001c46ddb2a90 Uncommon trap: trap_request=0xffffffde fr.pc=0x000001c412f79674 relative=0x0000000000000bb4
Event: 88.718 Thread 0x000001c46ddb2a90 Uncommon trap: reason=class_check action=maybe_recompile pc=0x000001c412f79674 method=org.gradle.internal.logging.sink.OutputEventTransformer.onOutput(Lorg/gradle/internal/logging/events/OutputEvent;)V @ 215 c2
Event: 88.718 Thread 0x000001c46ddb2a90 DEOPT PACKING pc=0x000001c412f79674 sp=0x000000010a5fe5d0
Event: 88.718 Thread 0x000001c46ddb2a90 DEOPT UNPACKING pc=0x000001c4126923a3 sp=0x000000010a5fe5e8 mode 2
Event: 88.718 Thread 0x000001c46ddb2a90 Uncommon trap: trap_request=0xffffffc6 fr.pc=0x000001c412c6c8b8 relative=0x0000000000000058
Event: 88.718 Thread 0x000001c46ddb2a90 Uncommon trap: reason=bimorphic_or_optimized_type_check action=maybe_recompile pc=0x000001c412c6c8b8 method=org.gradle.internal.logging.sink.OutputEventRenderer.onOutput(Lorg/gradle/internal/logging/events/OutputEvent;)V @ 1 c2
Event: 88.718 Thread 0x000001c46ddb2a90 DEOPT PACKING pc=0x000001c412c6c8b8 sp=0x000000010a5fe6d0
Event: 88.718 Thread 0x000001c46ddb2a90 DEOPT UNPACKING pc=0x000001c4126923a3 sp=0x000000010a5fe670 mode 2

Classes unloaded (1 events):
Event: 9.750 Thread 0x000001c42669dc10 Unloading class 0x000001c4286e0400 'java/lang/invoke/LambdaForm$DMH+0x000001c4286e0400'

Classes redefined (0 events):
No events

Internal exceptions (20 events):
Event: 50.194 Thread 0x000001c460fc7cc0 Exception <a 'sun/nio/fs/WindowsException'{0x0000000735148b30}> (0x0000000735148b30) 
thrown [s\open\src\hotspot\share\prims\jni.cpp, line 516]
Event: 50.194 Thread 0x000001c460fc7cc0 Exception <a 'sun/nio/fs/WindowsException'{0x0000000735148e30}> (0x0000000735148e30) 
thrown [s\open\src\hotspot\share\prims\jni.cpp, line 516]
Event: 50.194 Thread 0x000001c460fc7cc0 Exception <a 'sun/nio/fs/WindowsException'{0x000000073514aef0}> (0x000000073514aef0) 
thrown [s\open\src\hotspot\share\prims\jni.cpp, line 516]
Event: 50.194 Thread 0x000001c460fc7cc0 Exception <a 'sun/nio/fs/WindowsException'{0x000000073514b198}> (0x000000073514b198) 
thrown [s\open\src\hotspot\share\prims\jni.cpp, line 516]
Event: 50.195 Thread 0x000001c460fc7cc0 Exception <a 'sun/nio/fs/WindowsException'{0x000000073514d178}> (0x000000073514d178) 
thrown [s\open\src\hotspot\share\prims\jni.cpp, line 516]
Event: 50.195 Thread 0x000001c460fc7cc0 Exception <a 'sun/nio/fs/WindowsException'{0x000000073514d3a8}> (0x000000073514d3a8) 
thrown [s\open\src\hotspot\share\prims\jni.cpp, line 516]
Event: 50.868 Thread 0x000001c460fc7cc0 Implicit null exception at 0x000001c413f48a4f to 0x000001c413f4a3b0
Event: 51.517 Thread 0x000001c461fddb90 Implicit null exception at 0x000001c4136bd4f4 to 0x000001c4136c3f10
Event: 51.586 Thread 0x000001c460fc7cc0 Exception <a 'sun/nio/fs/WindowsException'{0x000000073201c958}> (0x000000073201c958) 
thrown [s\open\src\hotspot\share\prims\jni.cpp, line 516]
Event: 51.587 Thread 0x000001c460fc7cc0 Exception <a 'sun/nio/fs/WindowsException'{0x000000073201cbf8}> (0x000000073201cbf8) 
thrown [s\open\src\hotspot\share\prims\jni.cpp, line 516]
Event: 51.587 Thread 0x000001c460fc7cc0 Exception <a 'sun/nio/fs/WindowsException'{0x000000073201ecb8}> (0x000000073201ecb8) 
thrown [s\open\src\hotspot\share\prims\jni.cpp, line 516]
Event: 51.587 Thread 0x000001c460fc7cc0 Exception <a 'sun/nio/fs/WindowsException'{0x000000073201ef58}> (0x000000073201ef58) 
thrown [s\open\src\hotspot\share\prims\jni.cpp, line 516]
Event: 51.713 Thread 0x000001c461fddb90 Implicit null exception at 0x000001c4136af468 to 0x000001c4136b62e4
Event: 51.719 Thread 0x000001c460fc7cc0 Exception <a 'sun/nio/fs/WindowsException'{0x00000007316a39b0}> (0x00000007316a39b0) 
thrown [s\open\src\hotspot\share\prims\jni.cpp, line 516]
Event: 51.719 Thread 0x000001c460fc7cc0 Exception <a 'sun/nio/fs/WindowsException'{0x00000007316a3c88}> (0x00000007316a3c88) 
thrown [s\open\src\hotspot\share\prims\jni.cpp, line 516]
Event: 52.200 Thread 0x000001c460fcc3a0 Implicit null exception at 0x000001c413f14e28 to 0x000001c413f15384
Event: 52.363 Thread 0x000001c460fcc3a0 Implicit null exception at 0x000001c413b789c0 to 0x000001c413b78cc0
Event: 53.832 Thread 0x000001c464a07a20 Exception <a 'java/lang/NoSuchMethodError'{0x000000072f714878}: 'void java.lang.invoke.DirectMethodHandle$Holder.invokeStatic(java.lang.Object, long)'> (0x000000072f714878) 
thrown [s\open\src\hotspot\share\interpreter\linkResolver.cpp, line 759]
Event: 53.833 Thread 0x000001c464a07a20 Exception <a 'java/lang/NoSuchMethodError'{0x000000072f71f618}: 'java.lang.Object java.lang.invoke.DirectMethodHandle$Holder.invokeStatic(java.lang.Object, java.lang.Object, long, java.lang.Object)'> (0x000000072f71f618) 
thrown [s\open\src\hotspot\share\interpreter\linkResolver.cpp, line 759]
Event: 53.834 Thread 0x000001c464a07a20 Exception <a 'java/lang/NoSuchMethodError'{0x000000072f723198}: 'java.lang.Object java.lang.invoke.DirectMethodHandle$Holder.invokeStaticInit(java.lang.Object, java.lang.Object, long, java.lang.Object)'> (0x000000072f723198) 
thrown [s\open\src\hotspot\share\interpreter\linkResolver.cpp, line 759]

VM Operations (20 events):
Event: 53.716 Executing VM operation: HandshakeAllThreads
Event: 53.716 Executing VM operation: HandshakeAllThreads done
Event: 53.716 Executing VM operation: Cleanup
Event: 53.716 Executing VM operation: Cleanup done
Event: 53.736 Executing VM operation: HandshakeAllThreads
Event: 53.737 Executing VM operation: HandshakeAllThreads done
Event: 53.775 Executing VM operation: HandshakeAllThreads
Event: 53.776 Executing VM operation: HandshakeAllThreads done
Event: 53.838 Executing VM operation: HandshakeAllThreads
Event: 53.838 Executing VM operation: HandshakeAllThreads done
Event: 54.845 Executing VM operation: Cleanup
Event: 54.845 Executing VM operation: Cleanup done
Event: 59.888 Executing VM operation: Cleanup
Event: 59.888 Executing VM operation: Cleanup done
Event: 60.246 Executing VM operation: HandshakeAllThreads
Event: 60.246 Executing VM operation: HandshakeAllThreads done
Event: 88.716 Executing VM operation: HandshakeAllThreads
Event: 88.716 Executing VM operation: HandshakeAllThreads done
Event: 88.716 Executing VM operation: Cleanup
Event: 88.716 Executing VM operation: Cleanup done

Events (20 events):
Event: 53.807 Thread 0x000001c4267d5e70 flushing nmethod 0x000001c40d52e390
Event: 53.807 Thread 0x000001c4267d5e70 flushing nmethod 0x000001c40d53f490
Event: 53.807 Thread 0x000001c4267d5e70 flushing nmethod 0x000001c40d56fa10
Event: 53.807 Thread 0x000001c4267d5e70 flushing nmethod 0x000001c40d57a590
Event: 53.807 Thread 0x000001c4267d5e70 flushing nmethod 0x000001c40d584c90
Event: 53.807 Thread 0x000001c4267d5e70 flushing nmethod 0x000001c40d5bab10
Event: 53.808 Thread 0x000001c4267d5e70 flushing nmethod 0x000001c40d5d9b10
Event: 53.808 Thread 0x000001c4267d5e70 flushing nmethod 0x000001c40d6bb410
Event: 53.832 loading class java/lang/ProcessHandleImpl
Event: 53.833 loading class java/lang/ProcessHandleImpl done
Event: 53.834 loading class java/lang/ProcessImpl$2
Event: 53.834 loading class java/lang/ProcessImpl$2 done
Event: 53.834 loading class java/lang/Process$PipeInputStream
Event: 53.834 loading class java/lang/Process$PipeInputStream done
Event: 53.838 loading class jdk/internal/event/ProcessStartEvent
Event: 53.838 loading class jdk/internal/event/ProcessStartEvent done
Event: 53.840 Thread 0x000001c46ddb2a90 Thread added: 0x000001c46ddb2a90
Event: 53.840 Thread 0x000001c46ddb2fa0 Thread added: 0x000001c46ddb2fa0
Event: 56.969 Thread 0x000001c46f38a690 Thread exited: 0x000001c46f38a690
Event: 59.603 Thread 0x000001c46f38a140 Thread exited: 0x000001c46f38a140


Dynamic libraries:
0x00007ff7e2e90000 - 0x00007ff7e2ea0000 	C:\Program Files\Java\jdk-17\bin\java.exe
0x00007fff61900000 - 0x00007fff61b67000 	C:\WINDOWS\SYSTEM32\ntdll.dll
0x00007fff61180000 - 0x00007fff61249000 	C:\WINDOWS\System32\KERNEL32.DLL
0x00007fff5e5f0000 - 0x00007fff5e9e4000 	C:\WINDOWS\System32\KERNELBASE.dll
0x00007fff5eaa0000 - 0x00007fff5ebeb000 	C:\WINDOWS\System32\ucrtbase.dll
0x00007fff38040000 - 0x00007fff38059000 	C:\Program Files\Java\jdk-17\bin\jli.dll
0x00007fff38020000 - 0x00007fff3803b000 	C:\Program Files\Java\jdk-17\bin\VCRUNTIME140.dll
0x00007fff60490000 - 0x00007fff60546000 	C:\WINDOWS\System32\ADVAPI32.dll
0x00007fff60800000 - 0x00007fff608a9000 	C:\WINDOWS\System32\msvcrt.dll
0x00007fff617e0000 - 0x00007fff61887000 	C:\WINDOWS\System32\sechost.dll
0x00007fff5fa80000 - 0x00007fff5fb98000 	C:\WINDOWS\System32\RPCRT4.dll
0x00007fff61250000 - 0x00007fff61415000 	C:\WINDOWS\System32\USER32.dll
0x00007fff50140000 - 0x00007fff503d3000 	C:\WINDOWS\WinSxS\amd64_microsoft.windows.common-controls_6595b64144ccf1df_6.0.26100.8115_none_3e075c82e3354f9c\COMCTL32.dll
0x00007fff606c0000 - 0x00007fff606eb000 	C:\WINDOWS\System32\GDI32.dll
0x00007fff5e510000 - 0x00007fff5e537000 	C:\WINDOWS\System32\win32u.dll
0x00007fff5e3e0000 - 0x00007fff5e50b000 	C:\WINDOWS\System32\gdi32full.dll
0x00007fff5e540000 - 0x00007fff5e5e3000 	C:\WINDOWS\System32\msvcp_win.dll
0x00007fff58240000 - 0x00007fff5824b000 	C:\WINDOWS\SYSTEM32\VERSION.dll
0x00007fff5fc30000 - 0x00007fff5fc62000 	C:\WINDOWS\System32\IMM32.DLL
0x00007fff38010000 - 0x00007fff3801c000 	C:\Program Files\Java\jdk-17\bin\vcruntime140_1.dll
0x00007fff37f80000 - 0x00007fff3800e000 	C:\Program Files\Java\jdk-17\bin\msvcp140.dll
0x00007ffec5270000 - 0x00007ffec5e50000 	C:\Program Files\Java\jdk-17\bin\server\jvm.dll
0x00007fff60100000 - 0x00007fff60108000 	C:\WINDOWS\System32\PSAPI.DLL
0x00007fff387d0000 - 0x00007fff387da000 	C:\WINDOWS\SYSTEM32\WSOCK32.dll
0x00007fff5fba0000 - 0x00007fff5fc20000 	C:\WINDOWS\System32\WS2_32.dll
0x00007fff55310000 - 0x00007fff55346000 	C:\WINDOWS\SYSTEM32\WINMM.dll
0x00007fff5cf20000 - 0x00007fff5cf3b000 	C:\WINDOWS\SYSTEM32\kernel.appcore.dll
0x00007fff37f70000 - 0x00007fff37f7a000 	C:\Program Files\Java\jdk-17\bin\jimage.dll
0x00007fff50ee0000 - 0x00007fff51122000 	C:\WINDOWS\SYSTEM32\DBGHELP.DLL
0x00007fff5f690000 - 0x00007fff5fa12000 	C:\WINDOWS\System32\combase.dll
0x00007fff60720000 - 0x00007fff607f8000 	C:\WINDOWS\System32\OLEAUT32.dll
0x00007fff50dd0000 - 0x00007fff50e0b000 	C:\WINDOWS\SYSTEM32\dbgcore.DLL
0x00007fff5e9f0000 - 0x00007fff5ea95000 	C:\WINDOWS\System32\bcryptPrimitives.dll
0x00007fff599f0000 - 0x00007fff599fe000 	C:\Program Files\Java\jdk-17\bin\instrument.dll
0x00007fff37750000 - 0x00007fff37775000 	C:\Program Files\Java\jdk-17\bin\java.dll
0x00007fff350b0000 - 0x00007fff35187000 	C:\Program Files\Java\jdk-17\bin\jsvml.dll
0x00007fff60980000 - 0x00007fff610e7000 	C:\WINDOWS\System32\SHELL32.dll
0x00007fff5ecb0000 - 0x00007fff5ee1a000 	C:\WINDOWS\System32\wintypes.dll
0x00007fff5ee20000 - 0x00007fff5f688000 	C:\WINDOWS\System32\windows.storage.dll
0x00007fff616e0000 - 0x00007fff617d8000 	C:\WINDOWS\System32\SHCORE.dll
0x00007fff61520000 - 0x00007fff61586000 	C:\WINDOWS\System32\shlwapi.dll
0x00007fff5e0f0000 - 0x00007fff5e119000 	C:\WINDOWS\SYSTEM32\profapi.dll
0x00007fff37f40000 - 0x00007fff37f58000 	C:\Program Files\Java\jdk-17\bin\zip.dll
0x00007fff35090000 - 0x00007fff350a9000 	C:\Program Files\Java\jdk-17\bin\net.dll
0x00007fff58110000 - 0x00007fff5823d000 	C:\WINDOWS\SYSTEM32\WINHTTP.dll
0x00007fff5d470000 - 0x00007fff5d4dc000 	C:\WINDOWS\system32\mswsock.dll
0x00007fff32a10000 - 0x00007fff32a26000 	C:\Program Files\Java\jdk-17\bin\nio.dll
0x00007fff37740000 - 0x00007fff37750000 	C:\Program Files\Java\jdk-17\bin\verify.dll
0x00007fff2df80000 - 0x00007fff2dfa7000 	C:\Users\Inurum_Four\.gradle\native\1def1411415f61bf3af743bc5b6707747c0891f09f0c88961ee8f79bc544acac\windows-amd64\native-platform.dll
0x00007ffed69a0000 - 0x00007ffed6a18000 	C:\Users\Inurum_Four\.gradle\native\0.2.7\x86_64-windows-gnu\gradle-fileevents.dll
0x00007fff36670000 - 0x00007fff3667a000 	C:\Program Files\Java\jdk-17\bin\management.dll
0x00007fff356c0000 - 0x00007fff356cb000 	C:\Program Files\Java\jdk-17\bin\management_ext.dll
0x00007fff5c900000 - 0x00007fff5c932000 	C:\WINDOWS\SYSTEM32\IPHLPAPI.DLL
0x00007fff60550000 - 0x00007fff6055a000 	C:\WINDOWS\System32\NSI.dll
0x00007fff58400000 - 0x00007fff5841d000 	C:\WINDOWS\SYSTEM32\dhcpcsvc6.DLL
0x00007fff58250000 - 0x00007fff58275000 	C:\WINDOWS\SYSTEM32\dhcpcsvc.DLL
0x00007fff5c940000 - 0x00007fff5ca72000 	C:\WINDOWS\SYSTEM32\DNSAPI.dll
0x00007fff5d870000 - 0x00007fff5d88b000 	C:\WINDOWS\SYSTEM32\CRYPTSP.dll
0x00007fff5ce80000 - 0x00007fff5ceb9000 	C:\WINDOWS\system32\rsaenh.dll
0x00007fff5d520000 - 0x00007fff5d553000 	C:\WINDOWS\SYSTEM32\USERENV.dll
0x00007fff5e0c0000 - 0x00007fff5e0ea000 	C:\WINDOWS\SYSTEM32\bcrypt.dll
0x00007fff5d6d0000 - 0x00007fff5d6dc000 	C:\WINDOWS\SYSTEM32\CRYPTBASE.dll
0x00007fff3a3e0000 - 0x00007fff3a3ee000 	C:\Program Files\Java\jdk-17\bin\sunmscapi.dll
0x00007fff5e260000 - 0x00007fff5e3d7000 	C:\WINDOWS\System32\CRYPT32.dll
0x00007fff5d9d0000 - 0x00007fff5da00000 	C:\WINDOWS\SYSTEM32\ncrypt.dll
0x00007fff5d980000 - 0x00007fff5d9bf000 	C:\WINDOWS\SYSTEM32\NTASN1.dll
0x00007fff36680000 - 0x00007fff36688000 	C:\WINDOWS\system32\wshunix.dll

dbghelp: loaded successfully - version: 4.0.5 - missing functions: none
symbol engine: initialized successfully - sym options: 0x614 - pdb path: .;C:\Program Files\Java\jdk-17\bin;C:\WINDOWS\SYSTEM32;C:\WINDOWS\WinSxS\amd64_microsoft.windows.common-controls_6595b64144ccf1df_6.0.26100.8115_none_3e075c82e3354f9c;C:\Program Files\Java\jdk-17\bin\server;C:\Users\Inurum_Four\.gradle\native\1def1411415f61bf3af743bc5b6707747c0891f09f0c88961ee8f79bc544acac\windows-amd64;C:\Users\Inurum_Four\.gradle\native\0.2.7\x86_64-windows-gnu

VM Arguments:
jvm_args: --add-opens=java.base/java.lang=ALL-UNNAMED --add-opens=java.base/java.lang.invoke=ALL-UNNAMED --add-opens=java.base/java.util=ALL-UNNAMED --add-opens=java.prefs/java.util.prefs=ALL-UNNAMED --add-exports=jdk.compiler/com.sun.tools.javac.api=ALL-UNNAMED --add-exports=jdk.compiler/com.sun.tools.javac.util=ALL-UNNAMED --add-opens=java.base/java.util=ALL-UNNAMED --add-opens=java.prefs/java.util.prefs=ALL-UNNAMED --add-opens=java.base/java.nio.charset=ALL-UNNAMED --add-opens=java.base/java.net=ALL-UNNAMED --add-opens=java.base/java.util.concurrent.atomic=ALL-UNNAMED --add-opens=java.xml/javax.xml.namespace=ALL-UNNAMED -XX:MaxMetaspaceSize=1G -Xmx4G -Dfile.encoding=UTF-8 -Duser.country=IN -Duser.language=en -Duser.variant -javaagent:C:\Users\Inurum_Four\.gradle\wrapper\dists\gradle-8.14-all\c2qonpi39x1mddn7hk5gh9iqj\gradle-8.14\lib\agents\gradle-instrumentation-agent-8.14.jar 
java_command: org.gradle.launcher.daemon.bootstrap.GradleDaemon 8.14
java_class_path (initial): C:\Users\Inurum_Four\.gradle\wrapper\dists\gradle-8.14-all\c2qonpi39x1mddn7hk5gh9iqj\gradle-8.14\lib\gradle-daemon-main-8.14.jar
Launcher Type: SUN_STANDARD

[Global flags]
     intx CICompilerCount                          = 4                                         {product} {ergonomic}
   size_t CompressedClassSpaceSize                 = 872415232                                 {product} {ergonomic}
     uint ConcGCThreads                            = 2                                         {product} {ergonomic}
     uint G1ConcRefinementThreads                  = 8                                         {product} {ergonomic}
   size_t G1HeapRegionSize                         = 2097152                                   {product} {ergonomic}
    uintx GCDrainStackTargetSize                   = 64                                        {product} {ergonomic}
   size_t InitialHeapSize                          = 266338304                                 {product} {ergonomic}
   size_t MarkStackSize                            = 4194304                                   {product} {ergonomic}
   size_t MaxHeapSize                              = 4294967296                                {product} {command line}
   size_t MaxMetaspaceSize                         = 1073741824                                {product} {command line}
   size_t MaxNewSize                               = 2575302656                                {product} {ergonomic}
   size_t MinHeapDeltaBytes                        = 2097152                                   {product} {ergonomic}
   size_t MinHeapSize                              = 8388608                                   {product} {ergonomic}
    uintx NonNMethodCodeHeapSize                   = 5839372                                {pd product} {ergonomic}
    uintx NonProfiledCodeHeapSize                  = 122909434                              {pd product} {ergonomic}
    uintx ProfiledCodeHeapSize                     = 122909434                              {pd product} {ergonomic}
    uintx ReservedCodeCacheSize                    = 251658240                              {pd product} {ergonomic}
     bool SegmentedCodeCache                       = true                                      {product} {ergonomic}
   size_t SoftMaxHeapSize                          = 4294967296                             {manageable} {ergonomic}
     bool UseCompressedClassPointers               = true                           {product lp64_product} {ergonomic}
     bool UseCompressedOops                        = true                           {product lp64_product} {ergonomic}
     bool UseG1GC                                  = true                                      {product} {ergonomic}
     bool UseLargePagesIndividualAllocation        = false                                  {pd product} {ergonomic}

Logging:
Log output configuration:
 #0: stdout all=warning uptime,level,tags
 #1: stderr all=off uptime,level,tags

Environment Variables:
JAVA_HOME=C:\Program Files\Java\jdk-17
CLASSPATH=D:\InurumFlutter\mg\driver-and-customer\mahilasaarthi\driver\android\\gradle\wrapper\gradle-wrapper.jar
PATH=C:\Program Files\Java\jdk-17\bin;C:\src\flutter\bin\;C:\Program Files\Common Files\Oracle\Java\javapath;C:\WINDOWS\system32;C:\WINDOWS;C:\WINDOWS\System32\Wbem;C:\WINDOWS\System32\WindowsPowerShell\v1.0\;C:\WINDOWS\System32\OpenSSH\;C:\src\flutter\bin;C:\Program Files\Git\cmd;C:\Users\Inurum_Four\AppData\Roaming\npm;C:\Program Files\nodejs\;C:\Users\Inurum_Four\AppData\Local\Programs\Python\Python311\Scripts\;C:\Users\Inurum_Four\AppData\Local\Programs\Python\Python311\;C:\Users\Inurum_Four\AppData\Local\Programs\Python\Python314\Scripts\;C:\Users\Inurum_Four\AppData\Local\Programs\Python\Python314\;C:\Users\Inurum_Four\AppData\Local\Microsoft\WindowsApps;C:\src\flutter\bin;C:\Users\Inurum_Four\AppData\Local\Programs\Microsoft VS Code\bin;C:\Program Files\nodejs\;C:\Users\Inurum_Four\AppData\Local\Pub\Cache\bin;C:\Users\Inurum_Four\AppData\Roaming\npm;C:\Users\Inurum_Four\AppData\Local\Programs\Antigravity\bin;C:\Program Files\SDCC\bin;C:\Users\Inurum_Four\AppData\Local\Programs\Antigravity IDE\bin;C:\Users\Inurum_Four\AppData\Local\GitHubDesktop\bin;c:\Users\Inurum_Four\.antigravity\extensions\vscjava.vscode-java-debug-0.59.0-universal\bundled\scripts\noConfigScripts;c:\Users\Inurum_Four\.antigravity\extensions\ms-python.debugpy-2026.6.0-win32-x64\bundled\scripts\noConfigScripts;C:\src\flutter\bin\mingit\cmd
USERNAME=Inurum_Four
LANG=en_US.UTF-8
OS=Windows_NT
PROCESSOR_IDENTIFIER=Intel64 Family 6 Model 151 Stepping 5, GenuineIntel



---------------  S Y S T E M  ---------------

OS:
 Windows 11 , 64 bit Build 26100 (10.0.26100.8246)
OS uptime: 0 days 2:36 hours
Hyper-V role detected

CPU: total 8 (initial active 8) (4 cores per cpu, 2 threads per core) family 6 model 151 stepping 5 microcode 0x18, cx8, cmov, fxsr, ht, mmx, 3dnowpref, sse, sse2, sse3, ssse3, sse4.1, sse4.2, popcnt, lzcnt, tsc, tscinvbit, avx, avx2, aes, erms, clmul, bmi1, bmi2, adx, sha, fma, vzeroupper, clflush, clflushopt, clwb, hv

Memory: 4k page, system-wide physical 16197M (771M free)
TotalPageFile size 29700M (AvailPageFile size 0M)
current process WorkingSet (physical memory assigned to process): 1210M, peak: 1350M
current process commit charge ("private bytes"): 1371M, peak: 1421M

vm_info: Java HotSpot(TM) 64-Bit Server VM (17.0.12+8-LTS-286) for windows-amd64 JRE (17.0.12+8-LTS-286), built on Jun  5 2024 06:46:59 by "mach5one" with MS VC++ 17.6 (VS2022)

END.
