#
# There is insufficient memory for the Java Runtime Environment to continue.
# Native memory allocation (malloc) failed to allocate 595376 bytes for Chunk::new
# Possible reasons:
#   The system is out of physical RAM or swap space
#   The process is running with CompressedOops enabled, and the Java Heap may be blocking the growth of the native heap
# Possible solutions:
#   Reduce memory load on the system
#   Increase physical memory or swap space
#   Check if swap backing store is full
#   Decrease Java heap size (-Xmx/-Xms)
#   Decrease number of Java threads
#   Decrease Java thread stack sizes (-Xss)
#   Set larger code cache with -XX:ReservedCodeCacheSize=
#   JVM is running with Zero Based Compressed Oops mode in which the Java heap is
#     placed in the first 32GB address space. The Java Heap base address is the
#     maximum limit for the native heap growth. Please use -XX:HeapBaseMinAddress
#     to set the Java Heap base and to place the Java Heap above 32GB virtual address.
# This output file may be truncated or incomplete.
#
#  Out of Memory Error (arena.cpp:189), pid=1064, tid=15224
#
# JRE version: Java(TM) SE Runtime Environment (17.0.12+8) (build 17.0.12+8-LTS-286)
# Java VM: Java HotSpot(TM) 64-Bit Server VM (17.0.12+8-LTS-286, mixed mode, sharing, tiered, compressed oops, compressed class ptrs, g1 gc, windows-amd64)
# No core dump will be written. Minidumps are not enabled by default on client versions of Windows
#

---------------  S U M M A R Y ------------

Command Line: --add-opens=java.base/java.lang=ALL-UNNAMED --add-opens=java.base/java.lang.invoke=ALL-UNNAMED --add-opens=java.base/java.util=ALL-UNNAMED --add-opens=java.prefs/java.util.prefs=ALL-UNNAMED --add-exports=jdk.compiler/com.sun.tools.javac.api=ALL-UNNAMED --add-exports=jdk.compiler/com.sun.tools.javac.util=ALL-UNNAMED --add-opens=java.base/java.util=ALL-UNNAMED --add-opens=java.prefs/java.util.prefs=ALL-UNNAMED --add-opens=java.base/java.nio.charset=ALL-UNNAMED --add-opens=java.base/java.net=ALL-UNNAMED --add-opens=java.base/java.util.concurrent.atomic=ALL-UNNAMED --add-opens=java.xml/javax.xml.namespace=ALL-UNNAMED -XX:MaxMetaspaceSize=1G -Xmx4G -Dfile.encoding=UTF-8 -Duser.country=IN -Duser.language=en -Duser.variant -javaagent:C:\Users\Inurum_Four\.gradle\wrapper\dists\gradle-8.14-all\c2qonpi39x1mddn7hk5gh9iqj\gradle-8.14\lib\agents\gradle-instrumentation-agent-8.14.jar org.gradle.launcher.daemon.bootstrap.GradleDaemon 8.14

Host: 12th Gen Intel(R) Core(TM) i3-12100F, 8 cores, 15G,  Windows 11 , 64 bit Build 26100 (10.0.26100.8246)
Time: Wed Aug 26 14:28:46 2026 India Standard Time elapsed time: 91.189113 seconds (0d 0h 1m 31s)

---------------  T H R E A D  ---------------

Current thread (0x0000028ccf8f69e0):  JavaThread "C2 CompilerThread0" daemon [_thread_in_native, id=15224, stack(0x000000f8c9a00000,0x000000f8c9b00000)]


Current CompileTask:
C2:  91189 23053       4       javax.management.ObjectName::construct (1135 bytes)

Stack: [0x000000f8c9a00000,0x000000f8c9b00000]
Native frames: (J=compiled Java code, j=interpreted, Vv=VM code, C=native code)
V  [jvm.dll+0x67a04a]
V  [jvm.dll+0x7da4ed]
V  [jvm.dll+0x7dbe33]
V  [jvm.dll+0x7dc4a3]
V  [jvm.dll+0x24508f]
V  [jvm.dll+0xab773]
V  [jvm.dll+0xabd3c]
V  [jvm.dll+0x2aa52f]
V  [jvm.dll+0x581eb9]
V  [jvm.dll+0x21f422]
V  [jvm.dll+0x21811b]
V  [jvm.dll+0x215b65]
V  [jvm.dll+0x1a2960]
V  [jvm.dll+0x22610b]
V  [jvm.dll+0x2242ab]
V  [jvm.dll+0x79075c]
V  [jvm.dll+0x78abea]
V  [jvm.dll+0x678f35]
C  [ucrtbase.dll+0x37b0]
C  [KERNEL32.DLL+0x2e8d7]
C  [ntdll.dll+0x8c3fc]


---------------  P R O C E S S  ---------------

Threads class SMR info:
_java_thread_list=0x0000028d18ba9fc0, length=139, elements={
0x0000028cac978630, 0x0000028ccf7c8e50, 0x0000028ccf7c9920, 0x0000028ccf7de490,
0x0000028ccf8f0080, 0x0000028ccf8f0950, 0x0000028ccf8f19c0, 0x0000028ccf8f69e0,
0x0000028ccf912940, 0x0000028ccf9207d0, 0x0000028ccfa19840, 0x0000028ccfabd750,
0x0000028d0aa76310, 0x0000028d0a9e0490, 0x0000028d0a74d2a0, 0x0000028d099eb5f0,
0x0000028d0ae436c0, 0x0000028d09d70e30, 0x0000028d09d6ff00, 0x0000028d09d71d60,
0x0000028d09d72270, 0x0000028d09d72780, 0x0000028d09d71340, 0x0000028d09d71850,
0x0000028d09d6efd0, 0x0000028d09d70920, 0x0000028d09d6f9f0, 0x0000028d09d70410,
0x0000028d0de387e0, 0x0000028d0de37dc0, 0x0000028d0de3ab50, 0x0000028d0de373a0,
0x0000028d0de39c20, 0x0000028d0de3a130, 0x0000028d0de38cf0, 0x0000028d0de3b570,
0x0000028d0de39200, 0x0000028d0de3b060, 0x0000028d0de3ba80, 0x0000028d0de382d0,
0x0000028d0de3bf90, 0x0000028d0de3cec0, 0x0000028d0de3d8e0, 0x0000028d0de3e810,
0x0000028d0de3ddf0, 0x0000028d0de3d3d0, 0x0000028d0de3c4a0, 0x0000028d0de3ed20,
0x0000028d0de3e300, 0x0000028d0de3c9b0, 0x0000028d0c947e60, 0x0000028d0c946a20,
0x0000028d0c946f30, 0x0000028d0c947950, 0x0000028d0c9455e0, 0x0000028d0c945af0,
0x0000028d0c947440, 0x0000028d0c948370, 0x0000028d0c849df0, 0x0000028d0c847570,
0x0000028d0c84a300, 0x0000028d0c847a80, 0x0000028d0c8489b0, 0x0000028d0c8493d0,
0x0000028d0c848ec0, 0x0000028d0c8498e0, 0x0000028d0c84a810, 0x0000028d0c847060,
0x0000028d0c84dab0, 0x0000028d0c84b740, 0x0000028d0c84d5a0, 0x0000028d0c84dfc0,
0x0000028d0c84c160, 0x0000028d0c84e4d0, 0x0000028d0c84c670, 0x0000028d0c84cb80,
0x0000028d0c84b230, 0x0000028d0c84ad20, 0x0000028d0c84d090, 0x0000028d0c84e9e0,
0x0000028d0c84bc50, 0x0000028d09565020, 0x0000028d09562290, 0x0000028d09564600,
0x0000028d095636d0, 0x0000028d095640f0, 0x0000028d09562cb0, 0x0000028d09563be0,
0x0000028d095627a0, 0x0000028d09564b10, 0x0000028d09561d80, 0x0000028d09565a40,
0x0000028d09566970, 0x0000028d095631c0, 0x0000028d095682c0, 0x0000028d09567db0,
0x0000028d09565f50, 0x0000028d09567390, 0x0000028d09566e80, 0x0000028d095687d0,
0x0000028d09568ce0, 0x0000028d095691f0, 0x0000028d09566460, 0x0000028d095678a0,
0x0000028d0fd55690, 0x0000028d0fd53d40, 0x0000028d0fd52e10, 0x0000028d0fd54250,
0x0000028d0fd55ba0, 0x0000028d0fd54760, 0x0000028d0fd52900, 0x0000028d0fd54c70,
0x0000028d0fd55180, 0x0000028d0fd56ad0, 0x0000028d0fd53320, 0x0000028d0fd56fe0,
0x0000028d0fd53830, 0x0000028d0fd59350, 0x0000028d0fd57a00, 0x0000028d0fd57f10,
0x0000028d0fd58e40, 0x0000028d0fd574f0, 0x0000028d0fd59860, 0x0000028d0fd59d70,
0x0000028d0fd58420, 0x0000028d0fd58930, 0x0000028d0fd5a280, 0x0000028d0c946000,
0x0000028d0ff7b960, 0x0000028d0ff7af40, 0x0000028d0ff7be70, 0x0000028d0ff7a520,
0x0000028d0f9c1c10, 0x0000028d0f9c07d0, 0x0000028d0f9c0ce0, 0x0000028d16f39ba0,
0x0000028d0f9c3f80, 0x0000028d0d3bcb60, 0x0000028d0d3beed0
}

Java Threads: ( => current thread )
  0x0000028cac978630 JavaThread "main" [_thread_blocked, id=18956, stack(0x000000f8c8d00000,0x000000f8c8e00000)]
  0x0000028ccf7c8e50 JavaThread "Reference Handler" daemon [_thread_blocked, id=17784, stack(0x000000f8c9400000,0x000000f8c9500000)]
  0x0000028ccf7c9920 JavaThread "Finalizer" daemon [_thread_blocked, id=16304, stack(0x000000f8c9500000,0x000000f8c9600000)]
  0x0000028ccf7de490 JavaThread "Signal Dispatcher" daemon [_thread_blocked, id=12312, stack(0x000000f8c9600000,0x000000f8c9700000)]
  0x0000028ccf8f0080 JavaThread "Attach Listener" daemon [_thread_blocked, id=18260, stack(0x000000f8c9700000,0x000000f8c9800000)]
  0x0000028ccf8f0950 JavaThread "Service Thread" daemon [_thread_blocked, id=18460, stack(0x000000f8c9800000,0x000000f8c9900000)]
  0x0000028ccf8f19c0 JavaThread "Monitor Deflation Thread" daemon [_thread_blocked, id=7600, stack(0x000000f8c9900000,0x000000f8c9a00000)]
=>0x0000028ccf8f69e0 JavaThread "C2 CompilerThread0" daemon [_thread_in_native, id=15224, stack(0x000000f8c9a00000,0x000000f8c9b00000)]
  0x0000028ccf912940 JavaThread "C1 CompilerThread0" daemon [_thread_blocked, id=21208, stack(0x000000f8c9b00000,0x000000f8c9c00000)]
  0x0000028ccf9207d0 JavaThread "Sweeper thread" daemon [_thread_blocked, id=1152, stack(0x000000f8c9c00000,0x000000f8c9d00000)]
  0x0000028ccfa19840 JavaThread "Common-Cleaner" daemon [_thread_blocked, id=9180, stack(0x000000f8c9d00000,0x000000f8c9e00000)]
  0x0000028ccfabd750 JavaThread "Notification Thread" daemon [_thread_blocked, id=16096, stack(0x000000f8ca000000,0x000000f8ca100000)]
  0x0000028d0aa76310 JavaThread "Daemon health stats" [_thread_blocked, id=14408, stack(0x000000f8ca800000,0x000000f8ca900000)]
  0x0000028d0a9e0490 JavaThread "Incoming local TCP Connector on port 56827" [_thread_in_native, id=5444, stack(0x000000f8cab00000,0x000000f8cac00000)]
  0x0000028d0a74d2a0 JavaThread "Daemon periodic checks" [_thread_blocked, id=14396, stack(0x000000f8cac00000,0x000000f8cad00000)]
  0x0000028d099eb5f0 JavaThread "Daemon" [_thread_blocked, id=15112, stack(0x000000f8cad00000,0x000000f8cae00000)]
  0x0000028d0ae436c0 JavaThread "Handler for socket connection from /127.0.0.1:56827 to /127.0.0.1:56828" [_thread_in_native, id=17968, stack(0x000000f8cae00000,0x000000f8caf00000)]
  0x0000028d09d70e30 JavaThread "Cancel handler" [_thread_blocked, id=17532, stack(0x000000f8caf00000,0x000000f8cb000000)]
  0x0000028d09d6ff00 JavaThread "Daemon worker" [_thread_blocked, id=5060, stack(0x000000f8cb000000,0x000000f8cb100000)]
  0x0000028d09d71d60 JavaThread "Asynchronous log dispatcher for DefaultDaemonConnection: socket connection from /127.0.0.1:56827 to /127.0.0.1:56828" [_thread_blocked, id=18984, stack(0x000000f8cb100000,0x000000f8cb200000)]
  0x0000028d09d72270 JavaThread "Stdin handler" [_thread_blocked, id=940, stack(0x000000f8cb200000,0x000000f8cb300000)]
  0x0000028d09d72780 JavaThread "Daemon client event forwarder" [_thread_blocked, id=5768, stack(0x000000f8cb300000,0x000000f8cb400000)]
  0x0000028d09d71340 JavaThread "Cache worker for journal cache (C:\Users\Inurum_Four\.gradle\caches\journal-1)" [_thread_blocked, id=2264, stack(0x000000f8cb400000,0x000000f8cb500000)]
  0x0000028d09d71850 JavaThread "File lock request listener" [_thread_in_native, id=9104, stack(0x000000f8cb500000,0x000000f8cb600000)]
  0x0000028d09d6efd0 JavaThread "Cache worker for file hash cache (C:\Users\Inurum_Four\.gradle\caches\8.14\fileHashes)" [_thread_blocked, id=3296, stack(0x000000f8cb600000,0x000000f8cb700000)]
  0x0000028d09d70920 JavaThread "Cache worker for file hash cache (D:\InurumFlutter\mg\driver-and-customer\mahilasaarthi\driver\android\.gradle\8.14\fileHashes)" [_thread_blocked, id=7452, stack(0x000000f8cb700000,0x000000f8cb800000)]
  0x0000028d09d6f9f0 JavaThread "Cache worker for Build Output Cleanup Cache (D:\InurumFlutter\mg\driver-and-customer\mahilasaarthi\driver\android\.gradle\buildOutputCleanup)" [_thread_blocked, id=2428, stack(0x000000f8cb800000,0x000000f8cb900000)]
  0x0000028d09d70410 JavaThread "File watcher server" daemon [_thread_in_native, id=17728, stack(0x000000f8cba00000,0x000000f8cbb00000)]
  0x0000028d0de387e0 JavaThread "File watcher consumer" daemon [_thread_blocked, id=10684, stack(0x000000f8cbb00000,0x000000f8cbc00000)]
  0x0000028d0de37dc0 JavaThread "jar transforms" [_thread_blocked, id=20552, stack(0x000000f8cbd00000,0x000000f8cbe00000)]
  0x0000028d0de3ab50 JavaThread "Cache worker for checksums cache (D:\InurumFlutter\mg\driver-and-customer\mahilasaarthi\driver\android\.gradle\8.14\checksums)" [_thread_blocked, id=3268, stack(0x000000f8cbe00000,0x000000f8cbf00000)]
  0x0000028d0de373a0 JavaThread "Cache worker for file content cache (C:\Users\Inurum_Four\.gradle\caches\8.14\fileContent)" [_thread_blocked, id=20236, stack(0x000000f8cbf00000,0x000000f8cc000000)]
  0x0000028d0de39c20 JavaThread "Cache worker for cache directory md-supplier (C:\Users\Inurum_Four\.gradle\caches\8.14\md-supplier)" [_thread_blocked, id=19136, stack(0x000000f8cc000000,0x000000f8cc100000)]
  0x0000028d0de3a130 JavaThread "Cache worker for cache directory md-rule (C:\Users\Inurum_Four\.gradle\caches\8.14\md-rule)" [_thread_blocked, id=2152, stack(0x000000f8cc100000,0x000000f8cc200000)]
  0x0000028d0de38cf0 JavaThread "Cache worker for Build Output Cleanup Cache (C:\src\flutter\packages\flutter_tools\gradle\.gradle\buildOutputCleanup)" [_thread_blocked, id=17996, stack(0x000000f8cc200000,0x000000f8cc300000)]
  0x0000028d0de3b570 JavaThread "Unconstrained build operations" [_thread_blocked, id=14720, stack(0x000000f8cc300000,0x000000f8cc400000)]
  0x0000028d0de39200 JavaThread "Unconstrained build operations Thread 2" [_thread_blocked, id=20016, stack(0x000000f8cc400000,0x000000f8cc500000)]
  0x0000028d0de3b060 JavaThread "Unconstrained build operations Thread 3" [_thread_blocked, id=3124, stack(0x000000f8cc500000,0x000000f8cc600000)]
  0x0000028d0de3ba80 JavaThread "Unconstrained build operations Thread 4" [_thread_blocked, id=20832, stack(0x000000f8cc600000,0x000000f8cc700000)]
  0x0000028d0de382d0 JavaThread "Unconstrained build operations Thread 5" [_thread_blocked, id=19360, stack(0x000000f8cc700000,0x000000f8cc800000)]
  0x0000028d0de3bf90 JavaThread "Unconstrained build operations Thread 6" [_thread_blocked, id=1352, stack(0x000000f8cc800000,0x000000f8cc900000)]
  0x0000028d0de3cec0 JavaThread "Unconstrained build operations Thread 7" [_thread_blocked, id=12168, stack(0x000000f8cc900000,0x000000f8cca00000)]
  0x0000028d0de3d8e0 JavaThread "Unconstrained build operations Thread 8" [_thread_blocked, id=15448, stack(0x000000f8cca00000,0x000000f8ccb00000)]
  0x0000028d0de3e810 JavaThread "Unconstrained build operations Thread 9" [_thread_blocked, id=7848, stack(0x000000f8ccb00000,0x000000f8ccc00000)]
  0x0000028d0de3ddf0 JavaThread "Unconstrained build operations Thread 10" [_thread_blocked, id=16192, stack(0x000000f8ccc00000,0x000000f8ccd00000)]
  0x0000028d0de3d3d0 JavaThread "Unconstrained build operations Thread 11" [_thread_blocked, id=15284, stack(0x000000f8ccd00000,0x000000f8cce00000)]
  0x0000028d0de3c4a0 JavaThread "Unconstrained build operations Thread 12" [_thread_blocked, id=14588, stack(0x000000f8cce00000,0x000000f8ccf00000)]
  0x0000028d0de3ed20 JavaThread "Unconstrained build operations Thread 13" [_thread_blocked, id=20136, stack(0x000000f8ccf00000,0x000000f8cd000000)]
  0x0000028d0de3e300 JavaThread "Unconstrained build operations Thread 14" [_thread_blocked, id=18504, stack(0x000000f8cd000000,0x000000f8cd100000)]
  0x0000028d0de3c9b0 JavaThread "Unconstrained build operations Thread 15" [_thread_blocked, id=17624, stack(0x000000f8cd100000,0x000000f8cd200000)]
  0x0000028d0c947e60 JavaThread "Unconstrained build operations Thread 16" [_thread_blocked, id=2680, stack(0x000000f8cd200000,0x000000f8cd300000)]
  0x0000028d0c946a20 JavaThread "Unconstrained build operations Thread 17" [_thread_blocked, id=21044, stack(0x000000f8cd300000,0x000000f8cd400000)]
  0x0000028d0c946f30 JavaThread "Unconstrained build operations Thread 18" [_thread_blocked, id=18228, stack(0x000000f8cd400000,0x000000f8cd500000)]
  0x0000028d0c947950 JavaThread "Unconstrained build operations Thread 19" [_thread_blocked, id=8284, stack(0x000000f8cd500000,0x000000f8cd600000)]
  0x0000028d0c9455e0 JavaThread "Unconstrained build operations Thread 20" [_thread_blocked, id=8900, stack(0x000000f8cd600000,0x000000f8cd700000)]
  0x0000028d0c945af0 JavaThread "Unconstrained build operations Thread 21" [_thread_blocked, id=16624, stack(0x000000f8cd700000,0x000000f8cd800000)]
  0x0000028d0c947440 JavaThread "Memory manager" [_thread_blocked, id=17044, stack(0x000000f8cd800000,0x000000f8cd900000)]
  0x0000028d0c948370 JavaThread "build event listener" [_thread_blocked, id=1432, stack(0x000000f8c9e00000,0x000000f8c9f00000)]
  0x0000028d0c849df0 JavaThread "included builds" [_thread_blocked, id=4304, stack(0x000000f8cda00000,0x000000f8cdb00000)]
  0x0000028d0c847570 JavaThread "Execution worker" [_thread_blocked, id=328, stack(0x000000f8cdb00000,0x000000f8cdc00000)]
  0x0000028d0c84a300 JavaThread "Execution worker Thread 2" [_thread_blocked, id=15064, stack(0x000000f8cdc00000,0x000000f8cdd00000)]
  0x0000028d0c847a80 JavaThread "Execution worker Thread 3" [_thread_blocked, id=13472, stack(0x000000f8cdd00000,0x000000f8cde00000)]
  0x0000028d0c8489b0 JavaThread "Execution worker Thread 4" [_thread_blocked, id=17844, stack(0x000000f8cde00000,0x000000f8cdf00000)]
  0x0000028d0c8493d0 JavaThread "Execution worker Thread 5" [_thread_blocked, id=1256, stack(0x000000f8cdf00000,0x000000f8ce000000)]
  0x0000028d0c848ec0 JavaThread "Execution worker Thread 6" [_thread_blocked, id=2708, stack(0x000000f8ce000000,0x000000f8ce100000)]
  0x0000028d0c8498e0 JavaThread "Execution worker Thread 7" [_thread_blocked, id=17808, stack(0x000000f8ce100000,0x000000f8ce200000)]
  0x0000028d0c84a810 JavaThread "Cache worker for execution history cache (C:\src\flutter\packages\flutter_tools\gradle\.gradle\8.14\executionHistory)" [_thread_blocked, id=15596, stack(0x000000f8ce200000,0x000000f8ce300000)]
  0x0000028d0c847060 JavaThread "Unconstrained build operations Thread 22" [_thread_blocked, id=11248, stack(0x000000f8cd900000,0x000000f8cda00000)]
  0x0000028d0c84dab0 JavaThread "Unconstrained build operations Thread 23" [_thread_blocked, id=20776, stack(0x000000f8ce300000,0x000000f8ce400000)]
  0x0000028d0c84b740 JavaThread "Unconstrained build operations Thread 24" [_thread_blocked, id=19068, stack(0x000000f8ce400000,0x000000f8ce500000)]
  0x0000028d0c84d5a0 JavaThread "Unconstrained build operations Thread 25" [_thread_blocked, id=21460, stack(0x000000f8ce500000,0x000000f8ce600000)]
  0x0000028d0c84dfc0 JavaThread "Unconstrained build operations Thread 26" [_thread_blocked, id=8200, stack(0x000000f8ce600000,0x000000f8ce700000)]
  0x0000028d0c84c160 JavaThread "Unconstrained build operations Thread 27" [_thread_blocked, id=18240, stack(0x000000f8ce700000,0x000000f8ce800000)]
  0x0000028d0c84e4d0 JavaThread "Unconstrained build operations Thread 28" [_thread_blocked, id=8492, stack(0x000000f8ce800000,0x000000f8ce900000)]
  0x0000028d0c84c670 JavaThread "Unconstrained build operations Thread 29" [_thread_blocked, id=3132, stack(0x000000f8ce900000,0x000000f8cea00000)]
  0x0000028d0c84cb80 JavaThread "Unconstrained build operations Thread 30" [_thread_blocked, id=12552, stack(0x000000f8cea00000,0x000000f8ceb00000)]
  0x0000028d0c84b230 JavaThread "Unconstrained build operations Thread 31" [_thread_blocked, id=17424, stack(0x000000f8ceb00000,0x000000f8cec00000)]
  0x0000028d0c84ad20 JavaThread "Unconstrained build operations Thread 32" [_thread_blocked, id=3180, stack(0x000000f8cec00000,0x000000f8ced00000)]
  0x0000028d0c84d090 JavaThread "Unconstrained build operations Thread 33" [_thread_blocked, id=17568, stack(0x000000f8ced00000,0x000000f8cee00000)]
  0x0000028d0c84e9e0 JavaThread "Unconstrained build operations Thread 34" [_thread_blocked, id=9980, stack(0x000000f8cee00000,0x000000f8cef00000)]
  0x0000028d0c84bc50 JavaThread "Unconstrained build operations Thread 35" [_thread_blocked, id=6968, stack(0x000000f8cef00000,0x000000f8cf000000)]
  0x0000028d09565020 JavaThread "Unconstrained build operations Thread 36" [_thread_blocked, id=18804, stack(0x000000f8cf000000,0x000000f8cf100000)]
  0x0000028d09562290 JavaThread "Unconstrained build operations Thread 37" [_thread_blocked, id=20460, stack(0x000000f8cf100000,0x000000f8cf200000)]
  0x0000028d09564600 JavaThread "Unconstrained build operations Thread 38" [_thread_blocked, id=6540, stack(0x000000f8cf200000,0x000000f8cf300000)]
  0x0000028d095636d0 JavaThread "Unconstrained build operations Thread 39" [_thread_blocked, id=18304, stack(0x000000f8cf300000,0x000000f8cf400000)]
  0x0000028d095640f0 JavaThread "Unconstrained build operations Thread 40" [_thread_blocked, id=12548, stack(0x000000f8cf400000,0x000000f8cf500000)]
  0x0000028d09562cb0 JavaThread "Unconstrained build operations Thread 41" [_thread_blocked, id=19528, stack(0x000000f8cf500000,0x000000f8cf600000)]
  0x0000028d09563be0 JavaThread "Unconstrained build operations Thread 42" [_thread_blocked, id=19108, stack(0x000000f8cf600000,0x000000f8cf700000)]
  0x0000028d095627a0 JavaThread "Unconstrained build operations Thread 43" [_thread_blocked, id=2348, stack(0x000000f8cf700000,0x000000f8cf800000)]
  0x0000028d09564b10 JavaThread "Unconstrained build operations Thread 44" [_thread_blocked, id=17720, stack(0x000000f8cf800000,0x000000f8cf900000)]
  0x0000028d09561d80 JavaThread "Unconstrained build operations Thread 45" [_thread_blocked, id=19104, stack(0x000000f8cf900000,0x000000f8cfa00000)]
  0x0000028d09565a40 JavaThread "Unconstrained build operations Thread 46" [_thread_blocked, id=20848, stack(0x000000f8cfa00000,0x000000f8cfb00000)]
  0x0000028d09566970 JavaThread "Unconstrained build operations Thread 47" [_thread_blocked, id=14816, stack(0x000000f8cfb00000,0x000000f8cfc00000)]
  0x0000028d095631c0 JavaThread "Unconstrained build operations Thread 48" [_thread_blocked, id=19148, stack(0x000000f8cfc00000,0x000000f8cfd00000)]
  0x0000028d095682c0 JavaThread "Unconstrained build operations Thread 49" [_thread_blocked, id=10668, stack(0x000000f8cfd00000,0x000000f8cfe00000)]
  0x0000028d09567db0 JavaThread "Unconstrained build operations Thread 50" [_thread_blocked, id=14240, stack(0x000000f8cfe00000,0x000000f8cff00000)]
  0x0000028d09565f50 JavaThread "Unconstrained build operations Thread 51" [_thread_blocked, id=17212, stack(0x000000f8cff00000,0x000000f8d0000000)]
  0x0000028d09567390 JavaThread "Unconstrained build operations Thread 52" [_thread_blocked, id=16592, stack(0x000000f8d0000000,0x000000f8d0100000)]
  0x0000028d09566e80 JavaThread "Unconstrained build operations Thread 53" [_thread_blocked, id=17648, stack(0x000000f8d0100000,0x000000f8d0200000)]
  0x0000028d095687d0 JavaThread "Unconstrained build operations Thread 54" [_thread_blocked, id=10408, stack(0x000000f8d0200000,0x000000f8d0300000)]
  0x0000028d09568ce0 JavaThread "Unconstrained build operations Thread 55" [_thread_blocked, id=7860, stack(0x000000f8d0300000,0x000000f8d0400000)]
  0x0000028d095691f0 JavaThread "Unconstrained build operations Thread 56" [_thread_blocked, id=1368, stack(0x000000f8d0400000,0x000000f8d0500000)]
  0x0000028d09566460 JavaThread "Unconstrained build operations Thread 57" [_thread_blocked, id=21472, stack(0x000000f8d0500000,0x000000f8d0600000)]
  0x0000028d095678a0 JavaThread "Unconstrained build operations Thread 58" [_thread_blocked, id=16252, stack(0x000000f8d0600000,0x000000f8d0700000)]
  0x0000028d0fd55690 JavaThread "Unconstrained build operations Thread 59" [_thread_blocked, id=4424, stack(0x000000f8d0700000,0x000000f8d0800000)]
  0x0000028d0fd53d40 JavaThread "Unconstrained build operations Thread 60" [_thread_blocked, id=17048, stack(0x000000f8d0800000,0x000000f8d0900000)]
  0x0000028d0fd52e10 JavaThread "Unconstrained build operations Thread 61" [_thread_blocked, id=13368, stack(0x000000f8d0900000,0x000000f8d0a00000)]
  0x0000028d0fd54250 JavaThread "Unconstrained build operations Thread 62" [_thread_blocked, id=6592, stack(0x000000f8d0a00000,0x000000f8d0b00000)]
  0x0000028d0fd55ba0 JavaThread "Unconstrained build operations Thread 63" [_thread_blocked, id=12760, stack(0x000000f8d0b00000,0x000000f8d0c00000)]
  0x0000028d0fd54760 JavaThread "Unconstrained build operations Thread 64" [_thread_blocked, id=21048, stack(0x000000f8d0c00000,0x000000f8d0d00000)]
  0x0000028d0fd52900 JavaThread "Unconstrained build operations Thread 65" [_thread_blocked, id=16516, stack(0x000000f8d0d00000,0x000000f8d0e00000)]
  0x0000028d0fd54c70 JavaThread "jar transforms Thread 2" [_thread_blocked, id=16868, stack(0x000000f8d0f00000,0x000000f8d1000000)]
  0x0000028d0fd55180 JavaThread "jar transforms Thread 3" [_thread_blocked, id=8576, stack(0x000000f8d1000000,0x000000f8d1100000)]
  0x0000028d0fd56ad0 JavaThread "Unconstrained build operations Thread 66" [_thread_blocked, id=18416, stack(0x000000f8d1100000,0x000000f8d1200000)]
  0x0000028d0fd53320 JavaThread "Unconstrained build operations Thread 67" [_thread_blocked, id=21432, stack(0x000000f8d1200000,0x000000f8d1300000)]
  0x0000028d0fd56fe0 JavaThread "Unconstrained build operations Thread 68" [_thread_blocked, id=7968, stack(0x000000f8d1300000,0x000000f8d1400000)]
  0x0000028d0fd53830 JavaThread "Unconstrained build operations Thread 69" [_thread_blocked, id=16852, stack(0x000000f8d1400000,0x000000f8d1500000)]
  0x0000028d0fd59350 JavaThread "Unconstrained build operations Thread 70" [_thread_blocked, id=19968, stack(0x000000f8d1500000,0x000000f8d1600000)]
  0x0000028d0fd57a00 JavaThread "Unconstrained build operations Thread 71" [_thread_blocked, id=12156, stack(0x000000f8d1600000,0x000000f8d1700000)]
  0x0000028d0fd57f10 JavaThread "Unconstrained build operations Thread 72" [_thread_blocked, id=19400, stack(0x000000f8d1700000,0x000000f8d1800000)]
  0x0000028d0fd58e40 JavaThread "Unconstrained build operations Thread 73" [_thread_blocked, id=20760, stack(0x000000f8d1800000,0x000000f8d1900000)]
  0x0000028d0fd574f0 JavaThread "Unconstrained build operations Thread 74" [_thread_blocked, id=21180, stack(0x000000f8d1900000,0x000000f8d1a00000)]
  0x0000028d0fd59860 JavaThread "Unconstrained build operations Thread 75" [_thread_blocked, id=1060, stack(0x000000f8d1a00000,0x000000f8d1b00000)]
  0x0000028d0fd59d70 JavaThread "Unconstrained build operations Thread 76" [_thread_blocked, id=8540, stack(0x000000f8d1b00000,0x000000f8d1c00000)]
  0x0000028d0fd58420 JavaThread "Unconstrained build operations Thread 77" [_thread_blocked, id=19252, stack(0x000000f8d1c00000,0x000000f8d1d00000)]
  0x0000028d0fd58930 JavaThread "Unconstrained build operations Thread 78" [_thread_blocked, id=4616, stack(0x000000f8d1d00000,0x000000f8d1e00000)]
  0x0000028d0fd5a280 JavaThread "Unconstrained build operations Thread 79" [_thread_blocked, id=14596, stack(0x000000f8d1e00000,0x000000f8d1f00000)]
  0x0000028d0c946000 JavaThread "Unconstrained build operations Thread 80" [_thread_blocked, id=19164, stack(0x000000f8d1f00000,0x000000f8d2000000)]
  0x0000028d0ff7b960 JavaThread "jar transforms Thread 4" [_thread_blocked, id=18724, stack(0x000000f8d2000000,0x000000f8d2100000)]
  0x0000028d0ff7af40 JavaThread "Problems report writer" [_thread_blocked, id=19636, stack(0x000000f8d2100000,0x000000f8d2200000)]
  0x0000028d0ff7be70 JavaThread "jar transforms Thread 5" [_thread_blocked, id=11512, stack(0x000000f8d2200000,0x000000f8d2300000)]
  0x0000028d0ff7a520 JavaThread "build event listener" [_thread_blocked, id=10704, stack(0x000000f8d2300000,0x000000f8d2400000)]
  0x0000028d0f9c1c10 JavaThread "jar transforms Thread 6" [_thread_blocked, id=18224, stack(0x000000f8d2400000,0x000000f8d2500000)]
  0x0000028d0f9c07d0 JavaThread "jar transforms Thread 7" [_thread_blocked, id=21076, stack(0x000000f8d2500000,0x000000f8d2600000)]
  0x0000028d0f9c0ce0 JavaThread "jar transforms Thread 8" [_thread_blocked, id=20692, stack(0x000000f8d2600000,0x000000f8d2700000)]
  0x0000028d16f39ba0 JavaThread "Cache worker for execution history cache (D:\InurumFlutter\mg\driver-and-customer\mahilasaarthi\driver\android\.gradle\8.14\executionHistory)" [_thread_blocked, id=4796, stack(0x000000f8d2a00000,0x000000f8d2b00000)]
  0x0000028d0f9c3f80 JavaThread "Exec process" [_thread_in_native, id=21480, stack(0x000000f8d0e00000,0x000000f8d0f00000)]
  0x0000028d0d3bcb60 JavaThread "Exec process Thread 2" [_thread_in_native, id=13556, stack(0x000000f8d2b00000,0x000000f8d2c00000)]
  0x0000028d0d3beed0 JavaThread "Exec process Thread 3" [_thread_in_native, id=18172, stack(0x000000f8d2c00000,0x000000f8d2d00000)]

Other Threads:
  0x0000028ccf7c18a0 VMThread "VM Thread" [stack: 0x000000f8c9300000,0x000000f8c9400000] [id=20268]
  0x0000028cac9ff0c0 WatcherThread [stack: 0x000000f8ca100000,0x000000f8ca200000] [id=5860]
  0x0000028cac9e4aa0 GCTaskThread "GC Thread#0" [stack: 0x000000f8c8e00000,0x000000f8c8f00000] [id=13624]
  0x0000028d092869f0 GCTaskThread "GC Thread#1" [stack: 0x000000f8ca300000,0x000000f8ca400000] [id=2664]
  0x0000028d09286cb0 GCTaskThread "GC Thread#2" [stack: 0x000000f8ca400000,0x000000f8ca500000] [id=18524]
  0x0000028d09200950 GCTaskThread "GC Thread#3" [stack: 0x000000f8ca500000,0x000000f8ca600000] [id=8464]
  0x0000028d09200c10 GCTaskThread "GC Thread#4" [stack: 0x000000f8ca600000,0x000000f8ca700000] [id=16152]
  0x0000028d0901a8e0 GCTaskThread "GC Thread#5" [stack: 0x000000f8ca700000,0x000000f8ca800000] [id=13752]
  0x0000028d0aac2000 GCTaskThread "GC Thread#6" [stack: 0x000000f8ca900000,0x000000f8caa00000] [id=8432]
  0x0000028d0aac22c0 GCTaskThread "GC Thread#7" [stack: 0x000000f8caa00000,0x000000f8cab00000] [id=18616]
  0x0000028cac9f67b0 ConcurrentGCThread "G1 Main Marker" [stack: 0x000000f8c8f00000,0x000000f8c9000000] [id=16928]
  0x0000028cac9f6f70 ConcurrentGCThread "G1 Conc#0" [stack: 0x000000f8c9000000,0x000000f8c9100000] [id=14640]
  0x0000028d0cf98c00 ConcurrentGCThread "G1 Conc#1" [stack: 0x000000f8cb900000,0x000000f8cba00000] [id=2640]
  0x0000028caca3e610 ConcurrentGCThread "G1 Refine#0" [stack: 0x000000f8c9100000,0x000000f8c9200000] [id=20604]
  0x0000028d0b137150 ConcurrentGCThread "G1 Refine#1" [stack: 0x000000f8cbc00000,0x000000f8cbd00000] [id=16820]
  0x0000028d11430e00 ConcurrentGCThread "G1 Refine#2" [stack: 0x000000f8d2700000,0x000000f8d2800000] [id=18512]
  0x0000028d114310f0 ConcurrentGCThread "G1 Refine#3" [stack: 0x000000f8d2800000,0x000000f8d2900000] [id=20668]
  0x0000028d114313e0 ConcurrentGCThread "G1 Refine#4" [stack: 0x000000f8d2900000,0x000000f8d2a00000] [id=14324]
  0x0000028ccf671150 ConcurrentGCThread "G1 Service" [stack: 0x000000f8c9200000,0x000000f8c9300000] [id=11108]

Threads with active compile tasks:
C2 CompilerThread0    91205 23053       4       javax.management.ObjectName::construct (1135 bytes)

VM state: not at safepoint (normal execution)

VM Mutex/Monitor currently owned by a thread: None

Heap address: 0x0000000700000000, size: 4096 MB, Compressed Oops mode: Zero based, Oop shift amount: 3

CDS archive(s) mapped at: [0x0000028cd0000000-0x0000028cd0bd0000-0x0000028cd0bd0000), size 12386304, SharedBaseAddress: 0x0000028cd0000000, ArchiveRelocationMode: 1.
Compressed class space mapped at: 0x0000028cd1000000-0x0000028d05000000, reserved size: 872415232
Narrow klass base: 0x0000028cd0000000, Narrow klass shift: 0, Narrow klass range: 0x100000000

GC Precious Log:
 CPUs: 8 total, 8 available
 Memory: 16197M
 Large Page Support: Disabled
 NUMA Support: Disabled
 Compressed Oops: Enabled (Zero based)
 Heap Region Size: 2M
 Heap Min Capacity: 8M
 Heap Initial Capacity: 254M
 Heap Max Capacity: 4G
 Pre-touch: Disabled
 Parallel Workers: 8
 Concurrent Workers: 2
 Concurrent Refinement Workers: 8
 Periodic GC: Disabled

Heap:
 garbage-first heap   total 942080K, used 663552K [0x0000000700000000, 0x0000000800000000)
  region size 2048K, 87 young (178176K), 10 survivors (20480K)
 Metaspace       used 127908K, committed 130560K, reserved 983040K
  class space    used 17633K, committed 18816K, reserved 851968K

Heap Regions: E=young(eden), S=young(survivor), O=old, HS=humongous(starts), HC=humongous(continues), CS=collection set, F=free, OA=open archive, CA=closed archive, TAMS=top-at-mark-start (previous, next)
|   0|0x0000000700000000, 0x0000000700200000, 0x0000000700200000|100%|HS|  |TAMS 0x0000000700200000, 0x0000000700000000| Complete 
|   1|0x0000000700200000, 0x0000000700400000, 0x0000000700400000|100%|HC|  |TAMS 0x0000000700400000, 0x0000000700200000| Complete 
|   2|0x0000000700400000, 0x0000000700600000, 0x0000000700600000|100%| O|  |TAMS 0x0000000700600000, 0x0000000700400000| Untracked 
|   3|0x0000000700600000, 0x0000000700800000, 0x0000000700800000|100%| O|  |TAMS 0x0000000700800000, 0x0000000700600000| Untracked 
|   4|0x0000000700800000, 0x0000000700a00000, 0x0000000700a00000|100%| O|  |TAMS 0x0000000700a00000, 0x0000000700800000| Untracked 
|   5|0x0000000700a00000, 0x0000000700c00000, 0x0000000700c00000|100%| O|  |TAMS 0x0000000700c00000, 0x0000000700a00000| Untracked 
|   6|0x0000000700c00000, 0x0000000700e00000, 0x0000000700e00000|100%| O|  |TAMS 0x0000000700e00000, 0x0000000700c00000| Untracked 
|   7|0x0000000700e00000, 0x0000000701000000, 0x0000000701000000|100%| O|  |TAMS 0x0000000701000000, 0x0000000700e00000| Untracked 
|   8|0x0000000701000000, 0x0000000701200000, 0x0000000701200000|100%| O|  |TAMS 0x0000000701200000, 0x0000000701000000| Untracked 
|   9|0x0000000701200000, 0x0000000701400000, 0x0000000701400000|100%| O|  |TAMS 0x0000000701400000, 0x0000000701200000| Untracked 
|  10|0x0000000701400000, 0x0000000701600000, 0x0000000701600000|100%| O|  |TAMS 0x0000000701600000, 0x0000000701400000| Untracked 
|  11|0x0000000701600000, 0x0000000701800000, 0x0000000701800000|100%| O|  |TAMS 0x0000000701800000, 0x0000000701600000| Untracked 
|  12|0x0000000701800000, 0x0000000701a00000, 0x0000000701a00000|100%| O|  |TAMS 0x0000000701a00000, 0x0000000701800000| Untracked 
|  13|0x0000000701a00000, 0x0000000701c00000, 0x0000000701c00000|100%| O|  |TAMS 0x0000000701c00000, 0x0000000701a00000| Untracked 
|  14|0x0000000701c00000, 0x0000000701e00000, 0x0000000701e00000|100%| O|  |TAMS 0x0000000701e00000, 0x0000000701c00000| Untracked 
|  15|0x0000000701e00000, 0x0000000702000000, 0x0000000702000000|100%| O|  |TAMS 0x0000000702000000, 0x0000000701e00000| Untracked 
|  16|0x0000000702000000, 0x0000000702200000, 0x0000000702200000|100%| O|  |TAMS 0x0000000702200000, 0x0000000702000000| Untracked 
|  17|0x0000000702200000, 0x0000000702400000, 0x0000000702400000|100%| O|  |TAMS 0x0000000702400000, 0x0000000702200000| Untracked 
|  18|0x0000000702400000, 0x0000000702600000, 0x0000000702600000|100%| O|  |TAMS 0x0000000702600000, 0x0000000702400000| Untracked 
|  19|0x0000000702600000, 0x0000000702800000, 0x0000000702800000|100%|HS|  |TAMS 0x0000000702800000, 0x0000000702600000| Complete 
|  20|0x0000000702800000, 0x0000000702a00000, 0x0000000702a00000|100%|HS|  |TAMS 0x0000000702a00000, 0x0000000702800000| Complete 
|  21|0x0000000702a00000, 0x0000000702c00000, 0x0000000702c00000|100%| O|  |TAMS 0x0000000702c00000, 0x0000000702a00000| Untracked 
|  22|0x0000000702c00000, 0x0000000702e00000, 0x0000000702e00000|100%| O|  |TAMS 0x0000000702e00000, 0x0000000702c00000| Untracked 
|  23|0x0000000702e00000, 0x0000000702e00000, 0x0000000703000000|  0%| F|  |TAMS 0x0000000702e00000, 0x0000000702e00000| Untracked 
|  24|0x0000000703000000, 0x0000000703200000, 0x0000000703200000|100%| O|  |TAMS 0x0000000703200000, 0x0000000703000000| Untracked 
|  25|0x0000000703200000, 0x0000000703400000, 0x0000000703400000|100%| O|  |TAMS 0x0000000703400000, 0x0000000703200000| Untracked 
|  26|0x0000000703400000, 0x0000000703600000, 0x0000000703600000|100%| O|  |TAMS 0x0000000703600000, 0x0000000703400000| Untracked 
|  27|0x0000000703600000, 0x0000000703800000, 0x0000000703800000|100%| O|  |TAMS 0x0000000703800000, 0x0000000703600000| Untracked 
|  28|0x0000000703800000, 0x0000000703a00000, 0x0000000703a00000|100%| O|  |TAMS 0x0000000703a00000, 0x0000000703800000| Untracked 
|  29|0x0000000703a00000, 0x0000000703a00000, 0x0000000703c00000|  0%| F|  |TAMS 0x0000000703a00000, 0x0000000703a00000| Untracked 
|  30|0x0000000703c00000, 0x0000000703e00000, 0x0000000703e00000|100%| O|  |TAMS 0x0000000703e00000, 0x0000000703c00000| Untracked 
|  31|0x0000000703e00000, 0x0000000704000000, 0x0000000704000000|100%| O|  |TAMS 0x0000000704000000, 0x0000000703e00000| Untracked 
|  32|0x0000000704000000, 0x0000000704200000, 0x0000000704200000|100%| O|  |TAMS 0x0000000704200000, 0x0000000704000000| Untracked 
|  33|0x0000000704200000, 0x0000000704400000, 0x0000000704400000|100%| O|  |TAMS 0x0000000704400000, 0x0000000704200000| Complete 
|  34|0x0000000704400000, 0x0000000704600000, 0x0000000704600000|100%| O|  |TAMS 0x0000000704600000, 0x0000000704400000| Untracked 
|  35|0x0000000704600000, 0x0000000704800000, 0x0000000704800000|100%|HS|  |TAMS 0x0000000704800000, 0x0000000704600000| Complete 
|  36|0x0000000704800000, 0x0000000704a00000, 0x0000000704a00000|100%| O|  |TAMS 0x0000000704a00000, 0x0000000704800000| Untracked 
|  37|0x0000000704a00000, 0x0000000704a00000, 0x0000000704c00000|  0%| F|  |TAMS 0x0000000704a00000, 0x0000000704a00000| Untracked 
|  38|0x0000000704c00000, 0x0000000704e00000, 0x0000000704e00000|100%| O|  |TAMS 0x0000000704e00000, 0x0000000704c00000| Untracked 
|  39|0x0000000704e00000, 0x0000000705000000, 0x0000000705000000|100%| O|  |TAMS 0x0000000705000000, 0x0000000704e00000| Untracked 
|  40|0x0000000705000000, 0x0000000705200000, 0x0000000705200000|100%| O|  |TAMS 0x0000000705200000, 0x0000000705000000| Complete 
|  41|0x0000000705200000, 0x0000000705200000, 0x0000000705400000|  0%| F|  |TAMS 0x0000000705200000, 0x0000000705200000| Untracked 
|  42|0x0000000705400000, 0x0000000705600000, 0x0000000705600000|100%| O|  |TAMS 0x0000000705600000, 0x0000000705400000| Untracked 
|  43|0x0000000705600000, 0x0000000705800000, 0x0000000705800000|100%| O|  |TAMS 0x0000000705800000, 0x0000000705600000| Untracked 
|  44|0x0000000705800000, 0x0000000705a00000, 0x0000000705a00000|100%| O|  |TAMS 0x0000000705a00000, 0x0000000705800000| Untracked 
|  45|0x0000000705a00000, 0x0000000705c00000, 0x0000000705c00000|100%| O|  |TAMS 0x0000000705c00000, 0x0000000705a00000| Untracked 
|  46|0x0000000705c00000, 0x0000000705e00000, 0x0000000705e00000|100%| O|  |TAMS 0x0000000705e00000, 0x0000000705c00000| Untracked 
|  47|0x0000000705e00000, 0x0000000706000000, 0x0000000706000000|100%| O|  |TAMS 0x0000000706000000, 0x0000000705e00000| Untracked 
|  48|0x0000000706000000, 0x0000000706200000, 0x0000000706200000|100%| O|  |TAMS 0x0000000706200000, 0x0000000706000000| Untracked 
|  49|0x0000000706200000, 0x0000000706400000, 0x0000000706400000|100%| O|  |TAMS 0x0000000706400000, 0x0000000706200000| Untracked 
|  50|0x0000000706400000, 0x0000000706600000, 0x0000000706600000|100%| O|  |TAMS 0x0000000706600000, 0x0000000706400000| Untracked 
|  51|0x0000000706600000, 0x0000000706800000, 0x0000000706800000|100%| O|  |TAMS 0x0000000706800000, 0x0000000706600000| Untracked 
|  52|0x0000000706800000, 0x0000000706a00000, 0x0000000706a00000|100%| O|  |TAMS 0x0000000706a00000, 0x0000000706800000| Untracked 
|  53|0x0000000706a00000, 0x0000000706c00000, 0x0000000706c00000|100%| O|  |TAMS 0x0000000706c00000, 0x0000000706a00000| Untracked 
|  54|0x0000000706c00000, 0x0000000706e00000, 0x0000000706e00000|100%| O|  |TAMS 0x0000000706e00000, 0x0000000706c00000| Untracked 
|  55|0x0000000706e00000, 0x0000000707000000, 0x0000000707000000|100%| O|  |TAMS 0x0000000707000000, 0x0000000706e00000| Untracked 
|  56|0x0000000707000000, 0x0000000707200000, 0x0000000707200000|100%| O|  |TAMS 0x0000000707200000, 0x0000000707000000| Untracked 
|  57|0x0000000707200000, 0x0000000707400000, 0x0000000707400000|100%| O|  |TAMS 0x0000000707400000, 0x0000000707200000| Untracked 
|  58|0x0000000707400000, 0x0000000707600000, 0x0000000707600000|100%| O|  |TAMS 0x0000000707600000, 0x0000000707400000| Untracked 
|  59|0x0000000707600000, 0x0000000707800000, 0x0000000707800000|100%| O|  |TAMS 0x0000000707800000, 0x0000000707600000| Untracked 
|  60|0x0000000707800000, 0x0000000707a00000, 0x0000000707a00000|100%| O|  |TAMS 0x0000000707a00000, 0x0000000707800000| Untracked 
|  61|0x0000000707a00000, 0x0000000707c00000, 0x0000000707c00000|100%| O|  |TAMS 0x0000000707c00000, 0x0000000707a00000| Untracked 
|  62|0x0000000707c00000, 0x0000000707e00000, 0x0000000707e00000|100%|HS|  |TAMS 0x0000000707e00000, 0x0000000707c00000| Complete 
|  63|0x0000000707e00000, 0x0000000708000000, 0x0000000708000000|100%|HC|  |TAMS 0x0000000708000000, 0x0000000707e00000| Complete 
|  64|0x0000000708000000, 0x0000000708200000, 0x0000000708200000|100%|HS|  |TAMS 0x0000000708200000, 0x0000000708000000| Complete 
|  65|0x0000000708200000, 0x0000000708400000, 0x0000000708400000|100%| O|  |TAMS 0x0000000708400000, 0x0000000708200000| Untracked 
|  66|0x0000000708400000, 0x0000000708600000, 0x0000000708600000|100%| O|  |TAMS 0x0000000708600000, 0x0000000708400000| Untracked 
|  67|0x0000000708600000, 0x0000000708800000, 0x0000000708800000|100%| O|  |TAMS 0x0000000708800000, 0x0000000708600000| Untracked 
|  68|0x0000000708800000, 0x0000000708a00000, 0x0000000708a00000|100%| O|  |TAMS 0x0000000708a00000, 0x0000000708800000| Untracked 
|  69|0x0000000708a00000, 0x0000000708c00000, 0x0000000708c00000|100%| O|  |TAMS 0x0000000708c00000, 0x0000000708a00000| Untracked 
|  70|0x0000000708c00000, 0x0000000708e00000, 0x0000000708e00000|100%| O|  |TAMS 0x0000000708e00000, 0x0000000708c00000| Untracked 
|  71|0x0000000708e00000, 0x0000000709000000, 0x0000000709000000|100%| O|  |TAMS 0x0000000709000000, 0x0000000708e00000| Untracked 
|  72|0x0000000709000000, 0x0000000709200000, 0x0000000709200000|100%| O|  |TAMS 0x0000000709200000, 0x0000000709000000| Untracked 
|  73|0x0000000709200000, 0x0000000709400000, 0x0000000709400000|100%| O|  |TAMS 0x0000000709400000, 0x0000000709200000| Untracked 
|  74|0x0000000709400000, 0x0000000709600000, 0x0000000709600000|100%| O|  |TAMS 0x0000000709600000, 0x0000000709400000| Untracked 
|  75|0x0000000709600000, 0x0000000709800000, 0x0000000709800000|100%| O|  |TAMS 0x0000000709800000, 0x0000000709600000| Untracked 
|  76|0x0000000709800000, 0x0000000709a00000, 0x0000000709a00000|100%| O|  |TAMS 0x0000000709a00000, 0x0000000709800000| Untracked 
|  77|0x0000000709a00000, 0x0000000709c00000, 0x0000000709c00000|100%| O|  |TAMS 0x0000000709c00000, 0x0000000709a00000| Untracked 
|  78|0x0000000709c00000, 0x0000000709e00000, 0x0000000709e00000|100%| O|  |TAMS 0x0000000709e00000, 0x0000000709c00000| Untracked 
|  79|0x0000000709e00000, 0x000000070a000000, 0x000000070a000000|100%| O|  |TAMS 0x000000070a000000, 0x0000000709e00000| Untracked 
|  80|0x000000070a000000, 0x000000070a200000, 0x000000070a200000|100%| O|  |TAMS 0x000000070a200000, 0x000000070a000000| Untracked 
|  81|0x000000070a200000, 0x000000070a400000, 0x000000070a400000|100%| O|  |TAMS 0x000000070a400000, 0x000000070a200000| Untracked 
|  82|0x000000070a400000, 0x000000070a400000, 0x000000070a600000|  0%| F|  |TAMS 0x000000070a400000, 0x000000070a400000| Untracked 
|  83|0x000000070a600000, 0x000000070a800000, 0x000000070a800000|100%| O|  |TAMS 0x000000070a800000, 0x000000070a600000| Untracked 
|  84|0x000000070a800000, 0x000000070aa00000, 0x000000070aa00000|100%| O|  |TAMS 0x000000070aa00000, 0x000000070a800000| Untracked 
|  85|0x000000070aa00000, 0x000000070ac00000, 0x000000070ac00000|100%| O|  |TAMS 0x000000070ac00000, 0x000000070aa00000| Untracked 
|  86|0x000000070ac00000, 0x000000070ae00000, 0x000000070ae00000|100%| O|  |TAMS 0x000000070ae00000, 0x000000070ac00000| Untracked 
|  87|0x000000070ae00000, 0x000000070b000000, 0x000000070b000000|100%| O|  |TAMS 0x000000070b000000, 0x000000070ae00000| Untracked 
|  88|0x000000070b000000, 0x000000070b200000, 0x000000070b200000|100%| O|  |TAMS 0x000000070b200000, 0x000000070b000000| Untracked 
|  89|0x000000070b200000, 0x000000070b400000, 0x000000070b400000|100%|HS|  |TAMS 0x000000070b400000, 0x000000070b200000| Complete 
|  90|0x000000070b400000, 0x000000070b600000, 0x000000070b600000|100%|HS|  |TAMS 0x000000070b600000, 0x000000070b400000| Complete 
|  91|0x000000070b600000, 0x000000070b800000, 0x000000070b800000|100%|HC|  |TAMS 0x000000070b800000, 0x000000070b600000| Complete 
|  92|0x000000070b800000, 0x000000070ba00000, 0x000000070ba00000|100%|HS|  |TAMS 0x000000070ba00000, 0x000000070b800000| Complete 
|  93|0x000000070ba00000, 0x000000070bc00000, 0x000000070bc00000|100%| O|  |TAMS 0x000000070bc00000, 0x000000070ba00000| Untracked 
|  94|0x000000070bc00000, 0x000000070be00000, 0x000000070be00000|100%| O|  |TAMS 0x000000070be00000, 0x000000070bc00000| Untracked 
|  95|0x000000070be00000, 0x000000070c000000, 0x000000070c000000|100%| O|  |TAMS 0x000000070c000000, 0x000000070be00000| Untracked 
|  96|0x000000070c000000, 0x000000070c200000, 0x000000070c200000|100%| O|  |TAMS 0x000000070c200000, 0x000000070c000000| Untracked 
|  97|0x000000070c200000, 0x000000070c400000, 0x000000070c400000|100%| O|  |TAMS 0x000000070c400000, 0x000000070c200000| Untracked 
|  98|0x000000070c400000, 0x000000070c600000, 0x000000070c600000|100%| O|  |TAMS 0x000000070c600000, 0x000000070c400000| Untracked 
|  99|0x000000070c600000, 0x000000070c800000, 0x000000070c800000|100%| O|  |TAMS 0x000000070c800000, 0x000000070c600000| Untracked 
| 100|0x000000070c800000, 0x000000070ca00000, 0x000000070ca00000|100%| O|  |TAMS 0x000000070ca00000, 0x000000070c800000| Untracked 
| 101|0x000000070ca00000, 0x000000070cc00000, 0x000000070cc00000|100%| O|  |TAMS 0x000000070cc00000, 0x000000070ca00000| Untracked 
| 102|0x000000070cc00000, 0x000000070ce00000, 0x000000070ce00000|100%| O|  |TAMS 0x000000070ce00000, 0x000000070cc00000| Untracked 
| 103|0x000000070ce00000, 0x000000070d000000, 0x000000070d000000|100%| O|  |TAMS 0x000000070d000000, 0x000000070ce00000| Untracked 
| 104|0x000000070d000000, 0x000000070d200000, 0x000000070d200000|100%| O|  |TAMS 0x000000070d200000, 0x000000070d000000| Untracked 
| 105|0x000000070d200000, 0x000000070d400000, 0x000000070d400000|100%| O|  |TAMS 0x000000070d400000, 0x000000070d200000| Untracked 
| 106|0x000000070d400000, 0x000000070d600000, 0x000000070d600000|100%| O|  |TAMS 0x000000070d600000, 0x000000070d400000| Untracked 
| 107|0x000000070d600000, 0x000000070d800000, 0x000000070d800000|100%|HS|  |TAMS 0x000000070d800000, 0x000000070d600000| Complete 
| 108|0x000000070d800000, 0x000000070da00000, 0x000000070da00000|100%|HC|  |TAMS 0x000000070da00000, 0x000000070d800000| Complete 
| 109|0x000000070da00000, 0x000000070dc00000, 0x000000070dc00000|100%| O|  |TAMS 0x000000070dc00000, 0x000000070da00000| Untracked 
| 110|0x000000070dc00000, 0x000000070de00000, 0x000000070de00000|100%| O|  |TAMS 0x000000070de00000, 0x000000070dc00000| Untracked 
| 111|0x000000070de00000, 0x000000070e000000, 0x000000070e000000|100%| O|  |TAMS 0x000000070e000000, 0x000000070de00000| Untracked 
| 112|0x000000070e000000, 0x000000070e200000, 0x000000070e200000|100%| O|  |TAMS 0x000000070e200000, 0x000000070e000000| Untracked 
| 113|0x000000070e200000, 0x000000070e400000, 0x000000070e400000|100%| O|  |TAMS 0x000000070e400000, 0x000000070e200000| Untracked 
| 114|0x000000070e400000, 0x000000070e600000, 0x000000070e600000|100%| O|  |TAMS 0x000000070e600000, 0x000000070e400000| Untracked 
| 115|0x000000070e600000, 0x000000070e800000, 0x000000070e800000|100%| O|  |TAMS 0x000000070e800000, 0x000000070e600000| Untracked 
| 116|0x000000070e800000, 0x000000070ea00000, 0x000000070ea00000|100%| O|  |TAMS 0x000000070ea00000, 0x000000070e800000| Untracked 
| 117|0x000000070ea00000, 0x000000070ec00000, 0x000000070ec00000|100%| O|  |TAMS 0x000000070ec00000, 0x000000070ea00000| Untracked 
| 118|0x000000070ec00000, 0x000000070ee00000, 0x000000070ee00000|100%| O|  |TAMS 0x000000070ee00000, 0x000000070ec00000| Untracked 
| 119|0x000000070ee00000, 0x000000070f000000, 0x000000070f000000|100%| O|  |TAMS 0x000000070f000000, 0x000000070ee00000| Untracked 
| 120|0x000000070f000000, 0x000000070f200000, 0x000000070f200000|100%| O|  |TAMS 0x000000070f200000, 0x000000070f000000| Untracked 
| 121|0x000000070f200000, 0x000000070f200000, 0x000000070f400000|  0%| F|  |TAMS 0x000000070f200000, 0x000000070f200000| Untracked 
| 122|0x000000070f400000, 0x000000070f600000, 0x000000070f600000|100%| O|  |TAMS 0x000000070f600000, 0x000000070f400000| Untracked 
| 123|0x000000070f600000, 0x000000070f800000, 0x000000070f800000|100%| O|  |TAMS 0x000000070f800000, 0x000000070f600000| Untracked 
| 124|0x000000070f800000, 0x000000070fa00000, 0x000000070fa00000|100%| O|  |TAMS 0x000000070fa00000, 0x000000070f800000| Complete 
| 125|0x000000070fa00000, 0x000000070fc00000, 0x000000070fc00000|100%| O|  |TAMS 0x000000070fc00000, 0x000000070fa00000| Untracked 
| 126|0x000000070fc00000, 0x000000070fe00000, 0x000000070fe00000|100%| O|  |TAMS 0x000000070fe00000, 0x000000070fc00000| Untracked 
| 127|0x000000070fe00000, 0x0000000710000000, 0x0000000710000000|100%| O|  |TAMS 0x0000000710000000, 0x000000070fe00000| Untracked 
| 128|0x0000000710000000, 0x0000000710200000, 0x0000000710200000|100%| O|  |TAMS 0x0000000710200000, 0x0000000710000000| Untracked 
| 129|0x0000000710200000, 0x0000000710400000, 0x0000000710400000|100%| O|  |TAMS 0x0000000710400000, 0x0000000710200000| Untracked 
| 130|0x0000000710400000, 0x0000000710600000, 0x0000000710600000|100%| O|  |TAMS 0x0000000710600000, 0x0000000710400000| Untracked 
| 131|0x0000000710600000, 0x0000000710800000, 0x0000000710800000|100%| O|  |TAMS 0x0000000710800000, 0x0000000710600000| Untracked 
| 132|0x0000000710800000, 0x0000000710a00000, 0x0000000710a00000|100%| O|  |TAMS 0x0000000710a00000, 0x0000000710800000| Untracked 
| 133|0x0000000710a00000, 0x0000000710c00000, 0x0000000710c00000|100%| O|  |TAMS 0x0000000710c00000, 0x0000000710a00000| Untracked 
| 134|0x0000000710c00000, 0x0000000710e00000, 0x0000000710e00000|100%| O|  |TAMS 0x0000000710e00000, 0x0000000710c00000| Untracked 
| 135|0x0000000710e00000, 0x0000000711000000, 0x0000000711000000|100%| O|  |TAMS 0x0000000711000000, 0x0000000710e00000| Untracked 
| 136|0x0000000711000000, 0x0000000711200000, 0x0000000711200000|100%| O|  |TAMS 0x0000000711200000, 0x0000000711000000| Untracked 
| 137|0x0000000711200000, 0x0000000711400000, 0x0000000711400000|100%| O|  |TAMS 0x0000000711400000, 0x0000000711200000| Untracked 
| 138|0x0000000711400000, 0x0000000711600000, 0x0000000711600000|100%| O|  |TAMS 0x0000000711600000, 0x0000000711400000| Untracked 
| 139|0x0000000711600000, 0x0000000711800000, 0x0000000711800000|100%| O|  |TAMS 0x0000000711800000, 0x0000000711600000| Untracked 
| 140|0x0000000711800000, 0x0000000711a00000, 0x0000000711a00000|100%| O|  |TAMS 0x0000000711a00000, 0x0000000711800000| Untracked 
| 141|0x0000000711a00000, 0x0000000711c00000, 0x0000000711c00000|100%| O|  |TAMS 0x0000000711c00000, 0x0000000711a00000| Untracked 
| 142|0x0000000711c00000, 0x0000000711e00000, 0x0000000711e00000|100%| O|  |TAMS 0x0000000711e00000, 0x0000000711c00000| Untracked 
| 143|0x0000000711e00000, 0x0000000712000000, 0x0000000712000000|100%| O|  |TAMS 0x0000000712000000, 0x0000000711e00000| Untracked 
| 144|0x0000000712000000, 0x0000000712200000, 0x0000000712200000|100%| O|  |TAMS 0x0000000712200000, 0x0000000712000000| Untracked 
| 145|0x0000000712200000, 0x0000000712400000, 0x0000000712400000|100%| O|  |TAMS 0x0000000712400000, 0x0000000712200000| Untracked 
| 146|0x0000000712400000, 0x0000000712600000, 0x0000000712600000|100%|HS|  |TAMS 0x0000000712600000, 0x0000000712400000| Complete 
| 147|0x0000000712600000, 0x0000000712800000, 0x0000000712800000|100%|HC|  |TAMS 0x0000000712800000, 0x0000000712600000| Complete 
| 148|0x0000000712800000, 0x0000000712a00000, 0x0000000712a00000|100%|HS|  |TAMS 0x0000000712a00000, 0x0000000712800000| Complete 
| 149|0x0000000712a00000, 0x0000000712c00000, 0x0000000712c00000|100%| O|  |TAMS 0x0000000712c00000, 0x0000000712a00000| Untracked 
| 150|0x0000000712c00000, 0x0000000712e00000, 0x0000000712e00000|100%| O|  |TAMS 0x0000000712e00000, 0x0000000712c00000| Untracked 
| 151|0x0000000712e00000, 0x0000000713000000, 0x0000000713000000|100%| O|  |TAMS 0x0000000713000000, 0x0000000712e00000| Untracked 
| 152|0x0000000713000000, 0x0000000713200000, 0x0000000713200000|100%| O|  |TAMS 0x0000000713200000, 0x0000000713000000| Untracked 
| 153|0x0000000713200000, 0x0000000713400000, 0x0000000713400000|100%| O|  |TAMS 0x0000000713400000, 0x0000000713200000| Untracked 
| 154|0x0000000713400000, 0x0000000713600000, 0x0000000713600000|100%| O|  |TAMS 0x0000000713600000, 0x0000000713400000| Untracked 
| 155|0x0000000713600000, 0x0000000713800000, 0x0000000713800000|100%| O|  |TAMS 0x0000000713800000, 0x0000000713600000| Untracked 
| 156|0x0000000713800000, 0x0000000713a00000, 0x0000000713a00000|100%| O|  |TAMS 0x0000000713a00000, 0x0000000713800000| Untracked 
| 157|0x0000000713a00000, 0x0000000713c00000, 0x0000000713c00000|100%| O|  |TAMS 0x0000000713c00000, 0x0000000713a00000| Untracked 
| 158|0x0000000713c00000, 0x0000000713e00000, 0x0000000713e00000|100%| O|  |TAMS 0x0000000713e00000, 0x0000000713c00000| Untracked 
| 159|0x0000000713e00000, 0x0000000714000000, 0x0000000714000000|100%| O|  |TAMS 0x0000000714000000, 0x0000000713e00000| Untracked 
| 160|0x0000000714000000, 0x0000000714200000, 0x0000000714200000|100%| O|  |TAMS 0x0000000714200000, 0x0000000714000000| Untracked 
| 161|0x0000000714200000, 0x0000000714400000, 0x0000000714400000|100%| O|  |TAMS 0x0000000714400000, 0x0000000714200000| Untracked 
| 162|0x0000000714400000, 0x0000000714600000, 0x0000000714600000|100%| O|  |TAMS 0x0000000714600000, 0x0000000714400000| Untracked 
| 163|0x0000000714600000, 0x0000000714800000, 0x0000000714800000|100%| O|  |TAMS 0x0000000714800000, 0x0000000714600000| Untracked 
| 164|0x0000000714800000, 0x0000000714a00000, 0x0000000714a00000|100%| O|  |TAMS 0x0000000714a00000, 0x0000000714800000| Untracked 
| 165|0x0000000714a00000, 0x0000000714c00000, 0x0000000714c00000|100%| O|  |TAMS 0x0000000714c00000, 0x0000000714a00000| Untracked 
| 166|0x0000000714c00000, 0x0000000714e00000, 0x0000000714e00000|100%| O|  |TAMS 0x0000000714e00000, 0x0000000714c00000| Untracked 
| 167|0x0000000714e00000, 0x0000000715000000, 0x0000000715000000|100%| O|  |TAMS 0x0000000715000000, 0x0000000714e00000| Untracked 
| 168|0x0000000715000000, 0x0000000715200000, 0x0000000715200000|100%| O|  |TAMS 0x0000000715200000, 0x0000000715000000| Untracked 
| 169|0x0000000715200000, 0x0000000715400000, 0x0000000715400000|100%| O|  |TAMS 0x0000000715400000, 0x0000000715200000| Untracked 
| 170|0x0000000715400000, 0x0000000715600000, 0x0000000715600000|100%| O|  |TAMS 0x0000000715600000, 0x0000000715400000| Untracked 
| 171|0x0000000715600000, 0x0000000715800000, 0x0000000715800000|100%| O|  |TAMS 0x0000000715800000, 0x0000000715600000| Untracked 
| 172|0x0000000715800000, 0x0000000715a00000, 0x0000000715a00000|100%| O|  |TAMS 0x0000000715a00000, 0x0000000715800000| Untracked 
| 173|0x0000000715a00000, 0x0000000715c00000, 0x0000000715c00000|100%| O|  |TAMS 0x0000000715c00000, 0x0000000715a00000| Untracked 
| 174|0x0000000715c00000, 0x0000000715e00000, 0x0000000715e00000|100%| O|  |TAMS 0x0000000715e00000, 0x0000000715c00000| Untracked 
| 175|0x0000000715e00000, 0x0000000716000000, 0x0000000716000000|100%| O|  |TAMS 0x0000000716000000, 0x0000000715e00000| Untracked 
| 176|0x0000000716000000, 0x0000000716200000, 0x0000000716200000|100%| O|  |TAMS 0x0000000716200000, 0x0000000716000000| Untracked 
| 177|0x0000000716200000, 0x0000000716400000, 0x0000000716400000|100%| O|  |TAMS 0x0000000716400000, 0x0000000716200000| Untracked 
| 178|0x0000000716400000, 0x0000000716600000, 0x0000000716600000|100%| O|  |TAMS 0x0000000716600000, 0x0000000716400000| Untracked 
| 179|0x0000000716600000, 0x0000000716800000, 0x0000000716800000|100%| O|  |TAMS 0x0000000716800000, 0x0000000716600000| Untracked 
| 180|0x0000000716800000, 0x0000000716a00000, 0x0000000716a00000|100%| O|  |TAMS 0x0000000716a00000, 0x0000000716800000| Untracked 
| 181|0x0000000716a00000, 0x0000000716c00000, 0x0000000716c00000|100%| O|  |TAMS 0x0000000716c00000, 0x0000000716a00000| Untracked 
| 182|0x0000000716c00000, 0x0000000716e00000, 0x0000000716e00000|100%| O|  |TAMS 0x0000000716e00000, 0x0000000716c00000| Untracked 
| 183|0x0000000716e00000, 0x0000000717000000, 0x0000000717000000|100%| O|  |TAMS 0x0000000717000000, 0x0000000716e00000| Untracked 
| 184|0x0000000717000000, 0x0000000717200000, 0x0000000717200000|100%| O|  |TAMS 0x0000000717200000, 0x0000000717000000| Untracked 
| 185|0x0000000717200000, 0x0000000717400000, 0x0000000717400000|100%| O|  |TAMS 0x0000000717400000, 0x0000000717200000| Untracked 
| 186|0x0000000717400000, 0x0000000717600000, 0x0000000717600000|100%| O|  |TAMS 0x0000000717600000, 0x0000000717400000| Untracked 
| 187|0x0000000717600000, 0x0000000717800000, 0x0000000717800000|100%| O|  |TAMS 0x0000000717800000, 0x0000000717600000| Untracked 
| 188|0x0000000717800000, 0x0000000717a00000, 0x0000000717a00000|100%| O|  |TAMS 0x0000000717a00000, 0x0000000717800000| Untracked 
| 189|0x0000000717a00000, 0x0000000717c00000, 0x0000000717c00000|100%| O|  |TAMS 0x0000000717c00000, 0x0000000717a00000| Untracked 
| 190|0x0000000717c00000, 0x0000000717e00000, 0x0000000717e00000|100%| O|  |TAMS 0x0000000717e00000, 0x0000000717c00000| Untracked 
| 191|0x0000000717e00000, 0x0000000718000000, 0x0000000718000000|100%| O|  |TAMS 0x0000000718000000, 0x0000000717e00000| Untracked 
| 192|0x0000000718000000, 0x0000000718200000, 0x0000000718200000|100%| O|  |TAMS 0x0000000718200000, 0x0000000718000000| Untracked 
| 193|0x0000000718200000, 0x0000000718400000, 0x0000000718400000|100%| O|  |TAMS 0x0000000718400000, 0x0000000718200000| Untracked 
| 194|0x0000000718400000, 0x0000000718600000, 0x0000000718600000|100%| O|  |TAMS 0x0000000718600000, 0x0000000718400000| Untracked 
| 195|0x0000000718600000, 0x0000000718800000, 0x0000000718800000|100%| O|  |TAMS 0x0000000718800000, 0x0000000718600000| Untracked 
| 196|0x0000000718800000, 0x0000000718a00000, 0x0000000718a00000|100%| O|  |TAMS 0x0000000718a00000, 0x0000000718800000| Untracked 
| 197|0x0000000718a00000, 0x0000000718c00000, 0x0000000718c00000|100%| O|  |TAMS 0x0000000718c00000, 0x0000000718a00000| Untracked 
| 198|0x0000000718c00000, 0x0000000718e00000, 0x0000000718e00000|100%| O|  |TAMS 0x0000000718e00000, 0x0000000718c00000| Untracked 
| 199|0x0000000718e00000, 0x0000000719000000, 0x0000000719000000|100%| O|  |TAMS 0x0000000719000000, 0x0000000718e00000| Untracked 
| 200|0x0000000719000000, 0x0000000719200000, 0x0000000719200000|100%| O|  |TAMS 0x0000000719200000, 0x0000000719000000| Untracked 
| 201|0x0000000719200000, 0x0000000719400000, 0x0000000719400000|100%| O|  |TAMS 0x0000000719400000, 0x0000000719200000| Untracked 
| 202|0x0000000719400000, 0x0000000719600000, 0x0000000719600000|100%| O|  |TAMS 0x0000000719600000, 0x0000000719400000| Untracked 
| 203|0x0000000719600000, 0x0000000719800000, 0x0000000719800000|100%| O|  |TAMS 0x0000000719800000, 0x0000000719600000| Untracked 
| 204|0x0000000719800000, 0x0000000719a00000, 0x0000000719a00000|100%| O|  |TAMS 0x0000000719a00000, 0x0000000719800000| Untracked 
| 205|0x0000000719a00000, 0x0000000719c00000, 0x0000000719c00000|100%| O|  |TAMS 0x0000000719c00000, 0x0000000719a00000| Untracked 
| 206|0x0000000719c00000, 0x0000000719e00000, 0x0000000719e00000|100%| O|  |TAMS 0x0000000719e00000, 0x0000000719c00000| Untracked 
| 207|0x0000000719e00000, 0x000000071a000000, 0x000000071a000000|100%| O|  |TAMS 0x000000071a000000, 0x0000000719e00000| Untracked 
| 208|0x000000071a000000, 0x000000071a200000, 0x000000071a200000|100%| O|  |TAMS 0x000000071a200000, 0x000000071a000000| Untracked 
| 209|0x000000071a200000, 0x000000071a400000, 0x000000071a400000|100%| O|  |TAMS 0x000000071a400000, 0x000000071a200000| Untracked 
| 210|0x000000071a400000, 0x000000071a600000, 0x000000071a600000|100%| O|  |TAMS 0x000000071a600000, 0x000000071a400000| Untracked 
| 211|0x000000071a600000, 0x000000071a800000, 0x000000071a800000|100%| O|  |TAMS 0x000000071a800000, 0x000000071a600000| Untracked 
| 212|0x000000071a800000, 0x000000071aa00000, 0x000000071aa00000|100%| O|  |TAMS 0x000000071aa00000, 0x000000071a800000| Untracked 
| 213|0x000000071aa00000, 0x000000071ac00000, 0x000000071ac00000|100%| O|  |TAMS 0x000000071ac00000, 0x000000071aa00000| Untracked 
| 214|0x000000071ac00000, 0x000000071ae00000, 0x000000071ae00000|100%| O|  |TAMS 0x000000071ae00000, 0x000000071ac00000| Untracked 
| 215|0x000000071ae00000, 0x000000071b000000, 0x000000071b000000|100%| O|  |TAMS 0x000000071b000000, 0x000000071ae00000| Untracked 
| 216|0x000000071b000000, 0x000000071b200000, 0x000000071b200000|100%| O|  |TAMS 0x000000071b200000, 0x000000071b000000| Untracked 
| 217|0x000000071b200000, 0x000000071b400000, 0x000000071b400000|100%| O|  |TAMS 0x000000071b400000, 0x000000071b200000| Untracked 
| 218|0x000000071b400000, 0x000000071b600000, 0x000000071b600000|100%| O|  |TAMS 0x000000071b600000, 0x000000071b400000| Untracked 
| 219|0x000000071b600000, 0x000000071b800000, 0x000000071b800000|100%| O|  |TAMS 0x000000071b800000, 0x000000071b600000| Untracked 
| 220|0x000000071b800000, 0x000000071ba00000, 0x000000071ba00000|100%| O|  |TAMS 0x000000071ba00000, 0x000000071b800000| Untracked 
| 221|0x000000071ba00000, 0x000000071bc00000, 0x000000071bc00000|100%| O|  |TAMS 0x000000071bc00000, 0x000000071ba00000| Untracked 
| 222|0x000000071bc00000, 0x000000071be00000, 0x000000071be00000|100%| O|  |TAMS 0x000000071be00000, 0x000000071bc00000| Untracked 
| 223|0x000000071be00000, 0x000000071c000000, 0x000000071c000000|100%| O|  |TAMS 0x000000071c000000, 0x000000071be00000| Untracked 
| 224|0x000000071c000000, 0x000000071c200000, 0x000000071c200000|100%| O|  |TAMS 0x000000071c200000, 0x000000071c000000| Untracked 
| 225|0x000000071c200000, 0x000000071c400000, 0x000000071c400000|100%| O|  |TAMS 0x000000071c400000, 0x000000071c200000| Untracked 
| 226|0x000000071c400000, 0x000000071c600000, 0x000000071c600000|100%| O|  |TAMS 0x000000071c600000, 0x000000071c400000| Untracked 
| 227|0x000000071c600000, 0x000000071c800000, 0x000000071c800000|100%| O|  |TAMS 0x000000071c800000, 0x000000071c600000| Untracked 
| 228|0x000000071c800000, 0x000000071ca00000, 0x000000071ca00000|100%| O|  |TAMS 0x000000071ca00000, 0x000000071c800000| Complete 
| 229|0x000000071ca00000, 0x000000071cc00000, 0x000000071cc00000|100%| O|  |TAMS 0x000000071cc00000, 0x000000071ca00000| Complete 
| 230|0x000000071cc00000, 0x000000071ce00000, 0x000000071ce00000|100%| O|  |TAMS 0x000000071ce00000, 0x000000071cc00000| Untracked 
| 231|0x000000071ce00000, 0x000000071d000000, 0x000000071d000000|100%| O|  |TAMS 0x000000071d000000, 0x000000071ce00000| Untracked 
| 232|0x000000071d000000, 0x000000071d200000, 0x000000071d200000|100%| O|  |TAMS 0x000000071d200000, 0x000000071d000000| Untracked 
| 233|0x000000071d200000, 0x000000071d400000, 0x000000071d400000|100%| O|  |TAMS 0x000000071d400000, 0x000000071d200000| Untracked 
| 234|0x000000071d400000, 0x000000071d600000, 0x000000071d600000|100%| O|  |TAMS 0x000000071d600000, 0x000000071d400000| Untracked 
| 235|0x000000071d600000, 0x000000071d800000, 0x000000071d800000|100%| O|  |TAMS 0x000000071d800000, 0x000000071d600000| Untracked 
| 236|0x000000071d800000, 0x000000071da00000, 0x000000071da00000|100%| O|  |TAMS 0x000000071da00000, 0x000000071d800000| Untracked 
| 237|0x000000071da00000, 0x000000071dc00000, 0x000000071dc00000|100%| O|  |TAMS 0x000000071dc00000, 0x000000071da00000| Untracked 
| 238|0x000000071dc00000, 0x000000071de00000, 0x000000071de00000|100%| O|  |TAMS 0x000000071de00000, 0x000000071dc00000| Untracked 
| 239|0x000000071de00000, 0x000000071e000000, 0x000000071e000000|100%| O|  |TAMS 0x000000071e000000, 0x000000071de00000| Untracked 
| 240|0x000000071e000000, 0x000000071e200000, 0x000000071e200000|100%| O|  |TAMS 0x000000071e200000, 0x000000071e000000| Untracked 
| 241|0x000000071e200000, 0x000000071e400000, 0x000000071e400000|100%| O|  |TAMS 0x000000071e400000, 0x000000071e200000| Untracked 
| 242|0x000000071e400000, 0x000000071e600000, 0x000000071e600000|100%| O|  |TAMS 0x000000071e600000, 0x000000071e400000| Complete 
| 243|0x000000071e600000, 0x000000071e800000, 0x000000071e800000|100%| O|  |TAMS 0x000000071e800000, 0x000000071e600000| Complete 
| 244|0x000000071e800000, 0x000000071e800000, 0x000000071ea00000|  0%| F|  |TAMS 0x000000071e800000, 0x000000071e800000| Untracked 
| 245|0x000000071ea00000, 0x000000071ea00000, 0x000000071ec00000|  0%| F|  |TAMS 0x000000071ea00000, 0x000000071ea00000| Untracked 
| 246|0x000000071ec00000, 0x000000071ec00000, 0x000000071ee00000|  0%| F|  |TAMS 0x000000071ec00000, 0x000000071ec00000| Untracked 
| 247|0x000000071ee00000, 0x000000071ee00000, 0x000000071f000000|  0%| F|  |TAMS 0x000000071ee00000, 0x000000071ee00000| Untracked 
| 248|0x000000071f000000, 0x000000071f000000, 0x000000071f200000|  0%| F|  |TAMS 0x000000071f000000, 0x000000071f000000| Untracked 
| 249|0x000000071f200000, 0x000000071f200000, 0x000000071f400000|  0%| F|  |TAMS 0x000000071f200000, 0x000000071f200000| Untracked 
| 250|0x000000071f400000, 0x000000071f400000, 0x000000071f600000|  0%| F|  |TAMS 0x000000071f400000, 0x000000071f400000| Untracked 
| 251|0x000000071f600000, 0x000000071f600000, 0x000000071f800000|  0%| F|  |TAMS 0x000000071f600000, 0x000000071f600000| Untracked 
| 252|0x000000071f800000, 0x000000071f800000, 0x000000071fa00000|  0%| F|  |TAMS 0x000000071f800000, 0x000000071f800000| Untracked 
| 253|0x000000071fa00000, 0x000000071fa00000, 0x000000071fc00000|  0%| F|  |TAMS 0x000000071fa00000, 0x000000071fa00000| Untracked 
| 254|0x000000071fc00000, 0x000000071fc00000, 0x000000071fe00000|  0%| F|  |TAMS 0x000000071fc00000, 0x000000071fc00000| Untracked 
| 255|0x000000071fe00000, 0x000000071fe00000, 0x0000000720000000|  0%| F|  |TAMS 0x000000071fe00000, 0x000000071fe00000| Untracked 
| 256|0x0000000720000000, 0x0000000720000000, 0x0000000720200000|  0%| F|  |TAMS 0x0000000720000000, 0x0000000720000000| Untracked 
| 257|0x0000000720200000, 0x0000000720200000, 0x0000000720400000|  0%| F|  |TAMS 0x0000000720200000, 0x0000000720200000| Untracked 
| 258|0x0000000720400000, 0x0000000720400000, 0x0000000720600000|  0%| F|  |TAMS 0x0000000720400000, 0x0000000720400000| Untracked 
| 259|0x0000000720600000, 0x0000000720600000, 0x0000000720800000|  0%| F|  |TAMS 0x0000000720600000, 0x0000000720600000| Untracked 
| 260|0x0000000720800000, 0x0000000720800000, 0x0000000720a00000|  0%| F|  |TAMS 0x0000000720800000, 0x0000000720800000| Untracked 
| 261|0x0000000720a00000, 0x0000000720a00000, 0x0000000720c00000|  0%| F|  |TAMS 0x0000000720a00000, 0x0000000720a00000| Untracked 
| 262|0x0000000720c00000, 0x0000000720c00000, 0x0000000720e00000|  0%| F|  |TAMS 0x0000000720c00000, 0x0000000720c00000| Untracked 
| 263|0x0000000720e00000, 0x0000000720e00000, 0x0000000721000000|  0%| F|  |TAMS 0x0000000720e00000, 0x0000000720e00000| Untracked 
| 264|0x0000000721000000, 0x0000000721000000, 0x0000000721200000|  0%| F|  |TAMS 0x0000000721000000, 0x0000000721000000| Untracked 
| 265|0x0000000721200000, 0x0000000721200000, 0x0000000721400000|  0%| F|  |TAMS 0x0000000721200000, 0x0000000721200000| Untracked 
| 266|0x0000000721400000, 0x0000000721400000, 0x0000000721600000|  0%| F|  |TAMS 0x0000000721400000, 0x0000000721400000| Untracked 
| 267|0x0000000721600000, 0x0000000721600000, 0x0000000721800000|  0%| F|  |TAMS 0x0000000721600000, 0x0000000721600000| Untracked 
| 268|0x0000000721800000, 0x0000000721800000, 0x0000000721a00000|  0%| F|  |TAMS 0x0000000721800000, 0x0000000721800000| Untracked 
| 269|0x0000000721a00000, 0x0000000721a00000, 0x0000000721c00000|  0%| F|  |TAMS 0x0000000721a00000, 0x0000000721a00000| Untracked 
| 270|0x0000000721c00000, 0x0000000721c00000, 0x0000000721e00000|  0%| F|  |TAMS 0x0000000721c00000, 0x0000000721c00000| Untracked 
| 271|0x0000000721e00000, 0x0000000721e00000, 0x0000000722000000|  0%| F|  |TAMS 0x0000000721e00000, 0x0000000721e00000| Untracked 
| 272|0x0000000722000000, 0x0000000722000000, 0x0000000722200000|  0%| F|  |TAMS 0x0000000722000000, 0x0000000722000000| Untracked 
| 273|0x0000000722200000, 0x0000000722200000, 0x0000000722400000|  0%| F|  |TAMS 0x0000000722200000, 0x0000000722200000| Untracked 
| 274|0x0000000722400000, 0x0000000722400000, 0x0000000722600000|  0%| F|  |TAMS 0x0000000722400000, 0x0000000722400000| Untracked 
| 275|0x0000000722600000, 0x0000000722600000, 0x0000000722800000|  0%| F|  |TAMS 0x0000000722600000, 0x0000000722600000| Untracked 
| 276|0x0000000722800000, 0x0000000722800000, 0x0000000722a00000|  0%| F|  |TAMS 0x0000000722800000, 0x0000000722800000| Untracked 
| 277|0x0000000722a00000, 0x0000000722a00000, 0x0000000722c00000|  0%| F|  |TAMS 0x0000000722a00000, 0x0000000722a00000| Untracked 
| 278|0x0000000722c00000, 0x0000000722c00000, 0x0000000722e00000|  0%| F|  |TAMS 0x0000000722c00000, 0x0000000722c00000| Untracked 
| 279|0x0000000722e00000, 0x0000000722e00000, 0x0000000723000000|  0%| F|  |TAMS 0x0000000722e00000, 0x0000000722e00000| Untracked 
| 280|0x0000000723000000, 0x0000000723000000, 0x0000000723200000|  0%| F|  |TAMS 0x0000000723000000, 0x0000000723000000| Untracked 
| 281|0x0000000723200000, 0x0000000723200000, 0x0000000723400000|  0%| F|  |TAMS 0x0000000723200000, 0x0000000723200000| Untracked 
| 282|0x0000000723400000, 0x0000000723400000, 0x0000000723600000|  0%| F|  |TAMS 0x0000000723400000, 0x0000000723400000| Untracked 
| 283|0x0000000723600000, 0x0000000723600000, 0x0000000723800000|  0%| F|  |TAMS 0x0000000723600000, 0x0000000723600000| Untracked 
| 284|0x0000000723800000, 0x0000000723800000, 0x0000000723a00000|  0%| F|  |TAMS 0x0000000723800000, 0x0000000723800000| Untracked 
| 285|0x0000000723a00000, 0x0000000723a00000, 0x0000000723c00000|  0%| F|  |TAMS 0x0000000723a00000, 0x0000000723a00000| Untracked 
| 286|0x0000000723c00000, 0x0000000723c00000, 0x0000000723e00000|  0%| F|  |TAMS 0x0000000723c00000, 0x0000000723c00000| Untracked 
| 287|0x0000000723e00000, 0x0000000723e00000, 0x0000000724000000|  0%| F|  |TAMS 0x0000000723e00000, 0x0000000723e00000| Untracked 
| 288|0x0000000724000000, 0x0000000724000000, 0x0000000724200000|  0%| F|  |TAMS 0x0000000724000000, 0x0000000724000000| Untracked 
| 289|0x0000000724200000, 0x0000000724200000, 0x0000000724400000|  0%| F|  |TAMS 0x0000000724200000, 0x0000000724200000| Untracked 
| 290|0x0000000724400000, 0x0000000724400000, 0x0000000724600000|  0%| F|  |TAMS 0x0000000724400000, 0x0000000724400000| Untracked 
| 291|0x0000000724600000, 0x0000000724600000, 0x0000000724800000|  0%| F|  |TAMS 0x0000000724600000, 0x0000000724600000| Untracked 
| 292|0x0000000724800000, 0x0000000724800000, 0x0000000724a00000|  0%| F|  |TAMS 0x0000000724800000, 0x0000000724800000| Untracked 
| 293|0x0000000724a00000, 0x0000000724a00000, 0x0000000724c00000|  0%| F|  |TAMS 0x0000000724a00000, 0x0000000724a00000| Untracked 
| 294|0x0000000724c00000, 0x0000000724c00000, 0x0000000724e00000|  0%| F|  |TAMS 0x0000000724c00000, 0x0000000724c00000| Untracked 
| 295|0x0000000724e00000, 0x0000000724e00000, 0x0000000725000000|  0%| F|  |TAMS 0x0000000724e00000, 0x0000000724e00000| Untracked 
| 296|0x0000000725000000, 0x0000000725000000, 0x0000000725200000|  0%| F|  |TAMS 0x0000000725000000, 0x0000000725000000| Untracked 
| 297|0x0000000725200000, 0x0000000725200000, 0x0000000725400000|  0%| F|  |TAMS 0x0000000725200000, 0x0000000725200000| Untracked 
| 298|0x0000000725400000, 0x0000000725400000, 0x0000000725600000|  0%| F|  |TAMS 0x0000000725400000, 0x0000000725400000| Untracked 
| 299|0x0000000725600000, 0x0000000725600000, 0x0000000725800000|  0%| F|  |TAMS 0x0000000725600000, 0x0000000725600000| Untracked 
| 300|0x0000000725800000, 0x0000000725800000, 0x0000000725a00000|  0%| F|  |TAMS 0x0000000725800000, 0x0000000725800000| Untracked 
| 301|0x0000000725a00000, 0x0000000725a00000, 0x0000000725c00000|  0%| F|  |TAMS 0x0000000725a00000, 0x0000000725a00000| Untracked 
| 302|0x0000000725c00000, 0x0000000725c00000, 0x0000000725e00000|  0%| F|  |TAMS 0x0000000725c00000, 0x0000000725c00000| Untracked 
| 303|0x0000000725e00000, 0x0000000725e00000, 0x0000000726000000|  0%| F|  |TAMS 0x0000000725e00000, 0x0000000725e00000| Untracked 
| 304|0x0000000726000000, 0x0000000726000000, 0x0000000726200000|  0%| F|  |TAMS 0x0000000726000000, 0x0000000726000000| Untracked 
| 305|0x0000000726200000, 0x0000000726200000, 0x0000000726400000|  0%| F|  |TAMS 0x0000000726200000, 0x0000000726200000| Untracked 
| 306|0x0000000726400000, 0x0000000726400000, 0x0000000726600000|  0%| F|  |TAMS 0x0000000726400000, 0x0000000726400000| Untracked 
| 307|0x0000000726600000, 0x0000000726600000, 0x0000000726800000|  0%| F|  |TAMS 0x0000000726600000, 0x0000000726600000| Untracked 
| 308|0x0000000726800000, 0x0000000726800000, 0x0000000726a00000|  0%| F|  |TAMS 0x0000000726800000, 0x0000000726800000| Untracked 
| 309|0x0000000726a00000, 0x0000000726a00000, 0x0000000726c00000|  0%| F|  |TAMS 0x0000000726a00000, 0x0000000726a00000| Untracked 
| 310|0x0000000726c00000, 0x0000000726c00000, 0x0000000726e00000|  0%| F|  |TAMS 0x0000000726c00000, 0x0000000726c00000| Untracked 
| 311|0x0000000726e00000, 0x0000000726e00000, 0x0000000727000000|  0%| F|  |TAMS 0x0000000726e00000, 0x0000000726e00000| Untracked 
| 312|0x0000000727000000, 0x0000000727000000, 0x0000000727200000|  0%| F|  |TAMS 0x0000000727000000, 0x0000000727000000| Untracked 
| 313|0x0000000727200000, 0x0000000727200000, 0x0000000727400000|  0%| F|  |TAMS 0x0000000727200000, 0x0000000727200000| Untracked 
| 314|0x0000000727400000, 0x0000000727400000, 0x0000000727600000|  0%| F|  |TAMS 0x0000000727400000, 0x0000000727400000| Untracked 
| 315|0x0000000727600000, 0x0000000727800000, 0x0000000727800000|100%| S|CS|TAMS 0x0000000727600000, 0x0000000727600000| Complete 
| 316|0x0000000727800000, 0x0000000727a00000, 0x0000000727a00000|100%| S|CS|TAMS 0x0000000727800000, 0x0000000727800000| Complete 
| 317|0x0000000727a00000, 0x0000000727c00000, 0x0000000727c00000|100%| S|CS|TAMS 0x0000000727a00000, 0x0000000727a00000| Complete 
| 318|0x0000000727c00000, 0x0000000727e00000, 0x0000000727e00000|100%| S|CS|TAMS 0x0000000727c00000, 0x0000000727c00000| Complete 
| 319|0x0000000727e00000, 0x0000000728000000, 0x0000000728000000|100%| S|CS|TAMS 0x0000000727e00000, 0x0000000727e00000| Complete 
| 320|0x0000000728000000, 0x0000000728200000, 0x0000000728200000|100%| S|CS|TAMS 0x0000000728000000, 0x0000000728000000| Complete 
| 321|0x0000000728200000, 0x0000000728400000, 0x0000000728400000|100%| S|CS|TAMS 0x0000000728200000, 0x0000000728200000| Complete 
| 322|0x0000000728400000, 0x0000000728600000, 0x0000000728600000|100%| S|CS|TAMS 0x0000000728400000, 0x0000000728400000| Complete 
| 323|0x0000000728600000, 0x0000000728800000, 0x0000000728800000|100%| S|CS|TAMS 0x0000000728600000, 0x0000000728600000| Complete 
| 324|0x0000000728800000, 0x0000000728a00000, 0x0000000728a00000|100%| S|CS|TAMS 0x0000000728800000, 0x0000000728800000| Complete 
| 325|0x0000000728a00000, 0x0000000728a00000, 0x0000000728c00000|  0%| F|  |TAMS 0x0000000728a00000, 0x0000000728a00000| Untracked 
| 326|0x0000000728c00000, 0x0000000728c00000, 0x0000000728e00000|  0%| F|  |TAMS 0x0000000728c00000, 0x0000000728c00000| Untracked 
| 327|0x0000000728e00000, 0x0000000728e00000, 0x0000000729000000|  0%| F|  |TAMS 0x0000000728e00000, 0x0000000728e00000| Untracked 
| 328|0x0000000729000000, 0x0000000729000000, 0x0000000729200000|  0%| F|  |TAMS 0x0000000729000000, 0x0000000729000000| Untracked 
| 329|0x0000000729200000, 0x0000000729200000, 0x0000000729400000|  0%| F|  |TAMS 0x0000000729200000, 0x0000000729200000| Untracked 
| 330|0x0000000729400000, 0x0000000729400000, 0x0000000729600000|  0%| F|  |TAMS 0x0000000729400000, 0x0000000729400000| Untracked 
| 331|0x0000000729600000, 0x0000000729600000, 0x0000000729800000|  0%| F|  |TAMS 0x0000000729600000, 0x0000000729600000| Untracked 
| 332|0x0000000729800000, 0x0000000729800000, 0x0000000729a00000|  0%| F|  |TAMS 0x0000000729800000, 0x0000000729800000| Untracked 
| 333|0x0000000729a00000, 0x0000000729a00000, 0x0000000729c00000|  0%| F|  |TAMS 0x0000000729a00000, 0x0000000729a00000| Untracked 
| 334|0x0000000729c00000, 0x0000000729c00000, 0x0000000729e00000|  0%| F|  |TAMS 0x0000000729c00000, 0x0000000729c00000| Untracked 
| 335|0x0000000729e00000, 0x0000000729e00000, 0x000000072a000000|  0%| F|  |TAMS 0x0000000729e00000, 0x0000000729e00000| Untracked 
| 336|0x000000072a000000, 0x000000072a000000, 0x000000072a200000|  0%| F|  |TAMS 0x000000072a000000, 0x000000072a000000| Untracked 
| 337|0x000000072a200000, 0x000000072a200000, 0x000000072a400000|  0%| F|  |TAMS 0x000000072a200000, 0x000000072a200000| Untracked 
| 338|0x000000072a400000, 0x000000072a400000, 0x000000072a600000|  0%| F|  |TAMS 0x000000072a400000, 0x000000072a400000| Untracked 
| 339|0x000000072a600000, 0x000000072a600000, 0x000000072a800000|  0%| F|  |TAMS 0x000000072a600000, 0x000000072a600000| Untracked 
| 340|0x000000072a800000, 0x000000072a800000, 0x000000072aa00000|  0%| F|  |TAMS 0x000000072a800000, 0x000000072a800000| Untracked 
| 341|0x000000072aa00000, 0x000000072aa00000, 0x000000072ac00000|  0%| F|  |TAMS 0x000000072aa00000, 0x000000072aa00000| Untracked 
| 342|0x000000072ac00000, 0x000000072ac00000, 0x000000072ae00000|  0%| F|  |TAMS 0x000000072ac00000, 0x000000072ac00000| Untracked 
| 343|0x000000072ae00000, 0x000000072ae00000, 0x000000072b000000|  0%| F|  |TAMS 0x000000072ae00000, 0x000000072ae00000| Untracked 
| 344|0x000000072b000000, 0x000000072b000000, 0x000000072b200000|  0%| F|  |TAMS 0x000000072b000000, 0x000000072b000000| Untracked 
| 345|0x000000072b200000, 0x000000072b200000, 0x000000072b400000|  0%| F|  |TAMS 0x000000072b200000, 0x000000072b200000| Untracked 
| 346|0x000000072b400000, 0x000000072b400000, 0x000000072b600000|  0%| F|  |TAMS 0x000000072b400000, 0x000000072b400000| Untracked 
| 347|0x000000072b600000, 0x000000072b600000, 0x000000072b800000|  0%| F|  |TAMS 0x000000072b600000, 0x000000072b600000| Untracked 
| 348|0x000000072b800000, 0x000000072b800000, 0x000000072ba00000|  0%| F|  |TAMS 0x000000072b800000, 0x000000072b800000| Untracked 
| 349|0x000000072ba00000, 0x000000072ba00000, 0x000000072bc00000|  0%| F|  |TAMS 0x000000072ba00000, 0x000000072ba00000| Untracked 
| 350|0x000000072bc00000, 0x000000072bc00000, 0x000000072be00000|  0%| F|  |TAMS 0x000000072bc00000, 0x000000072bc00000| Untracked 
| 351|0x000000072be00000, 0x000000072be00000, 0x000000072c000000|  0%| F|  |TAMS 0x000000072be00000, 0x000000072be00000| Untracked 
| 352|0x000000072c000000, 0x000000072c000000, 0x000000072c200000|  0%| F|  |TAMS 0x000000072c000000, 0x000000072c000000| Untracked 
| 353|0x000000072c200000, 0x000000072c200000, 0x000000072c400000|  0%| F|  |TAMS 0x000000072c200000, 0x000000072c200000| Untracked 
| 354|0x000000072c400000, 0x000000072c400000, 0x000000072c600000|  0%| F|  |TAMS 0x000000072c400000, 0x000000072c400000| Untracked 
| 355|0x000000072c600000, 0x000000072c600000, 0x000000072c800000|  0%| F|  |TAMS 0x000000072c600000, 0x000000072c600000| Untracked 
| 356|0x000000072c800000, 0x000000072c800000, 0x000000072ca00000|  0%| F|  |TAMS 0x000000072c800000, 0x000000072c800000| Untracked 
| 357|0x000000072ca00000, 0x000000072ca00000, 0x000000072cc00000|  0%| F|  |TAMS 0x000000072ca00000, 0x000000072ca00000| Untracked 
| 358|0x000000072cc00000, 0x000000072cc00000, 0x000000072ce00000|  0%| F|  |TAMS 0x000000072cc00000, 0x000000072cc00000| Untracked 
| 359|0x000000072ce00000, 0x000000072ce00000, 0x000000072d000000|  0%| F|  |TAMS 0x000000072ce00000, 0x000000072ce00000| Untracked 
| 360|0x000000072d000000, 0x000000072d000000, 0x000000072d200000|  0%| F|  |TAMS 0x000000072d000000, 0x000000072d000000| Untracked 
| 361|0x000000072d200000, 0x000000072d200000, 0x000000072d400000|  0%| F|  |TAMS 0x000000072d200000, 0x000000072d200000| Untracked 
| 362|0x000000072d400000, 0x000000072d400000, 0x000000072d600000|  0%| F|  |TAMS 0x000000072d400000, 0x000000072d400000| Untracked 
| 363|0x000000072d600000, 0x000000072d600000, 0x000000072d800000|  0%| F|  |TAMS 0x000000072d600000, 0x000000072d600000| Untracked 
| 364|0x000000072d800000, 0x000000072d800000, 0x000000072da00000|  0%| F|  |TAMS 0x000000072d800000, 0x000000072d800000| Untracked 
| 365|0x000000072da00000, 0x000000072da00000, 0x000000072dc00000|  0%| F|  |TAMS 0x000000072da00000, 0x000000072da00000| Untracked 
| 366|0x000000072dc00000, 0x000000072dc00000, 0x000000072de00000|  0%| F|  |TAMS 0x000000072dc00000, 0x000000072dc00000| Untracked 
| 367|0x000000072de00000, 0x000000072de00000, 0x000000072e000000|  0%| F|  |TAMS 0x000000072de00000, 0x000000072de00000| Untracked 
| 368|0x000000072e000000, 0x000000072e000000, 0x000000072e200000|  0%| F|  |TAMS 0x000000072e000000, 0x000000072e000000| Untracked 
| 369|0x000000072e200000, 0x000000072e200000, 0x000000072e400000|  0%| F|  |TAMS 0x000000072e200000, 0x000000072e200000| Untracked 
| 370|0x000000072e400000, 0x000000072e400000, 0x000000072e600000|  0%| F|  |TAMS 0x000000072e400000, 0x000000072e400000| Untracked 
| 371|0x000000072e600000, 0x000000072e600000, 0x000000072e800000|  0%| F|  |TAMS 0x000000072e600000, 0x000000072e600000| Untracked 
| 372|0x000000072e800000, 0x000000072e800000, 0x000000072ea00000|  0%| F|  |TAMS 0x000000072e800000, 0x000000072e800000| Untracked 
| 373|0x000000072ea00000, 0x000000072ea00000, 0x000000072ec00000|  0%| F|  |TAMS 0x000000072ea00000, 0x000000072ea00000| Untracked 
| 374|0x000000072ec00000, 0x000000072ec00000, 0x000000072ee00000|  0%| F|  |TAMS 0x000000072ec00000, 0x000000072ec00000| Untracked 
| 375|0x000000072ee00000, 0x000000072ee00000, 0x000000072f000000|  0%| F|  |TAMS 0x000000072ee00000, 0x000000072ee00000| Untracked 
| 376|0x000000072f000000, 0x000000072f000000, 0x000000072f200000|  0%| F|  |TAMS 0x000000072f000000, 0x000000072f000000| Untracked 
| 377|0x000000072f200000, 0x000000072f200000, 0x000000072f400000|  0%| F|  |TAMS 0x000000072f200000, 0x000000072f200000| Untracked 
| 378|0x000000072f400000, 0x000000072f400000, 0x000000072f600000|  0%| F|  |TAMS 0x000000072f400000, 0x000000072f400000| Untracked 
| 379|0x000000072f600000, 0x000000072f600000, 0x000000072f800000|  0%| F|  |TAMS 0x000000072f600000, 0x000000072f600000| Untracked 
| 380|0x000000072f800000, 0x000000072f800000, 0x000000072fa00000|  0%| F|  |TAMS 0x000000072f800000, 0x000000072f800000| Untracked 
| 381|0x000000072fa00000, 0x000000072fa00000, 0x000000072fc00000|  0%| F|  |TAMS 0x000000072fa00000, 0x000000072fa00000| Untracked 
| 382|0x000000072fc00000, 0x000000072fc00000, 0x000000072fe00000|  0%| F|  |TAMS 0x000000072fc00000, 0x000000072fc00000| Untracked 
| 383|0x000000072fe00000, 0x000000072ff6d490, 0x0000000730000000| 71%| E|  |TAMS 0x000000072fe00000, 0x000000072fe00000| Complete 
| 384|0x0000000730000000, 0x0000000730200000, 0x0000000730200000|100%| E|CS|TAMS 0x0000000730000000, 0x0000000730000000| Complete 
| 385|0x0000000730200000, 0x0000000730400000, 0x0000000730400000|100%| E|CS|TAMS 0x0000000730200000, 0x0000000730200000| Complete 
| 386|0x0000000730400000, 0x0000000730600000, 0x0000000730600000|100%| E|CS|TAMS 0x0000000730400000, 0x0000000730400000| Complete 
| 387|0x0000000730600000, 0x0000000730800000, 0x0000000730800000|100%| E|CS|TAMS 0x0000000730600000, 0x0000000730600000| Complete 
| 388|0x0000000730800000, 0x0000000730a00000, 0x0000000730a00000|100%| E|CS|TAMS 0x0000000730800000, 0x0000000730800000| Complete 
| 389|0x0000000730a00000, 0x0000000730c00000, 0x0000000730c00000|100%| E|CS|TAMS 0x0000000730a00000, 0x0000000730a00000| Complete 
| 390|0x0000000730c00000, 0x0000000730e00000, 0x0000000730e00000|100%| E|CS|TAMS 0x0000000730c00000, 0x0000000730c00000| Complete 
| 391|0x0000000730e00000, 0x0000000731000000, 0x0000000731000000|100%| E|CS|TAMS 0x0000000730e00000, 0x0000000730e00000| Complete 
| 392|0x0000000731000000, 0x0000000731200000, 0x0000000731200000|100%| E|CS|TAMS 0x0000000731000000, 0x0000000731000000| Complete 
| 393|0x0000000731200000, 0x0000000731400000, 0x0000000731400000|100%| E|CS|TAMS 0x0000000731200000, 0x0000000731200000| Complete 
| 394|0x0000000731400000, 0x0000000731600000, 0x0000000731600000|100%| E|CS|TAMS 0x0000000731400000, 0x0000000731400000| Complete 
| 395|0x0000000731600000, 0x0000000731800000, 0x0000000731800000|100%| E|CS|TAMS 0x0000000731600000, 0x0000000731600000| Complete 
| 396|0x0000000731800000, 0x0000000731a00000, 0x0000000731a00000|100%| E|CS|TAMS 0x0000000731800000, 0x0000000731800000| Complete 
| 397|0x0000000731a00000, 0x0000000731c00000, 0x0000000731c00000|100%| E|CS|TAMS 0x0000000731a00000, 0x0000000731a00000| Complete 
| 398|0x0000000731c00000, 0x0000000731e00000, 0x0000000731e00000|100%| E|CS|TAMS 0x0000000731c00000, 0x0000000731c00000| Complete 
| 399|0x0000000731e00000, 0x0000000732000000, 0x0000000732000000|100%| E|CS|TAMS 0x0000000731e00000, 0x0000000731e00000| Complete 
| 400|0x0000000732000000, 0x0000000732200000, 0x0000000732200000|100%| E|CS|TAMS 0x0000000732000000, 0x0000000732000000| Complete 
| 401|0x0000000732200000, 0x0000000732400000, 0x0000000732400000|100%| E|CS|TAMS 0x0000000732200000, 0x0000000732200000| Complete 
| 402|0x0000000732400000, 0x0000000732600000, 0x0000000732600000|100%| E|CS|TAMS 0x0000000732400000, 0x0000000732400000| Complete 
| 403|0x0000000732600000, 0x0000000732800000, 0x0000000732800000|100%| E|CS|TAMS 0x0000000732600000, 0x0000000732600000| Complete 
| 404|0x0000000732800000, 0x0000000732a00000, 0x0000000732a00000|100%| E|CS|TAMS 0x0000000732800000, 0x0000000732800000| Complete 
| 405|0x0000000732a00000, 0x0000000732c00000, 0x0000000732c00000|100%| E|CS|TAMS 0x0000000732a00000, 0x0000000732a00000| Complete 
| 406|0x0000000732c00000, 0x0000000732e00000, 0x0000000732e00000|100%| E|CS|TAMS 0x0000000732c00000, 0x0000000732c00000| Complete 
| 407|0x0000000732e00000, 0x0000000733000000, 0x0000000733000000|100%| E|CS|TAMS 0x0000000732e00000, 0x0000000732e00000| Complete 
| 408|0x0000000733000000, 0x0000000733200000, 0x0000000733200000|100%| E|CS|TAMS 0x0000000733000000, 0x0000000733000000| Complete 
| 409|0x0000000733200000, 0x0000000733400000, 0x0000000733400000|100%| E|CS|TAMS 0x0000000733200000, 0x0000000733200000| Complete 
| 410|0x0000000733400000, 0x0000000733600000, 0x0000000733600000|100%| E|CS|TAMS 0x0000000733400000, 0x0000000733400000| Complete 
| 411|0x0000000733600000, 0x0000000733800000, 0x0000000733800000|100%| E|CS|TAMS 0x0000000733600000, 0x0000000733600000| Complete 
| 412|0x0000000733800000, 0x0000000733a00000, 0x0000000733a00000|100%| E|CS|TAMS 0x0000000733800000, 0x0000000733800000| Complete 
| 413|0x0000000733a00000, 0x0000000733c00000, 0x0000000733c00000|100%| E|CS|TAMS 0x0000000733a00000, 0x0000000733a00000| Complete 
| 414|0x0000000733c00000, 0x0000000733e00000, 0x0000000733e00000|100%| E|CS|TAMS 0x0000000733c00000, 0x0000000733c00000| Complete 
| 415|0x0000000733e00000, 0x0000000734000000, 0x0000000734000000|100%| E|CS|TAMS 0x0000000733e00000, 0x0000000733e00000| Complete 
| 416|0x0000000734000000, 0x0000000734200000, 0x0000000734200000|100%| E|CS|TAMS 0x0000000734000000, 0x0000000734000000| Complete 
| 417|0x0000000734200000, 0x0000000734400000, 0x0000000734400000|100%| E|CS|TAMS 0x0000000734200000, 0x0000000734200000| Complete 
| 418|0x0000000734400000, 0x0000000734600000, 0x0000000734600000|100%| E|CS|TAMS 0x0000000734400000, 0x0000000734400000| Complete 
| 419|0x0000000734600000, 0x0000000734800000, 0x0000000734800000|100%| E|CS|TAMS 0x0000000734600000, 0x0000000734600000| Complete 
| 420|0x0000000734800000, 0x0000000734a00000, 0x0000000734a00000|100%| E|CS|TAMS 0x0000000734800000, 0x0000000734800000| Complete 
| 421|0x0000000734a00000, 0x0000000734c00000, 0x0000000734c00000|100%| E|CS|TAMS 0x0000000734a00000, 0x0000000734a00000| Complete 
| 422|0x0000000734c00000, 0x0000000734e00000, 0x0000000734e00000|100%| E|CS|TAMS 0x0000000734c00000, 0x0000000734c00000| Complete 
| 423|0x0000000734e00000, 0x0000000735000000, 0x0000000735000000|100%| E|CS|TAMS 0x0000000734e00000, 0x0000000734e00000| Complete 
| 424|0x0000000735000000, 0x0000000735200000, 0x0000000735200000|100%| E|CS|TAMS 0x0000000735000000, 0x0000000735000000| Complete 
| 425|0x0000000735200000, 0x0000000735400000, 0x0000000735400000|100%| E|CS|TAMS 0x0000000735200000, 0x0000000735200000| Complete 
| 426|0x0000000735400000, 0x0000000735600000, 0x0000000735600000|100%| E|CS|TAMS 0x0000000735400000, 0x0000000735400000| Complete 
| 427|0x0000000735600000, 0x0000000735800000, 0x0000000735800000|100%| E|CS|TAMS 0x0000000735600000, 0x0000000735600000| Complete 
| 428|0x0000000735800000, 0x0000000735a00000, 0x0000000735a00000|100%| E|CS|TAMS 0x0000000735800000, 0x0000000735800000| Complete 
| 429|0x0000000735a00000, 0x0000000735c00000, 0x0000000735c00000|100%| E|CS|TAMS 0x0000000735a00000, 0x0000000735a00000| Complete 
| 430|0x0000000735c00000, 0x0000000735e00000, 0x0000000735e00000|100%| E|CS|TAMS 0x0000000735c00000, 0x0000000735c00000| Complete 
| 431|0x0000000735e00000, 0x0000000736000000, 0x0000000736000000|100%| E|CS|TAMS 0x0000000735e00000, 0x0000000735e00000| Complete 
| 432|0x0000000736000000, 0x0000000736200000, 0x0000000736200000|100%| E|CS|TAMS 0x0000000736000000, 0x0000000736000000| Complete 
| 433|0x0000000736200000, 0x0000000736400000, 0x0000000736400000|100%| E|CS|TAMS 0x0000000736200000, 0x0000000736200000| Complete 
| 434|0x0000000736400000, 0x0000000736600000, 0x0000000736600000|100%| E|CS|TAMS 0x0000000736400000, 0x0000000736400000| Complete 
| 435|0x0000000736600000, 0x0000000736800000, 0x0000000736800000|100%| E|CS|TAMS 0x0000000736600000, 0x0000000736600000| Complete 
| 436|0x0000000736800000, 0x0000000736a00000, 0x0000000736a00000|100%| E|CS|TAMS 0x0000000736800000, 0x0000000736800000| Complete 
| 437|0x0000000736a00000, 0x0000000736c00000, 0x0000000736c00000|100%| E|CS|TAMS 0x0000000736a00000, 0x0000000736a00000| Complete 
| 438|0x0000000736c00000, 0x0000000736e00000, 0x0000000736e00000|100%| E|CS|TAMS 0x0000000736c00000, 0x0000000736c00000| Complete 
| 439|0x0000000736e00000, 0x0000000737000000, 0x0000000737000000|100%| E|CS|TAMS 0x0000000736e00000, 0x0000000736e00000| Complete 
| 440|0x0000000737000000, 0x0000000737200000, 0x0000000737200000|100%| E|CS|TAMS 0x0000000737000000, 0x0000000737000000| Complete 
| 441|0x0000000737200000, 0x0000000737400000, 0x0000000737400000|100%| E|CS|TAMS 0x0000000737200000, 0x0000000737200000| Complete 
| 442|0x0000000737400000, 0x0000000737600000, 0x0000000737600000|100%| E|CS|TAMS 0x0000000737400000, 0x0000000737400000| Complete 
| 443|0x0000000737600000, 0x0000000737800000, 0x0000000737800000|100%| E|CS|TAMS 0x0000000737600000, 0x0000000737600000| Complete 
| 444|0x0000000737800000, 0x0000000737a00000, 0x0000000737a00000|100%| E|CS|TAMS 0x0000000737800000, 0x0000000737800000| Complete 
| 445|0x0000000737a00000, 0x0000000737c00000, 0x0000000737c00000|100%| E|CS|TAMS 0x0000000737a00000, 0x0000000737a00000| Complete 
| 446|0x0000000737c00000, 0x0000000737e00000, 0x0000000737e00000|100%| E|CS|TAMS 0x0000000737c00000, 0x0000000737c00000| Complete 
| 447|0x0000000737e00000, 0x0000000738000000, 0x0000000738000000|100%| E|CS|TAMS 0x0000000737e00000, 0x0000000737e00000| Complete 
| 448|0x0000000738000000, 0x0000000738200000, 0x0000000738200000|100%| E|CS|TAMS 0x0000000738000000, 0x0000000738000000| Complete 
| 449|0x0000000738200000, 0x0000000738400000, 0x0000000738400000|100%| E|CS|TAMS 0x0000000738200000, 0x0000000738200000| Complete 
| 450|0x0000000738400000, 0x0000000738600000, 0x0000000738600000|100%| E|CS|TAMS 0x0000000738400000, 0x0000000738400000| Complete 
| 451|0x0000000738600000, 0x0000000738800000, 0x0000000738800000|100%| E|CS|TAMS 0x0000000738600000, 0x0000000738600000| Complete 
| 452|0x0000000738800000, 0x0000000738a00000, 0x0000000738a00000|100%| E|CS|TAMS 0x0000000738800000, 0x0000000738800000| Complete 
| 453|0x0000000738a00000, 0x0000000738c00000, 0x0000000738c00000|100%| E|CS|TAMS 0x0000000738a00000, 0x0000000738a00000| Complete 
| 454|0x0000000738c00000, 0x0000000738e00000, 0x0000000738e00000|100%| E|CS|TAMS 0x0000000738c00000, 0x0000000738c00000| Complete 
| 455|0x0000000738e00000, 0x0000000739000000, 0x0000000739000000|100%| E|CS|TAMS 0x0000000738e00000, 0x0000000738e00000| Complete 
| 456|0x0000000739000000, 0x0000000739200000, 0x0000000739200000|100%| E|CS|TAMS 0x0000000739000000, 0x0000000739000000| Complete 
| 457|0x0000000739200000, 0x0000000739400000, 0x0000000739400000|100%| E|CS|TAMS 0x0000000739200000, 0x0000000739200000| Complete 
| 458|0x0000000739400000, 0x0000000739600000, 0x0000000739600000|100%| E|CS|TAMS 0x0000000739400000, 0x0000000739400000| Complete 
| 459|0x0000000739600000, 0x0000000739800000, 0x0000000739800000|100%| E|CS|TAMS 0x0000000739600000, 0x0000000739600000| Complete 

Card table byte_map: [0x0000028cc3d60000,0x0000028cc4560000] _byte_map_base: 0x0000028cc0560000

Marking Bits (Prev, Next): (CMBitMap*) 0x0000028cac9e5e80, (CMBitMap*) 0x0000028cac9e5ec0
 Prev Bits: [0x0000028cc4d60000, 0x0000028cc8d60000)
 Next Bits: [0x0000028cc8d60000, 0x0000028cccd60000)

Polling page: 0x0000028caa8f0000

Metaspace:

Usage:
  Non-class:    107.69 MB used.
      Class:     17.22 MB used.
       Both:    124.91 MB used.

Virtual space:
  Non-class space:      128.00 MB reserved,     109.12 MB ( 85%) committed,  2 nodes.
      Class space:      832.00 MB reserved,      18.38 MB (  2%) committed,  1 nodes.
             Both:      960.00 MB reserved,     127.50 MB ( 13%) committed. 

Chunk freelists:
   Non-Class:  2.26 MB
       Class:  13.57 MB
        Both:  15.84 MB

MaxMetaspaceSize: 1.00 GB
CompressedClassSpaceSize: 832.00 MB
Initial GC threshold: 21.00 MB
Current GC threshold: 212.12 MB
CDS: on
MetaspaceReclaimPolicy: balanced
 - commit_granule_bytes: 65536.
 - commit_granule_words: 8192.
 - virtual_space_node_default_size: 8388608.
 - enlarge_chunks_in_place: 1.
 - new_chunks_are_fully_committed: 0.
 - uncommit_free_chunks: 1.
 - use_allocation_guard: 0.
 - handle_deallocations: 1.


Internal statistics:

num_allocs_failed_limit: 39.
num_arena_births: 3366.
num_arena_deaths: 2.
num_vsnodes_births: 3.
num_vsnodes_deaths: 0.
num_space_committed: 2039.
num_space_uncommitted: 0.
num_chunks_returned_to_freelist: 42.
num_chunks_taken_from_freelist: 9857.
num_chunk_merges: 39.
num_chunk_splits: 6000.
num_chunks_enlarged: 3247.
num_inconsistent_stats: 0.

CodeHeap 'non-profiled nmethods': size=120000Kb used=18454Kb max_used=19158Kb free=101545Kb
 bounds [0x0000028cbbd00000, 0x0000028cbcfc0000, 0x0000028cc3230000]
CodeHeap 'profiled nmethods': size=120000Kb used=35091Kb max_used=36097Kb free=84908Kb
 bounds [0x0000028cb4230000, 0x0000028cb6580000, 0x0000028cbb760000]
CodeHeap 'non-nmethods': size=5760Kb used=2481Kb max_used=2561Kb free=3278Kb
 bounds [0x0000028cbb760000, 0x0000028cbb9f0000, 0x0000028cbbd00000]
 total_blobs=19468 nmethods=18441 adapters=938
 compilation: enabled
              stopped_count=0, restarted_count=0
 full_count=0

Compilation events (20 events):
Event: 71.345 Thread 0x0000028ccf912940 nmethod 23043 0x0000028cbcf9c610 code [0x0000028cbcf9c7a0, 0x0000028cbcf9c878]
Event: 71.347 Thread 0x0000028ccf912940 23044       3       java.lang.Integer::toString (8 bytes)
Event: 71.348 Thread 0x0000028ccf912940 nmethod 23044 0x0000028cb4fbb090 code [0x0000028cb4fbb220, 0x0000028cb4fbb368]
Event: 76.171 Thread 0x0000028ccf912940 23045       3       java.util.stream.FindOps$FindOp::evaluateSequential (39 bytes)
Event: 76.172 Thread 0x0000028ccf912940 nmethod 23045 0x0000028cb49b3710 code [0x0000028cb49b3900, 0x0000028cb49b3f28]
Event: 76.172 Thread 0x0000028ccf912940 23046       3       java.util.stream.FindOps$FindSink::<init> (5 bytes)
Event: 76.172 Thread 0x0000028ccf912940 nmethod 23046 0x0000028cb5055510 code [0x0000028cb50556a0, 0x0000028cb50557f8]
Event: 82.192 Thread 0x0000028ccf912940 23047       3       java.util.stream.FindOps::makeRef (14 bytes)
Event: 82.192 Thread 0x0000028ccf912940 nmethod 23047 0x0000028cb518c210 code [0x0000028cb518c3a0, 0x0000028cb518c518]
Event: 82.192 Thread 0x0000028ccf912940 23048       3       java.util.stream.FindOps$FindSink$OfRef::<init> (5 bytes)
Event: 82.192 Thread 0x0000028ccf912940 nmethod 23048 0x0000028cb5c48010 code [0x0000028cb5c481c0, 0x0000028cb5c48378]
Event: 82.192 Thread 0x0000028ccf912940 23049       3       java.util.stream.FindOps$FindSink$OfRef::get (5 bytes)
Event: 82.193 Thread 0x0000028ccf912940 nmethod 23049 0x0000028cb4f24490 code [0x0000028cb4f24680, 0x0000028cb4f24ba8]
Event: 82.690 Thread 0x0000028ccf912940 23050       3       java.io.FileInputStream::read (9 bytes)
Event: 82.691 Thread 0x0000028ccf912940 nmethod 23050 0x0000028cb588a810 code [0x0000028cb588a9c0, 0x0000028cb588ab08]
Event: 85.722 Thread 0x0000028ccf8f69e0 23051   !   4       java.util.concurrent.LinkedBlockingQueue::poll (128 bytes)
Event: 85.731 Thread 0x0000028ccf8f69e0 nmethod 23051 0x0000028cbce35810 code [0x0000028cbce35a00, 0x0000028cbce366a0]
Event: 85.738 Thread 0x0000028ccf8f69e0 23052       4       org.gradle.launcher.daemon.server.exec.DaemonConnectionBackedEventConsumer$ForwardEvents::moreMessagesToSend (35 bytes)
Event: 85.738 Thread 0x0000028ccf8f69e0 nmethod 23052 0x0000028cbce35390 code [0x0000028cbce35500, 0x0000028cbce355b8]
Event: 91.174 Thread 0x0000028ccf8f69e0 23053       4       javax.management.ObjectName::construct (1135 bytes)

GC Heap History (20 events):
Event: 24.193 GC heap before
{Heap before GC invocations=52 (full 0):
 garbage-first heap   total 737280K, used 604586K [0x0000000700000000, 0x0000000800000000)
  region size 2048K, 126 young (258048K), 11 survivors (22528K)
 Metaspace       used 111651K, committed 113472K, reserved 983040K
  class space    used 15459K, committed 16256K, reserved 851968K
}
Event: 24.207 GC heap after
{Heap after GC invocations=53 (full 0):
 garbage-first heap   total 737280K, used 384672K [0x0000000700000000, 0x0000000800000000)
  region size 2048K, 14 young (28672K), 14 survivors (28672K)
 Metaspace       used 111651K, committed 113472K, reserved 983040K
  class space    used 15459K, committed 16256K, reserved 851968K
}
Event: 24.753 GC heap before
{Heap before GC invocations=53 (full 0):
 garbage-first heap   total 737280K, used 607904K [0x0000000700000000, 0x0000000800000000)
  region size 2048K, 124 young (253952K), 14 survivors (28672K)
 Metaspace       used 112056K, committed 113920K, reserved 983040K
  class space    used 15515K, committed 16320K, reserved 851968K
}
Event: 24.770 GC heap after
{Heap after GC invocations=54 (full 0):
 garbage-first heap   total 737280K, used 398730K [0x0000000700000000, 0x0000000800000000)
  region size 2048K, 16 young (32768K), 16 survivors (32768K)
 Metaspace       used 112056K, committed 113920K, reserved 983040K
  class space    used 15515K, committed 16320K, reserved 851968K
}
Event: 25.080 GC heap before
{Heap before GC invocations=54 (full 0):
 garbage-first heap   total 737280K, used 611722K [0x0000000700000000, 0x0000000800000000)
  region size 2048K, 121 young (247808K), 16 survivors (32768K)
 Metaspace       used 112221K, committed 114112K, reserved 983040K
  class space    used 15538K, committed 16384K, reserved 851968K
}
Event: 25.095 GC heap after
{Heap after GC invocations=55 (full 0):
 garbage-first heap   total 876544K, used 405964K [0x0000000700000000, 0x0000000800000000)
  region size 2048K, 7 young (14336K), 7 survivors (14336K)
 Metaspace       used 112221K, committed 114112K, reserved 983040K
  class space    used 15538K, committed 16384K, reserved 851968K
}
Event: 25.540 GC heap before
{Heap before GC invocations=55 (full 0):
 garbage-first heap   total 876544K, used 704972K [0x0000000700000000, 0x0000000800000000)
  region size 2048K, 154 young (315392K), 7 survivors (14336K)
 Metaspace       used 112533K, committed 114432K, reserved 983040K
  class space    used 15583K, committed 16448K, reserved 851968K
}
Event: 25.552 GC heap after
{Heap after GC invocations=56 (full 0):
 garbage-first heap   total 876544K, used 416840K [0x0000000700000000, 0x0000000800000000)
  region size 2048K, 12 young (24576K), 12 survivors (24576K)
 Metaspace       used 112533K, committed 114432K, reserved 983040K
  class space    used 15583K, committed 16448K, reserved 851968K
}
Event: 26.009 GC heap before
{Heap before GC invocations=56 (full 0):
 garbage-first heap   total 876544K, used 717896K [0x0000000700000000, 0x0000000800000000)
  region size 2048K, 160 young (327680K), 12 survivors (24576K)
 Metaspace       used 112733K, committed 114624K, reserved 983040K
  class space    used 15614K, committed 16448K, reserved 851968K
}
Event: 26.024 GC heap after
{Heap after GC invocations=57 (full 0):
 garbage-first heap   total 876544K, used 428704K [0x0000000700000000, 0x0000000800000000)
  region size 2048K, 15 young (30720K), 15 survivors (30720K)
 Metaspace       used 112733K, committed 114624K, reserved 983040K
  class space    used 15614K, committed 16448K, reserved 851968K
}
Event: 26.970 GC heap before
{Heap before GC invocations=57 (full 0):
 garbage-first heap   total 876544K, used 721568K [0x0000000700000000, 0x0000000800000000)
  region size 2048K, 159 young (325632K), 15 survivors (30720K)
 Metaspace       used 115559K, committed 117696K, reserved 983040K
  class space    used 15969K, committed 16896K, reserved 851968K
}
Event: 26.998 GC heap after
{Heap after GC invocations=58 (full 0):
 garbage-first heap   total 876544K, used 453178K [0x0000000700000000, 0x0000000800000000)
  region size 2048K, 20 young (40960K), 20 survivors (40960K)
 Metaspace       used 115559K, committed 117696K, reserved 983040K
  class space    used 15969K, committed 16896K, reserved 851968K
}
Event: 27.493 GC heap before
{Heap before GC invocations=58 (full 0):
 garbage-first heap   total 876544K, used 522810K [0x0000000700000000, 0x0000000800000000)
  region size 2048K, 55 young (112640K), 20 survivors (40960K)
 Metaspace       used 116649K, committed 118720K, reserved 983040K
  class space    used 16106K, committed 17024K, reserved 851968K
}
Event: 27.515 GC heap after
{Heap after GC invocations=59 (full 0):
 garbage-first heap   total 876544K, used 472203K [0x0000000700000000, 0x0000000800000000)
  region size 2048K, 10 young (20480K), 10 survivors (20480K)
 Metaspace       used 116649K, committed 118720K, reserved 983040K
  class space    used 16106K, committed 17024K, reserved 851968K
}
Event: 29.023 GC heap before
{Heap before GC invocations=60 (full 0):
 garbage-first heap   total 876544K, used 683147K [0x0000000700000000, 0x0000000800000000)
  region size 2048K, 113 young (231424K), 10 survivors (20480K)
 Metaspace       used 124121K, committed 126656K, reserved 983040K
  class space    used 17239K, committed 18368K, reserved 851968K
}
Event: 29.044 GC heap after
{Heap after GC invocations=61 (full 0):
 garbage-first heap   total 876544K, used 496939K [0x0000000700000000, 0x0000000800000000)
  region size 2048K, 13 young (26624K), 13 survivors (26624K)
 Metaspace       used 124121K, committed 126656K, reserved 983040K
  class space    used 17239K, committed 18368K, reserved 851968K
}
Event: 29.102 GC heap before
{Heap before GC invocations=61 (full 0):
 garbage-first heap   total 876544K, used 513323K [0x0000000700000000, 0x0000000800000000)
  region size 2048K, 21 young (43008K), 13 survivors (26624K)
 Metaspace       used 124200K, committed 126784K, reserved 983040K
  class space    used 17258K, committed 18432K, reserved 851968K
}
Event: 29.119 GC heap after
{Heap after GC invocations=62 (full 0):
 garbage-first heap   total 876544K, used 492059K [0x0000000700000000, 0x0000000800000000)
  region size 2048K, 3 young (6144K), 3 survivors (6144K)
 Metaspace       used 124200K, committed 126784K, reserved 983040K
  class space    used 17258K, committed 18432K, reserved 851968K
}
Event: 30.272 GC heap before
{Heap before GC invocations=62 (full 0):
 garbage-first heap   total 876544K, used 703003K [0x0000000700000000, 0x0000000800000000)
  region size 2048K, 103 young (210944K), 3 survivors (6144K)
 Metaspace       used 127569K, committed 130304K, reserved 983040K
  class space    used 17589K, committed 18816K, reserved 851968K
}
Event: 30.285 GC heap after
{Heap after GC invocations=63 (full 0):
 garbage-first heap   total 876544K, used 507904K [0x0000000700000000, 0x0000000800000000)
  region size 2048K, 10 young (20480K), 10 survivors (20480K)
 Metaspace       used 127569K, committed 130304K, reserved 983040K
  class space    used 17589K, committed 18816K, reserved 851968K
}

Deoptimization events (20 events):
Event: 82.690 Thread 0x0000028d0d3bcb60 Uncommon trap: trap_request=0xffffffc6 fr.pc=0x0000028cbc29718c relative=0x000000000000008c
Event: 82.690 Thread 0x0000028d0d3bcb60 Uncommon trap: reason=bimorphic_or_optimized_type_check action=maybe_recompile pc=0x0000028cbc29718c method=org.gradle.internal.logging.sink.OutputEventRenderer.onOutput(Lorg/gradle/internal/logging/events/OutputEvent;)V @ 1 c2
Event: 82.690 Thread 0x0000028d0d3bcb60 DEOPT PACKING pc=0x0000028cbc29718c sp=0x000000f8d2bfea50
Event: 82.690 Thread 0x0000028d0d3bcb60 DEOPT UNPACKING pc=0x0000028cbb7b23a3 sp=0x000000f8d2bfe990 mode 2
Event: 82.690 Thread 0x0000028d0d3bcb60 Uncommon trap: trap_request=0xffffffde fr.pc=0x0000028cbc2981ec relative=0x00000000000006ec
Event: 82.690 Thread 0x0000028d0d3bcb60 Uncommon trap: reason=class_check action=maybe_recompile pc=0x0000028cbc2981ec method=org.gradle.internal.logging.sink.OutputEventTransformer.onOutput(Lorg/gradle/internal/logging/events/OutputEvent;)V @ 215 c2
Event: 82.690 Thread 0x0000028d0d3bcb60 DEOPT PACKING pc=0x0000028cbc2981ec sp=0x000000f8d2bfe960
Event: 82.690 Thread 0x0000028d0d3bcb60 DEOPT UNPACKING pc=0x0000028cbb7b23a3 sp=0x000000f8d2bfe908 mode 2
Event: 82.690 Thread 0x0000028d0d3bcb60 Uncommon trap: trap_request=0xffffffc6 fr.pc=0x0000028cbc29718c relative=0x000000000000008c
Event: 82.690 Thread 0x0000028d0d3bcb60 Uncommon trap: reason=bimorphic_or_optimized_type_check action=maybe_recompile pc=0x0000028cbc29718c method=org.gradle.internal.logging.sink.OutputEventRenderer.onOutput(Lorg/gradle/internal/logging/events/OutputEvent;)V @ 1 c2
Event: 82.690 Thread 0x0000028d0d3bcb60 DEOPT PACKING pc=0x0000028cbc29718c sp=0x000000f8d2bfea50
Event: 82.691 Thread 0x0000028d0d3bcb60 DEOPT UNPACKING pc=0x0000028cbb7b23a3 sp=0x000000f8d2bfe990 mode 2
Event: 82.691 Thread 0x0000028d0d3bcb60 Uncommon trap: trap_request=0xffffffde fr.pc=0x0000028cbc2981ec relative=0x00000000000006ec
Event: 82.691 Thread 0x0000028d0d3bcb60 Uncommon trap: reason=class_check action=maybe_recompile pc=0x0000028cbc2981ec method=org.gradle.internal.logging.sink.OutputEventTransformer.onOutput(Lorg/gradle/internal/logging/events/OutputEvent;)V @ 215 c2
Event: 82.691 Thread 0x0000028d0d3bcb60 DEOPT PACKING pc=0x0000028cbc2981ec sp=0x000000f8d2bfe960
Event: 82.691 Thread 0x0000028d0d3bcb60 DEOPT UNPACKING pc=0x0000028cbb7b23a3 sp=0x000000f8d2bfe908 mode 2
Event: 82.691 Thread 0x0000028d0d3bcb60 Uncommon trap: trap_request=0xffffffc6 fr.pc=0x0000028cbc2962b8 relative=0x0000000000000058
Event: 82.691 Thread 0x0000028d0d3bcb60 Uncommon trap: reason=bimorphic_or_optimized_type_check action=maybe_recompile pc=0x0000028cbc2962b8 method=org.gradle.internal.logging.sink.OutputEventRenderer.onOutput(Lorg/gradle/internal/logging/events/OutputEvent;)V @ 1 c2
Event: 82.691 Thread 0x0000028d0d3bcb60 DEOPT PACKING pc=0x0000028cbc2962b8 sp=0x000000f8d2bfe9f0
Event: 82.691 Thread 0x0000028d0d3bcb60 DEOPT UNPACKING pc=0x0000028cbb7b23a3 sp=0x000000f8d2bfe990 mode 2

Classes unloaded (1 events):
Event: 6.229 Thread 0x0000028ccf7c18a0 Unloading class 0x0000028cd16e0400 'java/lang/invoke/LambdaForm$DMH+0x0000028cd16e0400'

Classes redefined (0 events):
No events

Internal exceptions (20 events):
Event: 29.533 Thread 0x0000028d0c8498e0 Exception <a 'sun/nio/fs/WindowsException'{0x000000072ff17680}> (0x000000072ff17680) 
thrown [s\open\src\hotspot\share\prims\jni.cpp, line 516]
Event: 29.533 Thread 0x0000028d0c8498e0 Exception <a 'sun/nio/fs/WindowsException'{0x000000072ff1a7e8}> (0x000000072ff1a7e8) 
thrown [s\open\src\hotspot\share\prims\jni.cpp, line 516]
Event: 29.533 Thread 0x0000028d0c8498e0 Exception <a 'sun/nio/fs/WindowsException'{0x000000072ff1add0}> (0x000000072ff1add0) 
thrown [s\open\src\hotspot\share\prims\jni.cpp, line 516]
Event: 29.534 Thread 0x0000028d0c8498e0 Exception <a 'sun/nio/fs/WindowsException'{0x000000072ff1fd78}> (0x000000072ff1fd78) 
thrown [s\open\src\hotspot\share\prims\jni.cpp, line 516]
Event: 29.534 Thread 0x0000028d0c8498e0 Exception <a 'sun/nio/fs/WindowsException'{0x000000072ff1ff88}> (0x000000072ff1ff88) 
thrown [s\open\src\hotspot\share\prims\jni.cpp, line 516]
Event: 29.534 Thread 0x0000028d0c8498e0 Exception <a 'sun/nio/fs/WindowsException'{0x000000072ff23178}> (0x000000072ff23178) 
thrown [s\open\src\hotspot\share\prims\jni.cpp, line 516]
Event: 29.534 Thread 0x0000028d0c8498e0 Exception <a 'sun/nio/fs/WindowsException'{0x000000072ff23220}> (0x000000072ff23220) 
thrown [s\open\src\hotspot\share\prims\jni.cpp, line 516]
Event: 29.534 Thread 0x0000028d0c8498e0 Exception <a 'sun/nio/fs/WindowsException'{0x000000072ff27c20}> (0x000000072ff27c20) 
thrown [s\open\src\hotspot\share\prims\jni.cpp, line 516]
Event: 29.534 Thread 0x0000028d0c8498e0 Exception <a 'sun/nio/fs/WindowsException'{0x000000072ff28088}> (0x000000072ff28088) 
thrown [s\open\src\hotspot\share\prims\jni.cpp, line 516]
Event: 29.534 Thread 0x0000028d0c8498e0 Exception <a 'sun/nio/fs/WindowsException'{0x000000072ff2b2c0}> (0x000000072ff2b2c0) 
thrown [s\open\src\hotspot\share\prims\jni.cpp, line 516]
Event: 29.534 Thread 0x0000028d0c8498e0 Exception <a 'sun/nio/fs/WindowsException'{0x000000072ff2b4f0}> (0x000000072ff2b4f0) 
thrown [s\open\src\hotspot\share\prims\jni.cpp, line 516]
Event: 29.719 Thread 0x0000028d0c8498e0 Exception <a 'java/lang/NoSuchMethodError'{0x000000072dc32d28}: 'java.lang.Object java.lang.invoke.DirectMethodHandle$Holder.invokeSpecial(java.lang.Object, java.lang.Object, java.lang.Object, java.lang.Object, long)'> (0x000000072dc32d28) 
thrown [s\open\src\hotspot\share\interpreter\linkResolver.cpp, line 759]
Event: 29.719 Thread 0x0000028d0c8498e0 Exception <a 'java/lang/NoSuchMethodError'{0x000000072dc37f30}: 'java.lang.Object java.lang.invoke.Invokers$Holder.linkToTargetMethod(java.lang.Object, java.lang.Object, long, java.lang.Object)'> (0x000000072dc37f30) 
thrown [s\open\src\hotspot\share\interpreter\linkResolver.cpp, line 759]
Event: 29.751 Thread 0x0000028d0c8498e0 Implicit null exception at 0x0000028cbc5a2e80 to 0x0000028cbc5a40e0
Event: 29.761 Thread 0x0000028d09d70920 Implicit null exception at 0x0000028cbc7fc4cc to 0x0000028cbc803bd4
Event: 29.997 Thread 0x0000028d0c8498e0 Implicit null exception at 0x0000028cbc1df3a0 to 0x0000028cbc1df5cc
Event: 30.899 Thread 0x0000028d0c8498e0 Exception <a 'java/lang/NoSuchMethodError'{0x000000073054f170}: 'java.lang.Object java.lang.invoke.DirectMethodHandle$Holder.invokeInterface(java.lang.Object, java.lang.Object, int)'> (0x000000073054f170) 
thrown [s\open\src\hotspot\share\interpreter\linkResolver.cpp, line 759]
Event: 30.935 Thread 0x0000028d0f9c3f80 Exception <a 'java/lang/NoSuchMethodError'{0x000000073008d8e0}: 'void java.lang.invoke.DirectMethodHandle$Holder.invokeStatic(java.lang.Object, long)'> (0x000000073008d8e0) 
thrown [s\open\src\hotspot\share\interpreter\linkResolver.cpp, line 759]
Event: 30.936 Thread 0x0000028d0f9c3f80 Exception <a 'java/lang/NoSuchMethodError'{0x0000000730098680}: 'java.lang.Object java.lang.invoke.DirectMethodHandle$Holder.invokeStatic(java.lang.Object, java.lang.Object, long, java.lang.Object)'> (0x0000000730098680) 
thrown [s\open\src\hotspot\share\interpreter\linkResolver.cpp, line 759]
Event: 30.936 Thread 0x0000028d0f9c3f80 Exception <a 'java/lang/NoSuchMethodError'{0x000000073009be58}: 'java.lang.Object java.lang.invoke.DirectMethodHandle$Holder.invokeStaticInit(java.lang.Object, java.lang.Object, long, java.lang.Object)'> (0x000000073009be58) 
thrown [s\open\src\hotspot\share\interpreter\linkResolver.cpp, line 759]

VM Operations (20 events):
Event: 30.911 Executing VM operation: HandshakeAllThreads
Event: 30.912 Executing VM operation: HandshakeAllThreads done
Event: 30.939 Executing VM operation: HandshakeAllThreads
Event: 30.939 Executing VM operation: HandshakeAllThreads done
Event: 31.940 Executing VM operation: Cleanup
Event: 31.940 Executing VM operation: Cleanup done
Event: 47.093 Executing VM operation: Cleanup
Event: 47.093 Executing VM operation: Cleanup done
Event: 60.162 Executing VM operation: HandshakeAllThreads
Event: 60.162 Executing VM operation: HandshakeAllThreads done
Event: 77.346 Executing VM operation: Cleanup
Event: 77.346 Executing VM operation: Cleanup done
Event: 82.689 Executing VM operation: HandshakeAllThreads
Event: 82.689 Executing VM operation: HandshakeAllThreads done
Event: 82.689 Executing VM operation: Cleanup
Event: 82.689 Executing VM operation: Cleanup done
Event: 83.700 Executing VM operation: Cleanup
Event: 83.700 Executing VM operation: Cleanup done
Event: 86.734 Executing VM operation: Cleanup
Event: 86.734 Executing VM operation: Cleanup done

Events (20 events):
Event: 29.848 Thread 0x0000028ccf9207d0 flushing nmethod 0x0000028cb6493510
Event: 29.848 Thread 0x0000028ccf9207d0 flushing nmethod 0x0000028cb6493f10
Event: 29.848 Thread 0x0000028ccf9207d0 flushing nmethod 0x0000028cb64e1b90
Event: 30.351 Thread 0x0000028d180545b0 Thread exited: 0x0000028d180545b0
Event: 30.351 Thread 0x0000028d17404860 Thread exited: 0x0000028d17404860
Event: 30.873 Thread 0x0000028d167a6450 Thread added: 0x0000028d167a6450
Event: 30.922 Thread 0x0000028d0f9c3f80 Thread added: 0x0000028d0f9c3f80
Event: 30.924 loading class java/lang/ProcessImpl
Event: 30.924 loading class java/lang/ProcessImpl done
Event: 30.935 loading class java/lang/ProcessHandleImpl
Event: 30.935 loading class java/lang/ProcessHandleImpl done
Event: 30.936 loading class java/lang/ProcessImpl$2
Event: 30.937 loading class java/lang/ProcessImpl$2 done
Event: 30.937 loading class java/lang/Process$PipeInputStream
Event: 30.937 loading class java/lang/Process$PipeInputStream done
Event: 30.939 loading class jdk/internal/event/ProcessStartEvent
Event: 30.939 loading class jdk/internal/event/ProcessStartEvent done
Event: 30.940 Thread 0x0000028d0d3bcb60 Thread added: 0x0000028d0d3bcb60
Event: 30.940 Thread 0x0000028d0d3beed0 Thread added: 0x0000028d0d3beed0
Event: 31.175 Thread 0x0000028d167a6450 Thread exited: 0x0000028d167a6450


Dynamic libraries:
0x00007ff7e2e90000 - 0x00007ff7e2ea0000 	C:\Program Files\Java\jdk-17\bin\java.exe
0x00007fff61900000 - 0x00007fff61b67000 	C:\WINDOWS\SYSTEM32\ntdll.dll
0x00007fff61180000 - 0x00007fff61249000 	C:\WINDOWS\System32\KERNEL32.DLL
0x00007fff5e5f0000 - 0x00007fff5e9e4000 	C:\WINDOWS\System32\KERNELBASE.dll
0x00007fff5eaa0000 - 0x00007fff5ebeb000 	C:\WINDOWS\System32\ucrtbase.dll
0x00007fff38040000 - 0x00007fff38059000 	C:\Program Files\Java\jdk-17\bin\jli.dll
0x00007fff60490000 - 0x00007fff60546000 	C:\WINDOWS\System32\ADVAPI32.dll
0x00007fff60800000 - 0x00007fff608a9000 	C:\WINDOWS\System32\msvcrt.dll
0x00007fff617e0000 - 0x00007fff61887000 	C:\WINDOWS\System32\sechost.dll
0x00007fff5fa80000 - 0x00007fff5fb98000 	C:\WINDOWS\System32\RPCRT4.dll
0x00007fff61250000 - 0x00007fff61415000 	C:\WINDOWS\System32\USER32.dll
0x00007fff5e510000 - 0x00007fff5e537000 	C:\WINDOWS\System32\win32u.dll
0x00007fff606c0000 - 0x00007fff606eb000 	C:\WINDOWS\System32\GDI32.dll
0x00007fff5e3e0000 - 0x00007fff5e50b000 	C:\WINDOWS\System32\gdi32full.dll
0x00007fff5e540000 - 0x00007fff5e5e3000 	C:\WINDOWS\System32\msvcp_win.dll
0x00007fff38020000 - 0x00007fff3803b000 	C:\Program Files\Java\jdk-17\bin\VCRUNTIME140.dll
0x00007fff50140000 - 0x00007fff503d3000 	C:\WINDOWS\WinSxS\amd64_microsoft.windows.common-controls_6595b64144ccf1df_6.0.26100.8115_none_3e075c82e3354f9c\COMCTL32.dll
0x00007fff58240000 - 0x00007fff5824b000 	C:\WINDOWS\SYSTEM32\VERSION.dll
0x00007fff5fc30000 - 0x00007fff5fc62000 	C:\WINDOWS\System32\IMM32.DLL
0x00007fff38010000 - 0x00007fff3801c000 	C:\Program Files\Java\jdk-17\bin\vcruntime140_1.dll
0x00007fff37f80000 - 0x00007fff3800e000 	C:\Program Files\Java\jdk-17\bin\msvcp140.dll
0x00007ffec5270000 - 0x00007ffec5e50000 	C:\Program Files\Java\jdk-17\bin\server\jvm.dll
0x00007fff60100000 - 0x00007fff60108000 	C:\WINDOWS\System32\PSAPI.DLL
0x00007fff387d0000 - 0x00007fff387da000 	C:\WINDOWS\SYSTEM32\WSOCK32.dll
0x00007fff5fba0000 - 0x00007fff5fc20000 	C:\WINDOWS\System32\WS2_32.dll
0x00007fff55310000 - 0x00007fff55346000 	C:\WINDOWS\SYSTEM32\WINMM.dll
0x00007fff5cf20000 - 0x00007fff5cf3b000 	C:\WINDOWS\SYSTEM32\kernel.appcore.dll
0x00007fff37f70000 - 0x00007fff37f7a000 	C:\Program Files\Java\jdk-17\bin\jimage.dll
0x00007fff50ee0000 - 0x00007fff51122000 	C:\WINDOWS\SYSTEM32\DBGHELP.DLL
0x00007fff5f690000 - 0x00007fff5fa12000 	C:\WINDOWS\System32\combase.dll
0x00007fff60720000 - 0x00007fff607f8000 	C:\WINDOWS\System32\OLEAUT32.dll
0x00007fff50dd0000 - 0x00007fff50e0b000 	C:\WINDOWS\SYSTEM32\dbgcore.DLL
0x00007fff5e9f0000 - 0x00007fff5ea95000 	C:\WINDOWS\System32\bcryptPrimitives.dll
0x00007fff599f0000 - 0x00007fff599fe000 	C:\Program Files\Java\jdk-17\bin\instrument.dll
0x00007fff37750000 - 0x00007fff37775000 	C:\Program Files\Java\jdk-17\bin\java.dll
0x00007fff350b0000 - 0x00007fff35187000 	C:\Program Files\Java\jdk-17\bin\jsvml.dll
0x00007fff60980000 - 0x00007fff610e7000 	C:\WINDOWS\System32\SHELL32.dll
0x00007fff5ecb0000 - 0x00007fff5ee1a000 	C:\WINDOWS\System32\wintypes.dll
0x00007fff5ee20000 - 0x00007fff5f688000 	C:\WINDOWS\System32\windows.storage.dll
0x00007fff616e0000 - 0x00007fff617d8000 	C:\WINDOWS\System32\SHCORE.dll
0x00007fff61520000 - 0x00007fff61586000 	C:\WINDOWS\System32\shlwapi.dll
0x00007fff5e0f0000 - 0x00007fff5e119000 	C:\WINDOWS\SYSTEM32\profapi.dll
0x00007fff37f40000 - 0x00007fff37f58000 	C:\Program Files\Java\jdk-17\bin\zip.dll
0x00007fff35090000 - 0x00007fff350a9000 	C:\Program Files\Java\jdk-17\bin\net.dll
0x00007fff58110000 - 0x00007fff5823d000 	C:\WINDOWS\SYSTEM32\WINHTTP.dll
0x00007fff5d470000 - 0x00007fff5d4dc000 	C:\WINDOWS\system32\mswsock.dll
0x00007fff32a10000 - 0x00007fff32a26000 	C:\Program Files\Java\jdk-17\bin\nio.dll
0x00007fff37740000 - 0x00007fff37750000 	C:\Program Files\Java\jdk-17\bin\verify.dll
0x00007fff2df80000 - 0x00007fff2dfa7000 	C:\Users\Inurum_Four\.gradle\native\1def1411415f61bf3af743bc5b6707747c0891f09f0c88961ee8f79bc544acac\windows-amd64\native-platform.dll
0x00007ffed69a0000 - 0x00007ffed6a18000 	C:\Users\Inurum_Four\.gradle\native\0.2.7\x86_64-windows-gnu\gradle-fileevents.dll
0x00007fff36670000 - 0x00007fff3667a000 	C:\Program Files\Java\jdk-17\bin\management.dll
0x00007fff356c0000 - 0x00007fff356cb000 	C:\Program Files\Java\jdk-17\bin\management_ext.dll
0x00007fff5c900000 - 0x00007fff5c932000 	C:\WINDOWS\SYSTEM32\IPHLPAPI.DLL
0x00007fff60550000 - 0x00007fff6055a000 	C:\WINDOWS\System32\NSI.dll
0x00007fff58400000 - 0x00007fff5841d000 	C:\WINDOWS\SYSTEM32\dhcpcsvc6.DLL
0x00007fff58250000 - 0x00007fff58275000 	C:\WINDOWS\SYSTEM32\dhcpcsvc.DLL
0x00007fff5c940000 - 0x00007fff5ca72000 	C:\WINDOWS\SYSTEM32\DNSAPI.dll
0x00007fff5d870000 - 0x00007fff5d88b000 	C:\WINDOWS\SYSTEM32\CRYPTSP.dll
0x00007fff5ce80000 - 0x00007fff5ceb9000 	C:\WINDOWS\system32\rsaenh.dll
0x00007fff5d520000 - 0x00007fff5d553000 	C:\WINDOWS\SYSTEM32\USERENV.dll
0x00007fff5e0c0000 - 0x00007fff5e0ea000 	C:\WINDOWS\SYSTEM32\bcrypt.dll
0x00007fff5d6d0000 - 0x00007fff5d6dc000 	C:\WINDOWS\SYSTEM32\CRYPTBASE.dll
0x00007fff3a3e0000 - 0x00007fff3a3ee000 	C:\Program Files\Java\jdk-17\bin\sunmscapi.dll
0x00007fff5e260000 - 0x00007fff5e3d7000 	C:\WINDOWS\System32\CRYPT32.dll
0x00007fff5d9d0000 - 0x00007fff5da00000 	C:\WINDOWS\SYSTEM32\ncrypt.dll
0x00007fff5d980000 - 0x00007fff5d9bf000 	C:\WINDOWS\SYSTEM32\NTASN1.dll
0x00007fff36680000 - 0x00007fff36688000 	C:\WINDOWS\system32\wshunix.dll

dbghelp: loaded successfully - version: 4.0.5 - missing functions: none
symbol engine: initialized successfully - sym options: 0x614 - pdb path: .;C:\Program Files\Java\jdk-17\bin;C:\WINDOWS\SYSTEM32;C:\WINDOWS\WinSxS\amd64_microsoft.windows.common-controls_6595b64144ccf1df_6.0.26100.8115_none_3e075c82e3354f9c;C:\Program Files\Java\jdk-17\bin\server;C:\Users\Inurum_Four\.gradle\native\1def1411415f61bf3af743bc5b6707747c0891f09f0c88961ee8f79bc544acac\windows-amd64;C:\Users\Inurum_Four\.gradle\native\0.2.7\x86_64-windows-gnu

VM Arguments:
jvm_args: --add-opens=java.base/java.lang=ALL-UNNAMED --add-opens=java.base/java.lang.invoke=ALL-UNNAMED --add-opens=java.base/java.util=ALL-UNNAMED --add-opens=java.prefs/java.util.prefs=ALL-UNNAMED --add-exports=jdk.compiler/com.sun.tools.javac.api=ALL-UNNAMED --add-exports=jdk.compiler/com.sun.tools.javac.util=ALL-UNNAMED --add-opens=java.base/java.util=ALL-UNNAMED --add-opens=java.prefs/java.util.prefs=ALL-UNNAMED --add-opens=java.base/java.nio.charset=ALL-UNNAMED --add-opens=java.base/java.net=ALL-UNNAMED --add-opens=java.base/java.util.concurrent.atomic=ALL-UNNAMED --add-opens=java.xml/javax.xml.namespace=ALL-UNNAMED -XX:MaxMetaspaceSize=1G -Xmx4G -Dfile.encoding=UTF-8 -Duser.country=IN -Duser.language=en -Duser.variant -javaagent:C:\Users\Inurum_Four\.gradle\wrapper\dists\gradle-8.14-all\c2qonpi39x1mddn7hk5gh9iqj\gradle-8.14\lib\agents\gradle-instrumentation-agent-8.14.jar 
java_command: org.gradle.launcher.daemon.bootstrap.GradleDaemon 8.14
java_class_path (initial): C:\Users\Inurum_Four\.gradle\wrapper\dists\gradle-8.14-all\c2qonpi39x1mddn7hk5gh9iqj\gradle-8.14\lib\gradle-daemon-main-8.14.jar
Launcher Type: SUN_STANDARD

[Global flags]
     intx CICompilerCount                          = 4                                         {product} {ergonomic}
   size_t CompressedClassSpaceSize                 = 872415232                                 {product} {ergonomic}
     uint ConcGCThreads                            = 2                                         {product} {ergonomic}
     uint G1ConcRefinementThreads                  = 8                                         {product} {ergonomic}
   size_t G1HeapRegionSize                         = 2097152                                   {product} {ergonomic}
    uintx GCDrainStackTargetSize                   = 64                                        {product} {ergonomic}
   size_t InitialHeapSize                          = 266338304                                 {product} {ergonomic}
   size_t MarkStackSize                            = 4194304                                   {product} {ergonomic}
   size_t MaxHeapSize                              = 4294967296                                {product} {command line}
   size_t MaxMetaspaceSize                         = 1073741824                                {product} {command line}
   size_t MaxNewSize                               = 2575302656                                {product} {ergonomic}
   size_t MinHeapDeltaBytes                        = 2097152                                   {product} {ergonomic}
   size_t MinHeapSize                              = 8388608                                   {product} {ergonomic}
    uintx NonNMethodCodeHeapSize                   = 5839372                                {pd product} {ergonomic}
    uintx NonProfiledCodeHeapSize                  = 122909434                              {pd product} {ergonomic}
    uintx ProfiledCodeHeapSize                     = 122909434                              {pd product} {ergonomic}
    uintx ReservedCodeCacheSize                    = 251658240                              {pd product} {ergonomic}
     bool SegmentedCodeCache                       = true                                      {product} {ergonomic}
   size_t SoftMaxHeapSize                          = 4294967296                             {manageable} {ergonomic}
     bool UseCompressedClassPointers               = true                           {product lp64_product} {ergonomic}
     bool UseCompressedOops                        = true                           {product lp64_product} {ergonomic}
     bool UseG1GC                                  = true                                      {product} {ergonomic}
     bool UseLargePagesIndividualAllocation        = false                                  {pd product} {ergonomic}

Logging:
Log output configuration:
 #0: stdout all=warning uptime,level,tags
 #1: stderr all=off uptime,level,tags

Environment Variables:
JAVA_HOME=C:\Program Files\Java\jdk-17
CLASSPATH=D:\InurumFlutter\mg\driver-and-customer\mahilasaarthi\driver\android\\gradle\wrapper\gradle-wrapper.jar
PATH=C:\Program Files\Java\jdk-17\bin;C:\src\flutter\bin\;C:\Program Files\Common Files\Oracle\Java\javapath;C:\WINDOWS\system32;C:\WINDOWS;C:\WINDOWS\System32\Wbem;C:\WINDOWS\System32\WindowsPowerShell\v1.0\;C:\WINDOWS\System32\OpenSSH\;C:\src\flutter\bin;C:\Program Files\Git\cmd;C:\Users\Inurum_Four\AppData\Roaming\npm;C:\Program Files\nodejs\;C:\Users\Inurum_Four\AppData\Local\Programs\Python\Python311\Scripts\;C:\Users\Inurum_Four\AppData\Local\Programs\Python\Python311\;C:\Users\Inurum_Four\AppData\Local\Programs\Python\Python314\Scripts\;C:\Users\Inurum_Four\AppData\Local\Programs\Python\Python314\;C:\Users\Inurum_Four\AppData\Local\Microsoft\WindowsApps;C:\src\flutter\bin;C:\Users\Inurum_Four\AppData\Local\Programs\Microsoft VS Code\bin;C:\Program Files\nodejs\;C:\Users\Inurum_Four\AppData\Local\Pub\Cache\bin;C:\Users\Inurum_Four\AppData\Roaming\npm;C:\Users\Inurum_Four\AppData\Local\Programs\Antigravity\bin;C:\Program Files\SDCC\bin;C:\Users\Inurum_Four\AppData\Local\Programs\Antigravity IDE\bin;C:\Users\Inurum_Four\AppData\Local\GitHubDesktop\bin;c:\Users\Inurum_Four\.antigravity\extensions\vscjava.vscode-java-debug-0.59.0-universal\bundled\scripts\noConfigScripts;c:\Users\Inurum_Four\.antigravity\extensions\ms-python.debugpy-2026.6.0-win32-x64\bundled\scripts\noConfigScripts;C:\src\flutter\bin\mingit\cmd
USERNAME=Inurum_Four
LANG=en_US.UTF-8
OS=Windows_NT
PROCESSOR_IDENTIFIER=Intel64 Family 6 Model 151 Stepping 5, GenuineIntel



---------------  S Y S T E M  ---------------

OS:
 Windows 11 , 64 bit Build 26100 (10.0.26100.8246)
OS uptime: 0 days 4:07 hours
Hyper-V role detected

CPU: total 8 (initial active 8) (4 cores per cpu, 2 threads per core) family 6 model 151 stepping 5 microcode 0x18, cx8, cmov, fxsr, ht, mmx, 3dnowpref, sse, sse2, sse3, ssse3, sse4.1, sse4.2, popcnt, lzcnt, tsc, tscinvbit, avx, avx2, aes, erms, clmul, bmi1, bmi2, adx, sha, fma, vzeroupper, clflush, clflushopt, clwb, hv

Memory: 4k page, system-wide physical 16197M (1202M free)
TotalPageFile size 30085M (AvailPageFile size 2M)
current process WorkingSet (physical memory assigned to process): 1318M, peak: 1318M
current process commit charge ("private bytes"): 1367M, peak: 1368M

vm_info: Java HotSpot(TM) 64-Bit Server VM (17.0.12+8-LTS-286) for windows-amd64 JRE (17.0.12+8-LTS-286), built on Jun  5 2024 06:46:59 by "mach5one" with MS VC++ 17.6 (VS2022)

END.
