#
# There is insufficient memory for the Java Runtime Environment to continue.
# Native memory allocation (malloc) failed to allocate 1254896 bytes for Chunk::new
# Possible reasons:
#   The system is out of physical RAM or swap space
#   The process is running with CompressedOops enabled, and the Java Heap may be blocking the growth of the native heap
# Possible solutions:
#   Reduce memory load on the system
#   Increase physical memory or swap space
#   Check if swap backing store is full
#   Decrease Java heap size (-Xmx/-Xms)
#   Decrease number of Java threads
#   Decrease Java thread stack sizes (-Xss)
#   Set larger code cache with -XX:ReservedCodeCacheSize=
#   JVM is running with Zero Based Compressed Oops mode in which the Java heap is
#     placed in the first 32GB address space. The Java Heap base address is the
#     maximum limit for the native heap growth. Please use -XX:HeapBaseMinAddress
#     to set the Java Heap base and to place the Java Heap above 32GB virtual address.
# This output file may be truncated or incomplete.
#
#  Out of Memory Error (arena.cpp:189), pid=18028, tid=7672
#
# JRE version: Java(TM) SE Runtime Environment (17.0.12+8) (build 17.0.12+8-LTS-286)
# Java VM: Java HotSpot(TM) 64-Bit Server VM (17.0.12+8-LTS-286, mixed mode, sharing, tiered, compressed oops, compressed class ptrs, g1 gc, windows-amd64)
# No core dump will be written. Minidumps are not enabled by default on client versions of Windows
#

---------------  S U M M A R Y ------------

Command Line: --add-opens=java.base/java.lang=ALL-UNNAMED --add-opens=java.base/java.lang.invoke=ALL-UNNAMED --add-opens=java.base/java.util=ALL-UNNAMED --add-opens=java.prefs/java.util.prefs=ALL-UNNAMED --add-exports=jdk.compiler/com.sun.tools.javac.api=ALL-UNNAMED --add-exports=jdk.compiler/com.sun.tools.javac.util=ALL-UNNAMED --add-opens=java.base/java.util=ALL-UNNAMED --add-opens=java.prefs/java.util.prefs=ALL-UNNAMED --add-opens=java.base/java.nio.charset=ALL-UNNAMED --add-opens=java.base/java.net=ALL-UNNAMED --add-opens=java.base/java.util.concurrent.atomic=ALL-UNNAMED --add-opens=java.xml/javax.xml.namespace=ALL-UNNAMED -XX:MaxMetaspaceSize=1G -Xmx4G -Dfile.encoding=UTF-8 -Duser.country=IN -Duser.language=en -Duser.variant -javaagent:C:\Users\Inurum_Four\.gradle\wrapper\dists\gradle-8.14-all\c2qonpi39x1mddn7hk5gh9iqj\gradle-8.14\lib\agents\gradle-instrumentation-agent-8.14.jar org.gradle.launcher.daemon.bootstrap.GradleDaemon 8.14

Host: 12th Gen Intel(R) Core(TM) i3-12100F, 8 cores, 15G,  Windows 11 , 64 bit Build 26100 (10.0.26100.8246)
Time: Tue Aug 25 16:40:36 2026 India Standard Time elapsed time: 85.090929 seconds (0d 0h 1m 25s)

---------------  T H R E A D  ---------------

Current thread (0x000002302978b540):  JavaThread "C2 CompilerThread0" daemon [_thread_in_native, id=7672, stack(0x000000b24ef00000,0x000000b24f000000)]


Current CompileTask:
C2:  85091 18022       4       org.gradle.internal.snapshot.RegularFileSnapshot::accept (8 bytes)

Stack: [0x000000b24ef00000,0x000000b24f000000]
Native frames: (J=compiled Java code, j=interpreted, Vv=VM code, C=native code)
V  [jvm.dll+0x67a04a]
V  [jvm.dll+0x7da4ed]
V  [jvm.dll+0x7dbe33]
V  [jvm.dll+0x7dc4a3]
V  [jvm.dll+0x24508f]
V  [jvm.dll+0xab773]
V  [jvm.dll+0xabd3c]
V  [jvm.dll+0x361b9f]
V  [jvm.dll+0x32c431]
V  [jvm.dll+0x32b8ca]
V  [jvm.dll+0x21683f]
V  [jvm.dll+0x215c6f]
V  [jvm.dll+0x1a2960]
V  [jvm.dll+0x22610b]
V  [jvm.dll+0x2242ab]
V  [jvm.dll+0x79075c]
V  [jvm.dll+0x78abea]
V  [jvm.dll+0x678f35]
C  [ucrtbase.dll+0x37b0]
C  [KERNEL32.DLL+0x2e8d7]
C  [ntdll.dll+0x8c3fc]


---------------  P R O C E S S  ---------------

Threads class SMR info:
_java_thread_list=0x00000230677cf230, length=139, elements={
0x0000023004a86b50, 0x0000023029771d20, 0x00000230297727f0, 0x0000023029786ab0,
0x0000023029787380, 0x0000023029787c50, 0x0000023029788930, 0x000002302978b540,
0x000002302978be50, 0x0000023029794770, 0x0000023029a3b820, 0x0000023029a38580,
0x0000023029a38a90, 0x0000023029a3a3e0, 0x0000023029a399c0, 0x0000023029a3ae00,
0x0000023029a39ed0, 0x0000023029a38fa0, 0x0000023029a3b310, 0x0000023029a3a8f0,
0x0000023029a3bd30, 0x0000023064ba7070, 0x0000023064ba6140, 0x0000023064ba7580,
0x0000023064ba5210, 0x0000023064ba6650, 0x0000023064ba7a90, 0x0000023064ba84b0,
0x0000023064ba89c0, 0x0000023064ba8ed0, 0x0000023064ba5c30, 0x0000023064bac680,
0x0000023064baa310, 0x0000023064babc60, 0x0000023064baad30, 0x0000023064bab240,
0x0000023064bab750, 0x0000023064bac170, 0x0000023064bacb90, 0x00000230650d3ea0,
0x00000230650d6720, 0x00000230650d7140, 0x00000230650d48c0, 0x00000230650d52e0,
0x00000230650d7650, 0x00000230650d5d00, 0x00000230650d7b60, 0x00000230650d57f0,
0x00000230650d4dd0, 0x00000230650d6210, 0x00000230650d6c30, 0x00000230650d43b0,
0x00000230650da3e0, 0x00000230650d8a90, 0x00000230650db820, 0x00000230650da8f0,
0x00000230650d8070, 0x00000230650d99c0, 0x00000230650d8fa0, 0x0000023065e9b6b0,
0x0000023065e9ac90, 0x0000023065e9a780, 0x0000023065e99850, 0x0000023065e99d60,
0x0000023065e9b1a0, 0x0000023065e9bbc0, 0x0000023065e98920, 0x0000023065e9c0d0,
0x0000023065e98e30, 0x0000023065e99340, 0x0000023063fc8980, 0x0000023063fc56e0,
0x0000023063fc8e90, 0x0000023063fc6100, 0x0000023063fc6b20, 0x0000023063fc5bf0,
0x0000023063fc93a0, 0x0000023063fc8470, 0x0000023063fc7030, 0x0000023063fc7540,
0x0000023063fc6610, 0x0000023063fc9dc0, 0x0000023063fc7a50, 0x0000023063fca2d0,
0x0000023063fcb200, 0x0000023063fca7e0, 0x0000023063fcacf0, 0x0000023063fcb710,
0x0000023063fc7f60, 0x0000023063fcbc20, 0x0000023063fcc130, 0x0000023063fcc640,
0x0000023063fc98b0, 0x0000023066616b60, 0x00000230666184b0, 0x0000023066614d00,
0x0000023066615210, 0x0000023066615c30, 0x0000023066617070, 0x0000023066618ed0,
0x0000023066617a90, 0x0000023066615720, 0x00000230666193e0, 0x0000023066617fa0,
0x0000023066617580, 0x00000230666189c0, 0x00000230666198f0, 0x0000023066616140,
0x0000023066619e00, 0x0000023066616650, 0x000002306661a310, 0x000002306661b240,
0x000002306661c680, 0x000002306661ad30, 0x000002306661bc60, 0x000002306661c170,
0x000002306661b750, 0x0000023029a394b0, 0x00000230650d8580, 0x0000023064035690,
0x0000023064034760, 0x0000023064034c70, 0x0000023064035180, 0x0000023064035ba0,
0x0000023064033320, 0x00000230640360b0, 0x0000023064034250, 0x00000230640365c0,
0x0000023064036ad0, 0x0000023064036fe0, 0x0000023064033830, 0x00000230640374f0,
0x0000023064033d40, 0x0000023064037f10, 0x000002306969a350, 0x000002306969ea30,
0x000002306969f960, 0x0000023064ed8540, 0x0000023064ed8a90
}

Java Threads: ( => current thread )
  0x0000023004a86b50 JavaThread "main" [_thread_blocked, id=10816, stack(0x000000b24e200000,0x000000b24e300000)]
  0x0000023029771d20 JavaThread "Reference Handler" daemon [_thread_blocked, id=14080, stack(0x000000b24e900000,0x000000b24ea00000)]
  0x00000230297727f0 JavaThread "Finalizer" daemon [_thread_blocked, id=15012, stack(0x000000b24ea00000,0x000000b24eb00000)]
  0x0000023029786ab0 JavaThread "Signal Dispatcher" daemon [_thread_blocked, id=7904, stack(0x000000b24eb00000,0x000000b24ec00000)]
  0x0000023029787380 JavaThread "Attach Listener" daemon [_thread_blocked, id=13628, stack(0x000000b24ec00000,0x000000b24ed00000)]
  0x0000023029787c50 JavaThread "Service Thread" daemon [_thread_blocked, id=13824, stack(0x000000b24ed00000,0x000000b24ee00000)]
  0x0000023029788930 JavaThread "Monitor Deflation Thread" daemon [_thread_blocked, id=5248, stack(0x000000b24ee00000,0x000000b24ef00000)]
=>0x000002302978b540 JavaThread "C2 CompilerThread0" daemon [_thread_in_native, id=7672, stack(0x000000b24ef00000,0x000000b24f000000)]
  0x000002302978be50 JavaThread "C1 CompilerThread0" daemon [_thread_blocked, id=5772, stack(0x000000b24f000000,0x000000b24f100000)]
  0x0000023029794770 JavaThread "Sweeper thread" daemon [_thread_blocked, id=16380, stack(0x000000b24f100000,0x000000b24f200000)]
  0x0000023029a3b820 JavaThread "Common-Cleaner" daemon [_thread_blocked, id=4740, stack(0x000000b24f200000,0x000000b24f300000)]
  0x0000023029a38580 JavaThread "Notification Thread" daemon [_thread_blocked, id=20864, stack(0x000000b24f300000,0x000000b24f400000)]
  0x0000023029a38a90 JavaThread "Daemon health stats" [_thread_blocked, id=19524, stack(0x000000b24fd00000,0x000000b24fe00000)]
  0x0000023029a3a3e0 JavaThread "Incoming local TCP Connector on port 62178" [_thread_in_native, id=6092, stack(0x000000b24fe00000,0x000000b24ff00000)]
  0x0000023029a399c0 JavaThread "Daemon periodic checks" [_thread_blocked, id=2788, stack(0x000000b24ff00000,0x000000b250000000)]
  0x0000023029a3ae00 JavaThread "Daemon" [_thread_blocked, id=6492, stack(0x000000b250000000,0x000000b250100000)]
  0x0000023029a39ed0 JavaThread "Handler for socket connection from /127.0.0.1:62178 to /127.0.0.1:62179" [_thread_in_native, id=11984, stack(0x000000b250100000,0x000000b250200000)]
  0x0000023029a38fa0 JavaThread "Cancel handler" [_thread_blocked, id=11244, stack(0x000000b250200000,0x000000b250300000)]
  0x0000023029a3b310 JavaThread "Daemon worker" [_thread_in_Java, id=17864, stack(0x000000b250300000,0x000000b250400000)]
  0x0000023029a3a8f0 JavaThread "Asynchronous log dispatcher for DefaultDaemonConnection: socket connection from /127.0.0.1:62178 to /127.0.0.1:62179" [_thread_blocked, id=19116, stack(0x000000b250400000,0x000000b250500000)]
  0x0000023029a3bd30 JavaThread "Stdin handler" [_thread_blocked, id=12032, stack(0x000000b250500000,0x000000b250600000)]
  0x0000023064ba7070 JavaThread "Daemon client event forwarder" [_thread_blocked, id=12044, stack(0x000000b250600000,0x000000b250700000)]
  0x0000023064ba6140 JavaThread "Cache worker for journal cache (C:\Users\Inurum_Four\.gradle\caches\journal-1)" [_thread_blocked, id=5916, stack(0x000000b250700000,0x000000b250800000)]
  0x0000023064ba7580 JavaThread "File lock request listener" [_thread_in_native, id=20424, stack(0x000000b250800000,0x000000b250900000)]
  0x0000023064ba5210 JavaThread "Cache worker for file hash cache (C:\Users\Inurum_Four\.gradle\caches\8.14\fileHashes)" [_thread_blocked, id=12560, stack(0x000000b250900000,0x000000b250a00000)]
  0x0000023064ba6650 JavaThread "File lock release action executor" [_thread_blocked, id=14576, stack(0x000000b250a00000,0x000000b250b00000)]
  0x0000023064ba7a90 JavaThread "Cache worker for file hash cache (D:\InurumFlutter\mg\driver-and-customer\mahilasaarthi\driver\android\.gradle\8.14\fileHashes)" [_thread_blocked, id=21304, stack(0x000000b250d00000,0x000000b250e00000)]
  0x0000023064ba84b0 JavaThread "Cache worker for Build Output Cleanup Cache (D:\InurumFlutter\mg\driver-and-customer\mahilasaarthi\driver\android\.gradle\buildOutputCleanup)" [_thread_blocked, id=9712, stack(0x000000b250e00000,0x000000b250f00000)]
  0x0000023064ba89c0 JavaThread "File watcher server" daemon [_thread_in_native, id=9728, stack(0x000000b250b00000,0x000000b250c00000)]
  0x0000023064ba8ed0 JavaThread "File watcher consumer" daemon [_thread_blocked, id=9052, stack(0x000000b250c00000,0x000000b250d00000)]
  0x0000023064ba5c30 JavaThread "jar transforms" [_thread_blocked, id=18868, stack(0x000000b251300000,0x000000b251400000)]
  0x0000023064bac680 JavaThread "Cache worker for checksums cache (D:\InurumFlutter\mg\driver-and-customer\mahilasaarthi\driver\android\.gradle\8.14\checksums)" [_thread_blocked, id=16208, stack(0x000000b251400000,0x000000b251500000)]
  0x0000023064baa310 JavaThread "Cache worker for file content cache (C:\Users\Inurum_Four\.gradle\caches\8.14\fileContent)" [_thread_blocked, id=7276, stack(0x000000b251500000,0x000000b251600000)]
  0x0000023064babc60 JavaThread "Cache worker for cache directory md-supplier (C:\Users\Inurum_Four\.gradle\caches\8.14\md-supplier)" [_thread_blocked, id=7828, stack(0x000000b251600000,0x000000b251700000)]
  0x0000023064baad30 JavaThread "Cache worker for cache directory md-rule (C:\Users\Inurum_Four\.gradle\caches\8.14\md-rule)" [_thread_blocked, id=11132, stack(0x000000b251200000,0x000000b251300000)]
  0x0000023064bab240 JavaThread "Cache worker for Build Output Cleanup Cache (C:\src\flutter\packages\flutter_tools\gradle\.gradle\buildOutputCleanup)" [_thread_blocked, id=13920, stack(0x000000b251700000,0x000000b251800000)]
  0x0000023064bab750 JavaThread "Unconstrained build operations" [_thread_blocked, id=21252, stack(0x000000b251900000,0x000000b251a00000)]
  0x0000023064bac170 JavaThread "Unconstrained build operations Thread 2" [_thread_blocked, id=8612, stack(0x000000b251a00000,0x000000b251b00000)]
  0x0000023064bacb90 JavaThread "Unconstrained build operations Thread 3" [_thread_blocked, id=1572, stack(0x000000b251b00000,0x000000b251c00000)]
  0x00000230650d3ea0 JavaThread "Unconstrained build operations Thread 4" [_thread_blocked, id=11620, stack(0x000000b251c00000,0x000000b251d00000)]
  0x00000230650d6720 JavaThread "Unconstrained build operations Thread 5" [_thread_blocked, id=21384, stack(0x000000b251d00000,0x000000b251e00000)]
  0x00000230650d7140 JavaThread "Unconstrained build operations Thread 6" [_thread_blocked, id=9240, stack(0x000000b251e00000,0x000000b251f00000)]
  0x00000230650d48c0 JavaThread "Unconstrained build operations Thread 7" [_thread_blocked, id=6704, stack(0x000000b251f00000,0x000000b252000000)]
  0x00000230650d52e0 JavaThread "Unconstrained build operations Thread 8" [_thread_blocked, id=4636, stack(0x000000b251000000,0x000000b251100000)]
  0x00000230650d7650 JavaThread "Unconstrained build operations Thread 9" [_thread_blocked, id=13752, stack(0x000000b251800000,0x000000b251900000)]
  0x00000230650d5d00 JavaThread "Unconstrained build operations Thread 10" [_thread_blocked, id=3904, stack(0x000000b252000000,0x000000b252100000)]
  0x00000230650d7b60 JavaThread "Unconstrained build operations Thread 11" [_thread_blocked, id=20532, stack(0x000000b252100000,0x000000b252200000)]
  0x00000230650d57f0 JavaThread "Unconstrained build operations Thread 12" [_thread_blocked, id=18164, stack(0x000000b252200000,0x000000b252300000)]
  0x00000230650d4dd0 JavaThread "Unconstrained build operations Thread 13" [_thread_blocked, id=11988, stack(0x000000b252300000,0x000000b252400000)]
  0x00000230650d6210 JavaThread "Unconstrained build operations Thread 14" [_thread_blocked, id=16348, stack(0x000000b252400000,0x000000b252500000)]
  0x00000230650d6c30 JavaThread "Unconstrained build operations Thread 15" [_thread_blocked, id=17688, stack(0x000000b252600000,0x000000b252700000)]
  0x00000230650d43b0 JavaThread "Unconstrained build operations Thread 16" [_thread_blocked, id=17736, stack(0x000000b252700000,0x000000b252800000)]
  0x00000230650da3e0 JavaThread "Unconstrained build operations Thread 17" [_thread_blocked, id=13528, stack(0x000000b252800000,0x000000b252900000)]
  0x00000230650d8a90 JavaThread "Unconstrained build operations Thread 18" [_thread_blocked, id=9904, stack(0x000000b252900000,0x000000b252a00000)]
  0x00000230650db820 JavaThread "Unconstrained build operations Thread 19" [_thread_blocked, id=11440, stack(0x000000b252a00000,0x000000b252b00000)]
  0x00000230650da8f0 JavaThread "Unconstrained build operations Thread 20" [_thread_blocked, id=11560, stack(0x000000b252b00000,0x000000b252c00000)]
  0x00000230650d8070 JavaThread "Unconstrained build operations Thread 21" [_thread_blocked, id=12728, stack(0x000000b252c00000,0x000000b252d00000)]
  0x00000230650d99c0 JavaThread "Memory manager" [_thread_blocked, id=1904, stack(0x000000b252d00000,0x000000b252e00000)]
  0x00000230650d8fa0 JavaThread "build event listener" [_thread_blocked, id=14988, stack(0x000000b252e00000,0x000000b252f00000)]
  0x0000023065e9b6b0 JavaThread "included builds" [_thread_blocked, id=12612, stack(0x000000b253100000,0x000000b253200000)]
  0x0000023065e9ac90 JavaThread "Execution worker" [_thread_blocked, id=18532, stack(0x000000b253200000,0x000000b253300000)]
  0x0000023065e9a780 JavaThread "Execution worker Thread 2" [_thread_blocked, id=3920, stack(0x000000b253300000,0x000000b253400000)]
  0x0000023065e99850 JavaThread "Execution worker Thread 3" [_thread_blocked, id=7808, stack(0x000000b253400000,0x000000b253500000)]
  0x0000023065e99d60 JavaThread "Execution worker Thread 4" [_thread_blocked, id=4612, stack(0x000000b253500000,0x000000b253600000)]
  0x0000023065e9b1a0 JavaThread "Execution worker Thread 5" [_thread_blocked, id=7124, stack(0x000000b253600000,0x000000b253700000)]
  0x0000023065e9bbc0 JavaThread "Execution worker Thread 6" [_thread_blocked, id=5552, stack(0x000000b253700000,0x000000b253800000)]
  0x0000023065e98920 JavaThread "Execution worker Thread 7" [_thread_blocked, id=18640, stack(0x000000b253800000,0x000000b253900000)]
  0x0000023065e9c0d0 JavaThread "Cache worker for execution history cache (C:\src\flutter\packages\flutter_tools\gradle\.gradle\8.14\executionHistory)" [_thread_blocked, id=5564, stack(0x000000b253000000,0x000000b253100000)]
  0x0000023065e98e30 JavaThread "File lock release action executor Thread 2" [_thread_blocked, id=19292, stack(0x000000b253900000,0x000000b253a00000)]
  0x0000023065e99340 JavaThread "Unconstrained build operations Thread 22" [_thread_blocked, id=4512, stack(0x000000b253a00000,0x000000b253b00000)]
  0x0000023063fc8980 JavaThread "Unconstrained build operations Thread 23" [_thread_blocked, id=16344, stack(0x000000b253b00000,0x000000b253c00000)]
  0x0000023063fc56e0 JavaThread "Unconstrained build operations Thread 24" [_thread_blocked, id=19192, stack(0x000000b253c00000,0x000000b253d00000)]
  0x0000023063fc8e90 JavaThread "Unconstrained build operations Thread 25" [_thread_blocked, id=5092, stack(0x000000b253d00000,0x000000b253e00000)]
  0x0000023063fc6100 JavaThread "Unconstrained build operations Thread 26" [_thread_blocked, id=17496, stack(0x000000b253e00000,0x000000b253f00000)]
  0x0000023063fc6b20 JavaThread "Unconstrained build operations Thread 27" [_thread_blocked, id=13972, stack(0x000000b253f00000,0x000000b254000000)]
  0x0000023063fc5bf0 JavaThread "Unconstrained build operations Thread 28" [_thread_blocked, id=17936, stack(0x000000b254000000,0x000000b254100000)]
  0x0000023063fc93a0 JavaThread "Unconstrained build operations Thread 29" [_thread_blocked, id=2680, stack(0x000000b254100000,0x000000b254200000)]
  0x0000023063fc8470 JavaThread "Unconstrained build operations Thread 30" [_thread_blocked, id=5432, stack(0x000000b254200000,0x000000b254300000)]
  0x0000023063fc7030 JavaThread "Unconstrained build operations Thread 31" [_thread_blocked, id=13048, stack(0x000000b254300000,0x000000b254400000)]
  0x0000023063fc7540 JavaThread "Unconstrained build operations Thread 32" [_thread_blocked, id=3240, stack(0x000000b254400000,0x000000b254500000)]
  0x0000023063fc6610 JavaThread "Unconstrained build operations Thread 33" [_thread_blocked, id=12116, stack(0x000000b254500000,0x000000b254600000)]
  0x0000023063fc9dc0 JavaThread "Unconstrained build operations Thread 34" [_thread_blocked, id=5960, stack(0x000000b254600000,0x000000b254700000)]
  0x0000023063fc7a50 JavaThread "Unconstrained build operations Thread 35" [_thread_blocked, id=8776, stack(0x000000b254700000,0x000000b254800000)]
  0x0000023063fca2d0 JavaThread "Unconstrained build operations Thread 36" [_thread_blocked, id=16268, stack(0x000000b254800000,0x000000b254900000)]
  0x0000023063fcb200 JavaThread "Unconstrained build operations Thread 37" [_thread_blocked, id=2488, stack(0x000000b254900000,0x000000b254a00000)]
  0x0000023063fca7e0 JavaThread "Unconstrained build operations Thread 38" [_thread_blocked, id=6748, stack(0x000000b254a00000,0x000000b254b00000)]
  0x0000023063fcacf0 JavaThread "Unconstrained build operations Thread 39" [_thread_blocked, id=13868, stack(0x000000b254b00000,0x000000b254c00000)]
  0x0000023063fcb710 JavaThread "Unconstrained build operations Thread 40" [_thread_blocked, id=14948, stack(0x000000b254c00000,0x000000b254d00000)]
  0x0000023063fc7f60 JavaThread "Unconstrained build operations Thread 41" [_thread_blocked, id=11424, stack(0x000000b254d00000,0x000000b254e00000)]
  0x0000023063fcbc20 JavaThread "Unconstrained build operations Thread 42" [_thread_blocked, id=19240, stack(0x000000b254e00000,0x000000b254f00000)]
  0x0000023063fcc130 JavaThread "Unconstrained build operations Thread 43" [_thread_blocked, id=3836, stack(0x000000b254f00000,0x000000b255000000)]
  0x0000023063fcc640 JavaThread "Unconstrained build operations Thread 44" [_thread_blocked, id=1508, stack(0x000000b255000000,0x000000b255100000)]
  0x0000023063fc98b0 JavaThread "Unconstrained build operations Thread 45" [_thread_blocked, id=10552, stack(0x000000b255100000,0x000000b255200000)]
  0x0000023066616b60 JavaThread "Unconstrained build operations Thread 46" [_thread_blocked, id=3544, stack(0x000000b255200000,0x000000b255300000)]
  0x00000230666184b0 JavaThread "Unconstrained build operations Thread 47" [_thread_blocked, id=17868, stack(0x000000b255300000,0x000000b255400000)]
  0x0000023066614d00 JavaThread "Unconstrained build operations Thread 48" [_thread_blocked, id=1732, stack(0x000000b255400000,0x000000b255500000)]
  0x0000023066615210 JavaThread "Unconstrained build operations Thread 49" [_thread_blocked, id=16920, stack(0x000000b255500000,0x000000b255600000)]
  0x0000023066615c30 JavaThread "Unconstrained build operations Thread 50" [_thread_blocked, id=14560, stack(0x000000b255600000,0x000000b255700000)]
  0x0000023066617070 JavaThread "Unconstrained build operations Thread 51" [_thread_blocked, id=4828, stack(0x000000b255700000,0x000000b255800000)]
  0x0000023066618ed0 JavaThread "Unconstrained build operations Thread 52" [_thread_blocked, id=6060, stack(0x000000b255800000,0x000000b255900000)]
  0x0000023066617a90 JavaThread "Unconstrained build operations Thread 53" [_thread_blocked, id=5312, stack(0x000000b255900000,0x000000b255a00000)]
  0x0000023066615720 JavaThread "Unconstrained build operations Thread 54" [_thread_blocked, id=18628, stack(0x000000b255a00000,0x000000b255b00000)]
  0x00000230666193e0 JavaThread "Unconstrained build operations Thread 55" [_thread_blocked, id=13020, stack(0x000000b255b00000,0x000000b255c00000)]
  0x0000023066617fa0 JavaThread "Unconstrained build operations Thread 56" [_thread_blocked, id=1760, stack(0x000000b255c00000,0x000000b255d00000)]
  0x0000023066617580 JavaThread "Unconstrained build operations Thread 57" [_thread_blocked, id=9888, stack(0x000000b255d00000,0x000000b255e00000)]
  0x00000230666189c0 JavaThread "Unconstrained build operations Thread 58" [_thread_blocked, id=1628, stack(0x000000b255e00000,0x000000b255f00000)]
  0x00000230666198f0 JavaThread "Unconstrained build operations Thread 59" [_thread_blocked, id=8112, stack(0x000000b255f00000,0x000000b256000000)]
  0x0000023066616140 JavaThread "Unconstrained build operations Thread 60" [_thread_blocked, id=7512, stack(0x000000b256000000,0x000000b256100000)]
  0x0000023066619e00 JavaThread "Unconstrained build operations Thread 61" [_thread_blocked, id=9500, stack(0x000000b256100000,0x000000b256200000)]
  0x0000023066616650 JavaThread "Unconstrained build operations Thread 62" [_thread_blocked, id=15444, stack(0x000000b256200000,0x000000b256300000)]
  0x000002306661a310 JavaThread "Unconstrained build operations Thread 63" [_thread_blocked, id=4560, stack(0x000000b256300000,0x000000b256400000)]
  0x000002306661b240 JavaThread "Unconstrained build operations Thread 64" [_thread_blocked, id=21496, stack(0x000000b256400000,0x000000b256500000)]
  0x000002306661c680 JavaThread "Unconstrained build operations Thread 65" [_thread_blocked, id=13988, stack(0x000000b256500000,0x000000b256600000)]
  0x000002306661ad30 JavaThread "jar transforms Thread 2" [_thread_blocked, id=7008, stack(0x000000b256600000,0x000000b256700000)]
  0x000002306661bc60 JavaThread "jar transforms Thread 3" [_thread_blocked, id=19152, stack(0x000000b256800000,0x000000b256900000)]
  0x000002306661c170 JavaThread "Unconstrained build operations Thread 66" [_thread_blocked, id=18496, stack(0x000000b256900000,0x000000b256a00000)]
  0x000002306661b750 JavaThread "Unconstrained build operations Thread 67" [_thread_blocked, id=15412, stack(0x000000b256a00000,0x000000b256b00000)]
  0x0000023029a394b0 JavaThread "Unconstrained build operations Thread 68" [_thread_blocked, id=1308, stack(0x000000b256b00000,0x000000b256c00000)]
  0x00000230650d8580 JavaThread "Unconstrained build operations Thread 69" [_thread_blocked, id=6640, stack(0x000000b256c00000,0x000000b256d00000)]
  0x0000023064035690 JavaThread "Unconstrained build operations Thread 70" [_thread_blocked, id=3664, stack(0x000000b256d00000,0x000000b256e00000)]
  0x0000023064034760 JavaThread "Unconstrained build operations Thread 71" [_thread_blocked, id=20004, stack(0x000000b256e00000,0x000000b256f00000)]
  0x0000023064034c70 JavaThread "Unconstrained build operations Thread 72" [_thread_blocked, id=3428, stack(0x000000b256f00000,0x000000b257000000)]
  0x0000023064035180 JavaThread "Unconstrained build operations Thread 73" [_thread_blocked, id=14012, stack(0x000000b257000000,0x000000b257100000)]
  0x0000023064035ba0 JavaThread "Unconstrained build operations Thread 74" [_thread_blocked, id=16508, stack(0x000000b257100000,0x000000b257200000)]
  0x0000023064033320 JavaThread "Unconstrained build operations Thread 75" [_thread_blocked, id=3348, stack(0x000000b257200000,0x000000b257300000)]
  0x00000230640360b0 JavaThread "Unconstrained build operations Thread 76" [_thread_blocked, id=19928, stack(0x000000b257300000,0x000000b257400000)]
  0x0000023064034250 JavaThread "Unconstrained build operations Thread 77" [_thread_blocked, id=14368, stack(0x000000b257400000,0x000000b257500000)]
  0x00000230640365c0 JavaThread "Unconstrained build operations Thread 78" [_thread_blocked, id=9872, stack(0x000000b257500000,0x000000b257600000)]
  0x0000023064036ad0 JavaThread "Unconstrained build operations Thread 79" [_thread_blocked, id=9984, stack(0x000000b257600000,0x000000b257700000)]
  0x0000023064036fe0 JavaThread "Unconstrained build operations Thread 80" [_thread_blocked, id=2316, stack(0x000000b257700000,0x000000b257800000)]
  0x0000023064033830 JavaThread "jar transforms Thread 4" [_thread_blocked, id=21328, stack(0x000000b257800000,0x000000b257900000)]
  0x00000230640374f0 JavaThread "Problems report writer" [_thread_blocked, id=15296, stack(0x000000b257900000,0x000000b257a00000)]
  0x0000023064033d40 JavaThread "jar transforms Thread 5" [_thread_blocked, id=9300, stack(0x000000b257a00000,0x000000b257b00000)]
  0x0000023064037f10 JavaThread "build event listener" [_thread_blocked, id=12800, stack(0x000000b256700000,0x000000b256800000)]
  0x000002306969a350 JavaThread "jar transforms Thread 6" [_thread_blocked, id=13676, stack(0x000000b257b00000,0x000000b257c00000)]
  0x000002306969ea30 JavaThread "jar transforms Thread 7" [_thread_blocked, id=13112, stack(0x000000b24df00000,0x000000b24e000000)]
  0x000002306969f960 JavaThread "jar transforms Thread 8" [_thread_blocked, id=18372, stack(0x000000b24e100000,0x000000b24e200000)]
  0x0000023064ed8540 JavaThread "C2 CompilerThread1" daemon [_thread_in_native, id=10784, stack(0x000000b24e000000,0x000000b24e100000)]
  0x0000023064ed8a90 JavaThread "C2 CompilerThread2" daemon [_thread_in_native, id=21212, stack(0x000000b257c00000,0x000000b257d00000)]

Other Threads:
  0x000002302976baa0 VMThread "VM Thread" [stack: 0x000000b24e800000,0x000000b24e900000] [id=3792]
  0x0000023029b90da0 WatcherThread [stack: 0x000000b24f400000,0x000000b24f500000] [id=13940]
  0x0000023004af65a0 GCTaskThread "GC Thread#0" [stack: 0x000000b24e300000,0x000000b24e400000] [id=19096]
  0x0000023063111840 GCTaskThread "GC Thread#1" [stack: 0x000000b24f700000,0x000000b24f800000] [id=15636]
  0x0000023029c5a3e0 GCTaskThread "GC Thread#2" [stack: 0x000000b24f800000,0x000000b24f900000] [id=20068]
  0x0000023029c5a6a0 GCTaskThread "GC Thread#3" [stack: 0x000000b24f900000,0x000000b24fa00000] [id=11896]
  0x0000023029c5a960 GCTaskThread "GC Thread#4" [stack: 0x000000b24fa00000,0x000000b24fb00000] [id=20084]
  0x0000023029c13570 GCTaskThread "GC Thread#5" [stack: 0x000000b24fb00000,0x000000b24fc00000] [id=12192]
  0x0000023064749b20 GCTaskThread "GC Thread#6" [stack: 0x000000b24f500000,0x000000b24f600000] [id=2448]
  0x00000230648508f0 GCTaskThread "GC Thread#7" [stack: 0x000000b24fc00000,0x000000b24fd00000] [id=16512]
  0x0000023004b08410 ConcurrentGCThread "G1 Main Marker" [stack: 0x000000b24e400000,0x000000b24e500000] [id=7016]
  0x0000023004b08d30 ConcurrentGCThread "G1 Conc#0" [stack: 0x000000b24e500000,0x000000b24e600000] [id=12308]
  0x0000023063c21560 ConcurrentGCThread "G1 Conc#1" [stack: 0x000000b250f00000,0x000000b251000000] [id=6096]
  0x0000023004b4d8d0 ConcurrentGCThread "G1 Refine#0" [stack: 0x000000b24e600000,0x000000b24e700000] [id=13120]
  0x00000230643ed120 ConcurrentGCThread "G1 Refine#1" [stack: 0x000000b24f600000,0x000000b24f700000] [id=20980]
  0x00000230631abff0 ConcurrentGCThread "G1 Refine#2" [stack: 0x000000b251100000,0x000000b251200000] [id=17992]
  0x0000023004b4e0b0 ConcurrentGCThread "G1 Service" [stack: 0x000000b24e700000,0x000000b24e800000] [id=17908]

Threads with active compile tasks:
C2 CompilerThread0    85116 18022       4       org.gradle.internal.snapshot.RegularFileSnapshot::accept (8 bytes)
C2 CompilerThread1    85116 18021   !   4       org.gradle.internal.snapshot.FileSystemLeafSnapshot::accept (36 bytes)
C2 CompilerThread2    85116 18020       4       org.gradle.internal.fingerprint.classpath.impl.ClasspathFingerprintingStrategy$ClasspathFingerprintingVisitor::visitEntry (20 bytes)

VM state: not at safepoint (normal execution)

VM Mutex/Monitor currently owned by a thread: None

Heap address: 0x0000000700000000, size: 4096 MB, Compressed Oops mode: Zero based, Oop shift amount: 3

CDS archive(s) mapped at: [0x000002302a000000-0x000002302abd0000-0x000002302abd0000), size 12386304, SharedBaseAddress: 0x000002302a000000, ArchiveRelocationMode: 1.
Compressed class space mapped at: 0x000002302b000000-0x000002305f000000, reserved size: 872415232
Narrow klass base: 0x000002302a000000, Narrow klass shift: 0, Narrow klass range: 0x100000000

GC Precious Log:
 CPUs: 8 total, 8 available
 Memory: 16197M
 Large Page Support: Disabled
 NUMA Support: Disabled
 Compressed Oops: Enabled (Zero based)
 Heap Region Size: 2M
 Heap Min Capacity: 8M
 Heap Initial Capacity: 254M
 Heap Max Capacity: 4G
 Pre-touch: Disabled
 Parallel Workers: 8
 Concurrent Workers: 2
 Concurrent Refinement Workers: 8
 Periodic GC: Disabled

Heap:
 garbage-first heap   total 905216K, used 467914K [0x0000000700000000, 0x0000000800000000)
  region size 2048K, 97 young (198656K), 12 survivors (24576K)
 Metaspace       used 109485K, committed 111232K, reserved 983040K
  class space    used 15199K, committed 15936K, reserved 851968K

Heap Regions: E=young(eden), S=young(survivor), O=old, HS=humongous(starts), HC=humongous(continues), CS=collection set, F=free, OA=open archive, CA=closed archive, TAMS=top-at-mark-start (previous, next)
|   0|0x0000000700000000, 0x0000000700200000, 0x0000000700200000|100%|HS|  |TAMS 0x0000000700200000, 0x0000000700000000| Complete 
|   1|0x0000000700200000, 0x0000000700400000, 0x0000000700400000|100%|HC|  |TAMS 0x0000000700400000, 0x0000000700200000| Complete 
|   2|0x0000000700400000, 0x0000000700600000, 0x0000000700600000|100%| O|  |TAMS 0x0000000700600000, 0x0000000700400000| Untracked 
|   3|0x0000000700600000, 0x0000000700800000, 0x0000000700800000|100%| O|  |TAMS 0x0000000700800000, 0x0000000700600000| Untracked 
|   4|0x0000000700800000, 0x0000000700a00000, 0x0000000700a00000|100%| O|  |TAMS 0x0000000700a00000, 0x0000000700800000| Untracked 
|   5|0x0000000700a00000, 0x0000000700c00000, 0x0000000700c00000|100%| O|  |TAMS 0x0000000700c00000, 0x0000000700a00000| Untracked 
|   6|0x0000000700c00000, 0x0000000700e00000, 0x0000000700e00000|100%| O|  |TAMS 0x0000000700e00000, 0x0000000700c00000| Untracked 
|   7|0x0000000700e00000, 0x0000000701000000, 0x0000000701000000|100%| O|  |TAMS 0x0000000701000000, 0x0000000700e00000| Untracked 
|   8|0x0000000701000000, 0x0000000701200000, 0x0000000701200000|100%| O|  |TAMS 0x0000000701200000, 0x0000000701000000| Untracked 
|   9|0x0000000701200000, 0x0000000701400000, 0x0000000701400000|100%| O|  |TAMS 0x0000000701400000, 0x0000000701200000| Untracked 
|  10|0x0000000701400000, 0x0000000701600000, 0x0000000701600000|100%| O|  |TAMS 0x0000000701600000, 0x0000000701400000| Untracked 
|  11|0x0000000701600000, 0x0000000701800000, 0x0000000701800000|100%| O|  |TAMS 0x0000000701800000, 0x0000000701600000| Untracked 
|  12|0x0000000701800000, 0x0000000701a00000, 0x0000000701a00000|100%| O|  |TAMS 0x0000000701a00000, 0x0000000701800000| Untracked 
|  13|0x0000000701a00000, 0x0000000701c00000, 0x0000000701c00000|100%| O|  |TAMS 0x0000000701c00000, 0x0000000701a00000| Untracked 
|  14|0x0000000701c00000, 0x0000000701e00000, 0x0000000701e00000|100%| O|  |TAMS 0x0000000701e00000, 0x0000000701c00000| Untracked 
|  15|0x0000000701e00000, 0x0000000702000000, 0x0000000702000000|100%| O|  |TAMS 0x0000000702000000, 0x0000000701e00000| Untracked 
|  16|0x0000000702000000, 0x0000000702200000, 0x0000000702200000|100%| O|  |TAMS 0x0000000702200000, 0x0000000702000000| Untracked 
|  17|0x0000000702200000, 0x0000000702400000, 0x0000000702400000|100%| O|  |TAMS 0x0000000702400000, 0x0000000702200000| Untracked 
|  18|0x0000000702400000, 0x0000000702600000, 0x0000000702600000|100%| O|  |TAMS 0x0000000702600000, 0x0000000702400000| Untracked 
|  19|0x0000000702600000, 0x0000000702800000, 0x0000000702800000|100%| O|  |TAMS 0x0000000702800000, 0x0000000702600000| Untracked 
|  20|0x0000000702800000, 0x0000000702a00000, 0x0000000702a00000|100%| O|  |TAMS 0x0000000702a00000, 0x0000000702800000| Untracked 
|  21|0x0000000702a00000, 0x0000000702c00000, 0x0000000702c00000|100%|HS|  |TAMS 0x0000000702c00000, 0x0000000702a00000| Complete 
|  22|0x0000000702c00000, 0x0000000702e00000, 0x0000000702e00000|100%|HS|  |TAMS 0x0000000702e00000, 0x0000000702c00000| Complete 
|  23|0x0000000702e00000, 0x0000000703000000, 0x0000000703000000|100%| O|  |TAMS 0x0000000703000000, 0x0000000702e00000| Untracked 
|  24|0x0000000703000000, 0x0000000703200000, 0x0000000703200000|100%| O|  |TAMS 0x0000000703200000, 0x0000000703000000| Untracked 
|  25|0x0000000703200000, 0x0000000703400000, 0x0000000703400000|100%| O|  |TAMS 0x0000000703400000, 0x0000000703200000| Untracked 
|  26|0x0000000703400000, 0x0000000703600000, 0x0000000703600000|100%| O|  |TAMS 0x0000000703600000, 0x0000000703400000| Untracked 
|  27|0x0000000703600000, 0x0000000703800000, 0x0000000703800000|100%| O|  |TAMS 0x0000000703800000, 0x0000000703600000| Untracked 
|  28|0x0000000703800000, 0x0000000703a00000, 0x0000000703a00000|100%| O|  |TAMS 0x0000000703a00000, 0x0000000703800000| Untracked 
|  29|0x0000000703a00000, 0x0000000703c00000, 0x0000000703c00000|100%| O|  |TAMS 0x0000000703c00000, 0x0000000703a00000| Untracked 
|  30|0x0000000703c00000, 0x0000000703e00000, 0x0000000703e00000|100%| O|  |TAMS 0x0000000703e00000, 0x0000000703c00000| Untracked 
|  31|0x0000000703e00000, 0x0000000704000000, 0x0000000704000000|100%| O|  |TAMS 0x0000000704000000, 0x0000000703e00000| Untracked 
|  32|0x0000000704000000, 0x0000000704200000, 0x0000000704200000|100%| O|  |TAMS 0x0000000704200000, 0x0000000704000000| Untracked 
|  33|0x0000000704200000, 0x0000000704400000, 0x0000000704400000|100%| O|  |TAMS 0x0000000704400000, 0x0000000704200000| Untracked 
|  34|0x0000000704400000, 0x0000000704600000, 0x0000000704600000|100%| O|  |TAMS 0x0000000704600000, 0x0000000704400000| Untracked 
|  35|0x0000000704600000, 0x0000000704800000, 0x0000000704800000|100%| O|  |TAMS 0x0000000704800000, 0x0000000704600000| Untracked 
|  36|0x0000000704800000, 0x0000000704a00000, 0x0000000704a00000|100%| O|  |TAMS 0x0000000704a00000, 0x0000000704800000| Untracked 
|  37|0x0000000704a00000, 0x0000000704c00000, 0x0000000704c00000|100%| O|  |TAMS 0x0000000704c00000, 0x0000000704a00000| Untracked 
|  38|0x0000000704c00000, 0x0000000704e00000, 0x0000000704e00000|100%| O|  |TAMS 0x0000000704e00000, 0x0000000704c00000| Untracked 
|  39|0x0000000704e00000, 0x0000000705000000, 0x0000000705000000|100%| O|  |TAMS 0x0000000705000000, 0x0000000704e00000| Untracked 
|  40|0x0000000705000000, 0x0000000705200000, 0x0000000705200000|100%| O|  |TAMS 0x0000000705200000, 0x0000000705000000| Untracked 
|  41|0x0000000705200000, 0x0000000705400000, 0x0000000705400000|100%| O|  |TAMS 0x0000000705400000, 0x0000000705200000| Untracked 
|  42|0x0000000705400000, 0x0000000705600000, 0x0000000705600000|100%| O|  |TAMS 0x0000000705600000, 0x0000000705400000| Untracked 
|  43|0x0000000705600000, 0x0000000705800000, 0x0000000705800000|100%| O|  |TAMS 0x0000000705800000, 0x0000000705600000| Untracked 
|  44|0x0000000705800000, 0x0000000705a00000, 0x0000000705a00000|100%|HS|  |TAMS 0x0000000705a00000, 0x0000000705800000| Complete 
|  45|0x0000000705a00000, 0x0000000705c00000, 0x0000000705c00000|100%| O|  |TAMS 0x0000000705c00000, 0x0000000705a00000| Untracked 
|  46|0x0000000705c00000, 0x0000000705e00000, 0x0000000705e00000|100%| O|  |TAMS 0x0000000705e00000, 0x0000000705c00000| Untracked 
|  47|0x0000000705e00000, 0x0000000706000000, 0x0000000706000000|100%| O|  |TAMS 0x0000000706000000, 0x0000000705e00000| Untracked 
|  48|0x0000000706000000, 0x0000000706200000, 0x0000000706200000|100%| O|  |TAMS 0x0000000706200000, 0x0000000706000000| Untracked 
|  49|0x0000000706200000, 0x0000000706400000, 0x0000000706400000|100%| O|  |TAMS 0x0000000706400000, 0x0000000706200000| Untracked 
|  50|0x0000000706400000, 0x0000000706600000, 0x0000000706600000|100%| O|  |TAMS 0x0000000706600000, 0x0000000706400000| Untracked 
|  51|0x0000000706600000, 0x0000000706800000, 0x0000000706800000|100%| O|  |TAMS 0x0000000706800000, 0x0000000706600000| Untracked 
|  52|0x0000000706800000, 0x0000000706a00000, 0x0000000706a00000|100%|HS|  |TAMS 0x0000000706800000, 0x0000000706800000| Complete 
|  53|0x0000000706a00000, 0x0000000706c00000, 0x0000000706c00000|100%| O|  |TAMS 0x0000000706a00000, 0x0000000706a00000| Untracked 
|  54|0x0000000706c00000, 0x0000000706e00000, 0x0000000706e00000|100%| O|  |TAMS 0x0000000706e00000, 0x0000000706c00000| Untracked 
|  55|0x0000000706e00000, 0x0000000707000000, 0x0000000707000000|100%| O|  |TAMS 0x0000000707000000, 0x0000000706e00000| Untracked 
|  56|0x0000000707000000, 0x0000000707200000, 0x0000000707200000|100%| O|  |TAMS 0x0000000707200000, 0x0000000707000000| Untracked 
|  57|0x0000000707200000, 0x0000000707400000, 0x0000000707400000|100%| O|  |TAMS 0x0000000707400000, 0x0000000707200000| Untracked 
|  58|0x0000000707400000, 0x0000000707600000, 0x0000000707600000|100%| O|  |TAMS 0x0000000707600000, 0x0000000707400000| Untracked 
|  59|0x0000000707600000, 0x0000000707800000, 0x0000000707800000|100%| O|  |TAMS 0x0000000707800000, 0x0000000707600000| Untracked 
|  60|0x0000000707800000, 0x0000000707a00000, 0x0000000707a00000|100%| O|  |TAMS 0x0000000707a00000, 0x0000000707800000| Untracked 
|  61|0x0000000707a00000, 0x0000000707c00000, 0x0000000707c00000|100%| O|  |TAMS 0x0000000707c00000, 0x0000000707a00000| Untracked 
|  62|0x0000000707c00000, 0x0000000707e00000, 0x0000000707e00000|100%| O|  |TAMS 0x0000000707e00000, 0x0000000707c00000| Untracked 
|  63|0x0000000707e00000, 0x0000000708000000, 0x0000000708000000|100%| O|  |TAMS 0x0000000708000000, 0x0000000707e00000| Untracked 
|  64|0x0000000708000000, 0x0000000708200000, 0x0000000708200000|100%| O|  |TAMS 0x0000000708200000, 0x0000000708000000| Untracked 
|  65|0x0000000708200000, 0x0000000708400000, 0x0000000708400000|100%| O|  |TAMS 0x0000000708400000, 0x0000000708200000| Untracked 
|  66|0x0000000708400000, 0x0000000708600000, 0x0000000708600000|100%| O|  |TAMS 0x0000000708600000, 0x0000000708400000| Untracked 
|  67|0x0000000708600000, 0x0000000708800000, 0x0000000708800000|100%| O|  |TAMS 0x0000000708800000, 0x0000000708600000| Untracked 
|  68|0x0000000708800000, 0x0000000708a00000, 0x0000000708a00000|100%| O|  |TAMS 0x0000000708a00000, 0x0000000708800000| Untracked 
|  69|0x0000000708a00000, 0x0000000708c00000, 0x0000000708c00000|100%| O|  |TAMS 0x0000000708c00000, 0x0000000708a00000| Untracked 
|  70|0x0000000708c00000, 0x0000000708e00000, 0x0000000708e00000|100%| O|  |TAMS 0x0000000708e00000, 0x0000000708c00000| Untracked 
|  71|0x0000000708e00000, 0x0000000709000000, 0x0000000709000000|100%| O|  |TAMS 0x0000000708e00000, 0x0000000708e00000| Untracked 
|  72|0x0000000709000000, 0x0000000709200000, 0x0000000709200000|100%|HS|  |TAMS 0x0000000709200000, 0x0000000709000000| Complete 
|  73|0x0000000709200000, 0x0000000709400000, 0x0000000709400000|100%|HC|  |TAMS 0x0000000709400000, 0x0000000709200000| Complete 
|  74|0x0000000709400000, 0x0000000709600000, 0x0000000709600000|100%|HS|  |TAMS 0x0000000709400000, 0x0000000709400000| Complete 
|  75|0x0000000709600000, 0x0000000709800000, 0x0000000709800000|100%|HS|  |TAMS 0x0000000709600000, 0x0000000709600000| Complete 
|  76|0x0000000709800000, 0x0000000709a00000, 0x0000000709a00000|100%|HC|  |TAMS 0x0000000709800000, 0x0000000709800000| Complete 
|  77|0x0000000709a00000, 0x0000000709c00000, 0x0000000709c00000|100%| O|  |TAMS 0x0000000709a00000, 0x0000000709a00000| Untracked 
|  78|0x0000000709c00000, 0x0000000709e00000, 0x0000000709e00000|100%|HS|  |TAMS 0x0000000709e00000, 0x0000000709c00000| Complete 
|  79|0x0000000709e00000, 0x000000070a000000, 0x000000070a000000|100%| O|  |TAMS 0x000000070a000000, 0x0000000709e00000| Untracked 
|  80|0x000000070a000000, 0x000000070a200000, 0x000000070a200000|100%| O|  |TAMS 0x000000070a200000, 0x000000070a000000| Untracked 
|  81|0x000000070a200000, 0x000000070a400000, 0x000000070a400000|100%| O|  |TAMS 0x000000070a400000, 0x000000070a200000| Untracked 
|  82|0x000000070a400000, 0x000000070a600000, 0x000000070a600000|100%| O|  |TAMS 0x000000070a400000, 0x000000070a400000| Untracked 
|  83|0x000000070a600000, 0x000000070a800000, 0x000000070a800000|100%| O|  |TAMS 0x000000070a600000, 0x000000070a600000| Untracked 
|  84|0x000000070a800000, 0x000000070aa00000, 0x000000070aa00000|100%| O|  |TAMS 0x000000070a800000, 0x000000070a800000| Untracked 
|  85|0x000000070aa00000, 0x000000070ac00000, 0x000000070ac00000|100%| O|  |TAMS 0x000000070ac00000, 0x000000070aa00000| Untracked 
|  86|0x000000070ac00000, 0x000000070ae00000, 0x000000070ae00000|100%| O|  |TAMS 0x000000070ae00000, 0x000000070ac00000| Untracked 
|  87|0x000000070ae00000, 0x000000070b000000, 0x000000070b000000|100%| O|  |TAMS 0x000000070b000000, 0x000000070ae00000| Untracked 
|  88|0x000000070b000000, 0x000000070b200000, 0x000000070b200000|100%| O|  |TAMS 0x000000070b200000, 0x000000070b000000| Untracked 
|  89|0x000000070b200000, 0x000000070b400000, 0x000000070b400000|100%| O|  |TAMS 0x000000070b400000, 0x000000070b200000| Untracked 
|  90|0x000000070b400000, 0x000000070b600000, 0x000000070b600000|100%| O|  |TAMS 0x000000070b600000, 0x000000070b400000| Untracked 
|  91|0x000000070b600000, 0x000000070b800000, 0x000000070b800000|100%| O|  |TAMS 0x000000070b800000, 0x000000070b600000| Untracked 
|  92|0x000000070b800000, 0x000000070ba00000, 0x000000070ba00000|100%| O|  |TAMS 0x000000070ba00000, 0x000000070b800000| Untracked 
|  93|0x000000070ba00000, 0x000000070bc00000, 0x000000070bc00000|100%| O|  |TAMS 0x000000070bc00000, 0x000000070ba00000| Untracked 
|  94|0x000000070bc00000, 0x000000070be00000, 0x000000070be00000|100%| O|  |TAMS 0x000000070bc00000, 0x000000070bc00000| Untracked 
|  95|0x000000070be00000, 0x000000070c000000, 0x000000070c000000|100%| O|  |TAMS 0x000000070c000000, 0x000000070be00000| Untracked 
|  96|0x000000070c000000, 0x000000070c200000, 0x000000070c200000|100%|HS|  |TAMS 0x000000070c000000, 0x000000070c000000| Complete 
|  97|0x000000070c200000, 0x000000070c400000, 0x000000070c400000|100%|HC|  |TAMS 0x000000070c200000, 0x000000070c200000| Complete 
|  98|0x000000070c400000, 0x000000070c600000, 0x000000070c600000|100%| O|  |TAMS 0x000000070c420000, 0x000000070c400000| Untracked 
|  99|0x000000070c600000, 0x000000070c800000, 0x000000070c800000|100%| O|  |TAMS 0x000000070c600000, 0x000000070c600000| Untracked 
| 100|0x000000070c800000, 0x000000070ca00000, 0x000000070ca00000|100%| O|  |TAMS 0x000000070c800000, 0x000000070c800000| Untracked 
| 101|0x000000070ca00000, 0x000000070cc00000, 0x000000070cc00000|100%| O|  |TAMS 0x000000070ca00000, 0x000000070ca00000| Untracked 
| 102|0x000000070cc00000, 0x000000070ce00000, 0x000000070ce00000|100%| O|  |TAMS 0x000000070cc00000, 0x000000070cc00000| Untracked 
| 103|0x000000070ce00000, 0x000000070d000000, 0x000000070d000000|100%| O|  |TAMS 0x000000070ce00000, 0x000000070ce00000| Untracked 
| 104|0x000000070d000000, 0x000000070d200000, 0x000000070d200000|100%| O|  |TAMS 0x000000070d000000, 0x000000070d000000| Untracked 
| 105|0x000000070d200000, 0x000000070d400000, 0x000000070d400000|100%| O|  |TAMS 0x000000070d200000, 0x000000070d200000| Untracked 
| 106|0x000000070d400000, 0x000000070d600000, 0x000000070d600000|100%| O|  |TAMS 0x000000070d400000, 0x000000070d400000| Untracked 
| 107|0x000000070d600000, 0x000000070d800000, 0x000000070d800000|100%| O|  |TAMS 0x000000070d600000, 0x000000070d600000| Untracked 
| 108|0x000000070d800000, 0x000000070da00000, 0x000000070da00000|100%| O|  |TAMS 0x000000070d800000, 0x000000070d800000| Untracked 
| 109|0x000000070da00000, 0x000000070dc00000, 0x000000070dc00000|100%| O|  |TAMS 0x000000070da00000, 0x000000070da00000| Untracked 
| 110|0x000000070dc00000, 0x000000070de00000, 0x000000070de00000|100%| O|  |TAMS 0x000000070dc00000, 0x000000070dc00000| Untracked 
| 111|0x000000070de00000, 0x000000070e000000, 0x000000070e000000|100%| O|  |TAMS 0x000000070de00000, 0x000000070de00000| Untracked 
| 112|0x000000070e000000, 0x000000070e200000, 0x000000070e200000|100%| O|  |TAMS 0x000000070e000000, 0x000000070e000000| Untracked 
| 113|0x000000070e200000, 0x000000070e400000, 0x000000070e400000|100%| O|  |TAMS 0x000000070e200000, 0x000000070e200000| Untracked 
| 114|0x000000070e400000, 0x000000070e600000, 0x000000070e600000|100%| O|  |TAMS 0x000000070e400000, 0x000000070e400000| Untracked 
| 115|0x000000070e600000, 0x000000070e800000, 0x000000070e800000|100%| O|  |TAMS 0x000000070e600000, 0x000000070e600000| Untracked 
| 116|0x000000070e800000, 0x000000070ea00000, 0x000000070ea00000|100%| O|  |TAMS 0x000000070e800000, 0x000000070e800000| Untracked 
| 117|0x000000070ea00000, 0x000000070ec00000, 0x000000070ec00000|100%| O|  |TAMS 0x000000070ea00000, 0x000000070ea00000| Untracked 
| 118|0x000000070ec00000, 0x000000070ee00000, 0x000000070ee00000|100%| O|  |TAMS 0x000000070ec00000, 0x000000070ec00000| Untracked 
| 119|0x000000070ee00000, 0x000000070f000000, 0x000000070f000000|100%| O|  |TAMS 0x000000070ee00000, 0x000000070ee00000| Untracked 
| 120|0x000000070f000000, 0x000000070f200000, 0x000000070f200000|100%| O|  |TAMS 0x000000070f000000, 0x000000070f000000| Untracked 
| 121|0x000000070f200000, 0x000000070f400000, 0x000000070f400000|100%| O|  |TAMS 0x000000070f200000, 0x000000070f200000| Untracked 
| 122|0x000000070f400000, 0x000000070f600000, 0x000000070f600000|100%| O|  |TAMS 0x000000070f400000, 0x000000070f400000| Untracked 
| 123|0x000000070f600000, 0x000000070f800000, 0x000000070f800000|100%| O|  |TAMS 0x000000070f600000, 0x000000070f600000| Untracked 
| 124|0x000000070f800000, 0x000000070fa00000, 0x000000070fa00000|100%| O|  |TAMS 0x000000070f800000, 0x000000070f800000| Untracked 
| 125|0x000000070fa00000, 0x000000070fc00000, 0x000000070fc00000|100%| O|  |TAMS 0x000000070fa00000, 0x000000070fa00000| Untracked 
| 126|0x000000070fc00000, 0x000000070fe00000, 0x000000070fe00000|100%| O|  |TAMS 0x000000070fc00000, 0x000000070fc00000| Untracked 
| 127|0x000000070fe00000, 0x0000000710000000, 0x0000000710000000|100%| O|  |TAMS 0x000000070fe00000, 0x000000070fe00000| Untracked 
| 128|0x0000000710000000, 0x0000000710200000, 0x0000000710200000|100%| O|  |TAMS 0x0000000710000000, 0x0000000710000000| Untracked 
| 129|0x0000000710200000, 0x0000000710400000, 0x0000000710400000|100%| O|  |TAMS 0x0000000710200000, 0x0000000710200000| Untracked 
| 130|0x0000000710400000, 0x0000000710600000, 0x0000000710600000|100%| O|  |TAMS 0x0000000710400000, 0x0000000710400000| Untracked 
| 131|0x0000000710600000, 0x0000000710800000, 0x0000000710800000|100%| O|  |TAMS 0x0000000710600000, 0x0000000710600000| Untracked 
| 132|0x0000000710800000, 0x0000000710a00000, 0x0000000710a00000|100%| O|  |TAMS 0x0000000710800000, 0x0000000710800000| Untracked 
| 133|0x0000000710a00000, 0x0000000710af2800, 0x0000000710c00000| 47%| O|  |TAMS 0x0000000710a00000, 0x0000000710a00000| Untracked 
| 134|0x0000000710c00000, 0x0000000710c00000, 0x0000000710e00000|  0%| F|  |TAMS 0x0000000710c00000, 0x0000000710c00000| Untracked 
| 135|0x0000000710e00000, 0x0000000710e00000, 0x0000000711000000|  0%| F|  |TAMS 0x0000000710e00000, 0x0000000710e00000| Untracked 
| 136|0x0000000711000000, 0x0000000711000000, 0x0000000711200000|  0%| F|  |TAMS 0x0000000711000000, 0x0000000711000000| Untracked 
| 137|0x0000000711200000, 0x0000000711200000, 0x0000000711400000|  0%| F|  |TAMS 0x0000000711200000, 0x0000000711200000| Untracked 
| 138|0x0000000711400000, 0x0000000711400000, 0x0000000711600000|  0%| F|  |TAMS 0x0000000711400000, 0x0000000711400000| Untracked 
| 139|0x0000000711600000, 0x0000000711600000, 0x0000000711800000|  0%| F|  |TAMS 0x0000000711600000, 0x0000000711600000| Untracked 
| 140|0x0000000711800000, 0x0000000711800000, 0x0000000711a00000|  0%| F|  |TAMS 0x0000000711800000, 0x0000000711800000| Untracked 
| 141|0x0000000711a00000, 0x0000000711a00000, 0x0000000711c00000|  0%| F|  |TAMS 0x0000000711a00000, 0x0000000711a00000| Untracked 
| 142|0x0000000711c00000, 0x0000000711c00000, 0x0000000711e00000|  0%| F|  |TAMS 0x0000000711c00000, 0x0000000711c00000| Untracked 
| 143|0x0000000711e00000, 0x0000000711e00000, 0x0000000712000000|  0%| F|  |TAMS 0x0000000711e00000, 0x0000000711e00000| Untracked 
| 144|0x0000000712000000, 0x0000000712000000, 0x0000000712200000|  0%| F|  |TAMS 0x0000000712000000, 0x0000000712000000| Untracked 
| 145|0x0000000712200000, 0x0000000712200000, 0x0000000712400000|  0%| F|  |TAMS 0x0000000712200000, 0x0000000712200000| Untracked 
| 146|0x0000000712400000, 0x0000000712400000, 0x0000000712600000|  0%| F|  |TAMS 0x0000000712400000, 0x0000000712400000| Untracked 
| 147|0x0000000712600000, 0x0000000712600000, 0x0000000712800000|  0%| F|  |TAMS 0x0000000712600000, 0x0000000712600000| Untracked 
| 148|0x0000000712800000, 0x0000000712800000, 0x0000000712a00000|  0%| F|  |TAMS 0x0000000712800000, 0x0000000712800000| Untracked 
| 149|0x0000000712a00000, 0x0000000712a00000, 0x0000000712c00000|  0%| F|  |TAMS 0x0000000712a00000, 0x0000000712a00000| Untracked 
| 150|0x0000000712c00000, 0x0000000712c00000, 0x0000000712e00000|  0%| F|  |TAMS 0x0000000712c00000, 0x0000000712c00000| Untracked 
| 151|0x0000000712e00000, 0x0000000712e00000, 0x0000000713000000|  0%| F|  |TAMS 0x0000000712e00000, 0x0000000712e00000| Untracked 
| 152|0x0000000713000000, 0x0000000713000000, 0x0000000713200000|  0%| F|  |TAMS 0x0000000713000000, 0x0000000713000000| Untracked 
| 153|0x0000000713200000, 0x0000000713200000, 0x0000000713400000|  0%| F|  |TAMS 0x0000000713200000, 0x0000000713200000| Untracked 
| 154|0x0000000713400000, 0x0000000713400000, 0x0000000713600000|  0%| F|  |TAMS 0x0000000713400000, 0x0000000713400000| Untracked 
| 155|0x0000000713600000, 0x0000000713600000, 0x0000000713800000|  0%| F|  |TAMS 0x0000000713600000, 0x0000000713600000| Untracked 
| 156|0x0000000713800000, 0x0000000713800000, 0x0000000713a00000|  0%| F|  |TAMS 0x0000000713800000, 0x0000000713800000| Untracked 
| 157|0x0000000713a00000, 0x0000000713a00000, 0x0000000713c00000|  0%| F|  |TAMS 0x0000000713a00000, 0x0000000713a00000| Untracked 
| 158|0x0000000713c00000, 0x0000000713c00000, 0x0000000713e00000|  0%| F|  |TAMS 0x0000000713c00000, 0x0000000713c00000| Untracked 
| 159|0x0000000713e00000, 0x0000000713e00000, 0x0000000714000000|  0%| F|  |TAMS 0x0000000713e00000, 0x0000000713e00000| Untracked 
| 160|0x0000000714000000, 0x0000000714000000, 0x0000000714200000|  0%| F|  |TAMS 0x0000000714000000, 0x0000000714000000| Untracked 
| 161|0x0000000714200000, 0x0000000714200000, 0x0000000714400000|  0%| F|  |TAMS 0x0000000714200000, 0x0000000714200000| Untracked 
| 162|0x0000000714400000, 0x0000000714400000, 0x0000000714600000|  0%| F|  |TAMS 0x0000000714400000, 0x0000000714400000| Untracked 
| 163|0x0000000714600000, 0x0000000714600000, 0x0000000714800000|  0%| F|  |TAMS 0x0000000714600000, 0x0000000714600000| Untracked 
| 164|0x0000000714800000, 0x0000000714800000, 0x0000000714a00000|  0%| F|  |TAMS 0x0000000714800000, 0x0000000714800000| Untracked 
| 165|0x0000000714a00000, 0x0000000714a00000, 0x0000000714c00000|  0%| F|  |TAMS 0x0000000714a00000, 0x0000000714a00000| Untracked 
| 166|0x0000000714c00000, 0x0000000714c00000, 0x0000000714e00000|  0%| F|  |TAMS 0x0000000714c00000, 0x0000000714c00000| Untracked 
| 167|0x0000000714e00000, 0x0000000714e00000, 0x0000000715000000|  0%| F|  |TAMS 0x0000000714e00000, 0x0000000714e00000| Untracked 
| 168|0x0000000715000000, 0x0000000715000000, 0x0000000715200000|  0%| F|  |TAMS 0x0000000715000000, 0x0000000715000000| Untracked 
| 169|0x0000000715200000, 0x0000000715200000, 0x0000000715400000|  0%| F|  |TAMS 0x0000000715200000, 0x0000000715200000| Untracked 
| 170|0x0000000715400000, 0x0000000715400000, 0x0000000715600000|  0%| F|  |TAMS 0x0000000715400000, 0x0000000715400000| Untracked 
| 171|0x0000000715600000, 0x0000000715600000, 0x0000000715800000|  0%| F|  |TAMS 0x0000000715600000, 0x0000000715600000| Untracked 
| 172|0x0000000715800000, 0x0000000715800000, 0x0000000715a00000|  0%| F|  |TAMS 0x0000000715800000, 0x0000000715800000| Untracked 
| 173|0x0000000715a00000, 0x0000000715a00000, 0x0000000715c00000|  0%| F|  |TAMS 0x0000000715a00000, 0x0000000715a00000| Untracked 
| 174|0x0000000715c00000, 0x0000000715c00000, 0x0000000715e00000|  0%| F|  |TAMS 0x0000000715c00000, 0x0000000715c00000| Untracked 
| 175|0x0000000715e00000, 0x0000000715e00000, 0x0000000716000000|  0%| F|  |TAMS 0x0000000715e00000, 0x0000000715e00000| Untracked 
| 176|0x0000000716000000, 0x0000000716000000, 0x0000000716200000|  0%| F|  |TAMS 0x0000000716000000, 0x0000000716000000| Untracked 
| 177|0x0000000716200000, 0x0000000716200000, 0x0000000716400000|  0%| F|  |TAMS 0x0000000716200000, 0x0000000716200000| Untracked 
| 178|0x0000000716400000, 0x0000000716400000, 0x0000000716600000|  0%| F|  |TAMS 0x0000000716400000, 0x0000000716400000| Untracked 
| 179|0x0000000716600000, 0x0000000716600000, 0x0000000716800000|  0%| F|  |TAMS 0x0000000716600000, 0x0000000716600000| Untracked 
| 180|0x0000000716800000, 0x0000000716800000, 0x0000000716a00000|  0%| F|  |TAMS 0x0000000716800000, 0x0000000716800000| Untracked 
| 181|0x0000000716a00000, 0x0000000716a00000, 0x0000000716c00000|  0%| F|  |TAMS 0x0000000716a00000, 0x0000000716a00000| Untracked 
| 182|0x0000000716c00000, 0x0000000716c00000, 0x0000000716e00000|  0%| F|  |TAMS 0x0000000716c00000, 0x0000000716c00000| Untracked 
| 183|0x0000000716e00000, 0x0000000716e00000, 0x0000000717000000|  0%| F|  |TAMS 0x0000000716e00000, 0x0000000716e00000| Untracked 
| 184|0x0000000717000000, 0x0000000717000000, 0x0000000717200000|  0%| F|  |TAMS 0x0000000717000000, 0x0000000717000000| Untracked 
| 185|0x0000000717200000, 0x0000000717200000, 0x0000000717400000|  0%| F|  |TAMS 0x0000000717200000, 0x0000000717200000| Untracked 
| 186|0x0000000717400000, 0x0000000717400000, 0x0000000717600000|  0%| F|  |TAMS 0x0000000717400000, 0x0000000717400000| Untracked 
| 187|0x0000000717600000, 0x0000000717600000, 0x0000000717800000|  0%| F|  |TAMS 0x0000000717600000, 0x0000000717600000| Untracked 
| 188|0x0000000717800000, 0x0000000717800000, 0x0000000717a00000|  0%| F|  |TAMS 0x0000000717800000, 0x0000000717800000| Untracked 
| 189|0x0000000717a00000, 0x0000000717a00000, 0x0000000717c00000|  0%| F|  |TAMS 0x0000000717a00000, 0x0000000717a00000| Untracked 
| 190|0x0000000717c00000, 0x0000000717c00000, 0x0000000717e00000|  0%| F|  |TAMS 0x0000000717c00000, 0x0000000717c00000| Untracked 
| 191|0x0000000717e00000, 0x0000000717e00000, 0x0000000718000000|  0%| F|  |TAMS 0x0000000717e00000, 0x0000000717e00000| Untracked 
| 192|0x0000000718000000, 0x0000000718000000, 0x0000000718200000|  0%| F|  |TAMS 0x0000000718000000, 0x0000000718000000| Untracked 
| 193|0x0000000718200000, 0x0000000718200000, 0x0000000718400000|  0%| F|  |TAMS 0x0000000718200000, 0x0000000718200000| Untracked 
| 194|0x0000000718400000, 0x0000000718400000, 0x0000000718600000|  0%| F|  |TAMS 0x0000000718400000, 0x0000000718400000| Untracked 
| 195|0x0000000718600000, 0x0000000718600000, 0x0000000718800000|  0%| F|  |TAMS 0x0000000718600000, 0x0000000718600000| Untracked 
| 196|0x0000000718800000, 0x0000000718800000, 0x0000000718a00000|  0%| F|  |TAMS 0x0000000718800000, 0x0000000718800000| Untracked 
| 197|0x0000000718a00000, 0x0000000718a00000, 0x0000000718c00000|  0%| F|  |TAMS 0x0000000718a00000, 0x0000000718a00000| Untracked 
| 198|0x0000000718c00000, 0x0000000718c00000, 0x0000000718e00000|  0%| F|  |TAMS 0x0000000718c00000, 0x0000000718c00000| Untracked 
| 199|0x0000000718e00000, 0x0000000718e00000, 0x0000000719000000|  0%| F|  |TAMS 0x0000000718e00000, 0x0000000718e00000| Untracked 
| 200|0x0000000719000000, 0x0000000719000000, 0x0000000719200000|  0%| F|  |TAMS 0x0000000719000000, 0x0000000719000000| Untracked 
| 201|0x0000000719200000, 0x0000000719200000, 0x0000000719400000|  0%| F|  |TAMS 0x0000000719200000, 0x0000000719200000| Untracked 
| 202|0x0000000719400000, 0x0000000719400000, 0x0000000719600000|  0%| F|  |TAMS 0x0000000719400000, 0x0000000719400000| Untracked 
| 203|0x0000000719600000, 0x0000000719600000, 0x0000000719800000|  0%| F|  |TAMS 0x0000000719600000, 0x0000000719600000| Untracked 
| 204|0x0000000719800000, 0x0000000719800000, 0x0000000719a00000|  0%| F|  |TAMS 0x0000000719800000, 0x0000000719800000| Untracked 
| 205|0x0000000719a00000, 0x0000000719a00000, 0x0000000719c00000|  0%| F|  |TAMS 0x0000000719a00000, 0x0000000719a00000| Untracked 
| 206|0x0000000719c00000, 0x0000000719c00000, 0x0000000719e00000|  0%| F|  |TAMS 0x0000000719c00000, 0x0000000719c00000| Untracked 
| 207|0x0000000719e00000, 0x0000000719e00000, 0x000000071a000000|  0%| F|  |TAMS 0x0000000719e00000, 0x0000000719e00000| Untracked 
| 208|0x000000071a000000, 0x000000071a000000, 0x000000071a200000|  0%| F|  |TAMS 0x000000071a000000, 0x000000071a000000| Untracked 
| 209|0x000000071a200000, 0x000000071a200000, 0x000000071a400000|  0%| F|  |TAMS 0x000000071a200000, 0x000000071a200000| Untracked 
| 210|0x000000071a400000, 0x000000071a400000, 0x000000071a600000|  0%| F|  |TAMS 0x000000071a400000, 0x000000071a400000| Untracked 
| 211|0x000000071a600000, 0x000000071a600000, 0x000000071a800000|  0%| F|  |TAMS 0x000000071a600000, 0x000000071a600000| Untracked 
| 212|0x000000071a800000, 0x000000071a800000, 0x000000071aa00000|  0%| F|  |TAMS 0x000000071a800000, 0x000000071a800000| Untracked 
| 213|0x000000071aa00000, 0x000000071aa00000, 0x000000071ac00000|  0%| F|  |TAMS 0x000000071aa00000, 0x000000071aa00000| Untracked 
| 214|0x000000071ac00000, 0x000000071ac00000, 0x000000071ae00000|  0%| F|  |TAMS 0x000000071ac00000, 0x000000071ac00000| Untracked 
| 215|0x000000071ae00000, 0x000000071ae00000, 0x000000071b000000|  0%| F|  |TAMS 0x000000071ae00000, 0x000000071ae00000| Untracked 
| 216|0x000000071b000000, 0x000000071b000000, 0x000000071b200000|  0%| F|  |TAMS 0x000000071b000000, 0x000000071b000000| Untracked 
| 217|0x000000071b200000, 0x000000071b200000, 0x000000071b400000|  0%| F|  |TAMS 0x000000071b200000, 0x000000071b200000| Untracked 
| 218|0x000000071b400000, 0x000000071b400000, 0x000000071b600000|  0%| F|  |TAMS 0x000000071b400000, 0x000000071b400000| Untracked 
| 219|0x000000071b600000, 0x000000071b600000, 0x000000071b800000|  0%| F|  |TAMS 0x000000071b600000, 0x000000071b600000| Untracked 
| 220|0x000000071b800000, 0x000000071b800000, 0x000000071ba00000|  0%| F|  |TAMS 0x000000071b800000, 0x000000071b800000| Untracked 
| 221|0x000000071ba00000, 0x000000071ba00000, 0x000000071bc00000|  0%| F|  |TAMS 0x000000071ba00000, 0x000000071ba00000| Untracked 
| 222|0x000000071bc00000, 0x000000071bc00000, 0x000000071be00000|  0%| F|  |TAMS 0x000000071bc00000, 0x000000071bc00000| Untracked 
| 223|0x000000071be00000, 0x000000071be00000, 0x000000071c000000|  0%| F|  |TAMS 0x000000071be00000, 0x000000071be00000| Untracked 
| 224|0x000000071c000000, 0x000000071c000000, 0x000000071c200000|  0%| F|  |TAMS 0x000000071c000000, 0x000000071c000000| Untracked 
| 225|0x000000071c200000, 0x000000071c200000, 0x000000071c400000|  0%| F|  |TAMS 0x000000071c200000, 0x000000071c200000| Untracked 
| 226|0x000000071c400000, 0x000000071c400000, 0x000000071c600000|  0%| F|  |TAMS 0x000000071c400000, 0x000000071c400000| Untracked 
| 227|0x000000071c600000, 0x000000071c600000, 0x000000071c800000|  0%| F|  |TAMS 0x000000071c600000, 0x000000071c600000| Untracked 
| 228|0x000000071c800000, 0x000000071c800000, 0x000000071ca00000|  0%| F|  |TAMS 0x000000071c800000, 0x000000071c800000| Untracked 
| 229|0x000000071ca00000, 0x000000071ca00000, 0x000000071cc00000|  0%| F|  |TAMS 0x000000071ca00000, 0x000000071ca00000| Untracked 
| 230|0x000000071cc00000, 0x000000071cc00000, 0x000000071ce00000|  0%| F|  |TAMS 0x000000071cc00000, 0x000000071cc00000| Untracked 
| 231|0x000000071ce00000, 0x000000071ce00000, 0x000000071d000000|  0%| F|  |TAMS 0x000000071ce00000, 0x000000071ce00000| Untracked 
| 232|0x000000071d000000, 0x000000071d000000, 0x000000071d200000|  0%| F|  |TAMS 0x000000071d000000, 0x000000071d000000| Untracked 
| 233|0x000000071d200000, 0x000000071d200000, 0x000000071d400000|  0%| F|  |TAMS 0x000000071d200000, 0x000000071d200000| Untracked 
| 234|0x000000071d400000, 0x000000071d400000, 0x000000071d600000|  0%| F|  |TAMS 0x000000071d400000, 0x000000071d400000| Untracked 
| 235|0x000000071d600000, 0x000000071d600000, 0x000000071d800000|  0%| F|  |TAMS 0x000000071d600000, 0x000000071d600000| Untracked 
| 236|0x000000071d800000, 0x000000071d800000, 0x000000071da00000|  0%| F|  |TAMS 0x000000071d800000, 0x000000071d800000| Untracked 
| 237|0x000000071da00000, 0x000000071da00000, 0x000000071dc00000|  0%| F|  |TAMS 0x000000071da00000, 0x000000071da00000| Untracked 
| 238|0x000000071dc00000, 0x000000071dc00000, 0x000000071de00000|  0%| F|  |TAMS 0x000000071dc00000, 0x000000071dc00000| Untracked 
| 239|0x000000071de00000, 0x000000071de00000, 0x000000071e000000|  0%| F|  |TAMS 0x000000071de00000, 0x000000071de00000| Untracked 
| 240|0x000000071e000000, 0x000000071e000000, 0x000000071e200000|  0%| F|  |TAMS 0x000000071e000000, 0x000000071e000000| Untracked 
| 241|0x000000071e200000, 0x000000071e200000, 0x000000071e400000|  0%| F|  |TAMS 0x000000071e200000, 0x000000071e200000| Untracked 
| 242|0x000000071e400000, 0x000000071e400000, 0x000000071e600000|  0%| F|  |TAMS 0x000000071e400000, 0x000000071e400000| Untracked 
| 243|0x000000071e600000, 0x000000071e600000, 0x000000071e800000|  0%| F|  |TAMS 0x000000071e600000, 0x000000071e600000| Untracked 
| 244|0x000000071e800000, 0x000000071e800000, 0x000000071ea00000|  0%| F|  |TAMS 0x000000071e800000, 0x000000071e800000| Untracked 
| 245|0x000000071ea00000, 0x000000071ea00000, 0x000000071ec00000|  0%| F|  |TAMS 0x000000071ea00000, 0x000000071ea00000| Untracked 
| 246|0x000000071ec00000, 0x000000071ee00000, 0x000000071ee00000|100%| S|CS|TAMS 0x000000071ec00000, 0x000000071ec00000| Complete 
| 247|0x000000071ee00000, 0x000000071f000000, 0x000000071f000000|100%| S|CS|TAMS 0x000000071ee00000, 0x000000071ee00000| Complete 
| 248|0x000000071f000000, 0x000000071f200000, 0x000000071f200000|100%| S|CS|TAMS 0x000000071f000000, 0x000000071f000000| Complete 
| 249|0x000000071f200000, 0x000000071f400000, 0x000000071f400000|100%| S|CS|TAMS 0x000000071f200000, 0x000000071f200000| Complete 
| 250|0x000000071f400000, 0x000000071f600000, 0x000000071f600000|100%| S|CS|TAMS 0x000000071f400000, 0x000000071f400000| Complete 
| 251|0x000000071f600000, 0x000000071f800000, 0x000000071f800000|100%| S|CS|TAMS 0x000000071f600000, 0x000000071f600000| Complete 
| 252|0x000000071f800000, 0x000000071fa00000, 0x000000071fa00000|100%| S|CS|TAMS 0x000000071f800000, 0x000000071f800000| Complete 
| 253|0x000000071fa00000, 0x000000071fc00000, 0x000000071fc00000|100%| S|CS|TAMS 0x000000071fa00000, 0x000000071fa00000| Complete 
| 254|0x000000071fc00000, 0x000000071fe00000, 0x000000071fe00000|100%| S|CS|TAMS 0x000000071fc00000, 0x000000071fc00000| Complete 
| 255|0x000000071fe00000, 0x0000000720000000, 0x0000000720000000|100%| S|CS|TAMS 0x000000071fe00000, 0x000000071fe00000| Complete 
| 256|0x0000000720000000, 0x0000000720200000, 0x0000000720200000|100%| S|CS|TAMS 0x0000000720000000, 0x0000000720000000| Complete 
| 257|0x0000000720200000, 0x0000000720400000, 0x0000000720400000|100%| S|CS|TAMS 0x0000000720200000, 0x0000000720200000| Complete 
| 258|0x0000000720400000, 0x0000000720400000, 0x0000000720600000|  0%| F|  |TAMS 0x0000000720400000, 0x0000000720400000| Untracked 
| 259|0x0000000720600000, 0x0000000720600000, 0x0000000720800000|  0%| F|  |TAMS 0x0000000720600000, 0x0000000720600000| Untracked 
| 260|0x0000000720800000, 0x0000000720800000, 0x0000000720a00000|  0%| F|  |TAMS 0x0000000720800000, 0x0000000720800000| Untracked 
| 261|0x0000000720a00000, 0x0000000720a00000, 0x0000000720c00000|  0%| F|  |TAMS 0x0000000720a00000, 0x0000000720a00000| Untracked 
| 262|0x0000000720c00000, 0x0000000720c00000, 0x0000000720e00000|  0%| F|  |TAMS 0x0000000720c00000, 0x0000000720c00000| Untracked 
| 263|0x0000000720e00000, 0x0000000720e00000, 0x0000000721000000|  0%| F|  |TAMS 0x0000000720e00000, 0x0000000720e00000| Untracked 
| 264|0x0000000721000000, 0x0000000721000000, 0x0000000721200000|  0%| F|  |TAMS 0x0000000721000000, 0x0000000721000000| Untracked 
| 265|0x0000000721200000, 0x0000000721200000, 0x0000000721400000|  0%| F|  |TAMS 0x0000000721200000, 0x0000000721200000| Untracked 
| 266|0x0000000721400000, 0x0000000721400000, 0x0000000721600000|  0%| F|  |TAMS 0x0000000721400000, 0x0000000721400000| Untracked 
| 267|0x0000000721600000, 0x0000000721600000, 0x0000000721800000|  0%| F|  |TAMS 0x0000000721600000, 0x0000000721600000| Untracked 
| 268|0x0000000721800000, 0x0000000721800000, 0x0000000721a00000|  0%| F|  |TAMS 0x0000000721800000, 0x0000000721800000| Untracked 
| 269|0x0000000721a00000, 0x0000000721a00000, 0x0000000721c00000|  0%| F|  |TAMS 0x0000000721a00000, 0x0000000721a00000| Untracked 
| 270|0x0000000721c00000, 0x0000000721c00000, 0x0000000721e00000|  0%| F|  |TAMS 0x0000000721c00000, 0x0000000721c00000| Untracked 
| 271|0x0000000721e00000, 0x0000000721e00000, 0x0000000722000000|  0%| F|  |TAMS 0x0000000721e00000, 0x0000000721e00000| Untracked 
| 272|0x0000000722000000, 0x0000000722000000, 0x0000000722200000|  0%| F|  |TAMS 0x0000000722000000, 0x0000000722000000| Untracked 
| 273|0x0000000722200000, 0x0000000722200000, 0x0000000722400000|  0%| F|  |TAMS 0x0000000722200000, 0x0000000722200000| Untracked 
| 274|0x0000000722400000, 0x0000000722400000, 0x0000000722600000|  0%| F|  |TAMS 0x0000000722400000, 0x0000000722400000| Untracked 
| 275|0x0000000722600000, 0x0000000722600000, 0x0000000722800000|  0%| F|  |TAMS 0x0000000722600000, 0x0000000722600000| Untracked 
| 276|0x0000000722800000, 0x0000000722800000, 0x0000000722a00000|  0%| F|  |TAMS 0x0000000722800000, 0x0000000722800000| Untracked 
| 277|0x0000000722a00000, 0x0000000722a00000, 0x0000000722c00000|  0%| F|  |TAMS 0x0000000722a00000, 0x0000000722a00000| Untracked 
| 278|0x0000000722c00000, 0x0000000722c00000, 0x0000000722e00000|  0%| F|  |TAMS 0x0000000722c00000, 0x0000000722c00000| Untracked 
| 279|0x0000000722e00000, 0x0000000722e00000, 0x0000000723000000|  0%| F|  |TAMS 0x0000000722e00000, 0x0000000722e00000| Untracked 
| 280|0x0000000723000000, 0x0000000723000000, 0x0000000723200000|  0%| F|  |TAMS 0x0000000723000000, 0x0000000723000000| Untracked 
| 281|0x0000000723200000, 0x0000000723200000, 0x0000000723400000|  0%| F|  |TAMS 0x0000000723200000, 0x0000000723200000| Untracked 
| 282|0x0000000723400000, 0x0000000723400000, 0x0000000723600000|  0%| F|  |TAMS 0x0000000723400000, 0x0000000723400000| Untracked 
| 283|0x0000000723600000, 0x0000000723600000, 0x0000000723800000|  0%| F|  |TAMS 0x0000000723600000, 0x0000000723600000| Untracked 
| 284|0x0000000723800000, 0x0000000723800000, 0x0000000723a00000|  0%| F|  |TAMS 0x0000000723800000, 0x0000000723800000| Untracked 
| 285|0x0000000723a00000, 0x0000000723a00000, 0x0000000723c00000|  0%| F|  |TAMS 0x0000000723a00000, 0x0000000723a00000| Untracked 
| 286|0x0000000723c00000, 0x0000000723c00000, 0x0000000723e00000|  0%| F|  |TAMS 0x0000000723c00000, 0x0000000723c00000| Untracked 
| 287|0x0000000723e00000, 0x0000000723e00000, 0x0000000724000000|  0%| F|  |TAMS 0x0000000723e00000, 0x0000000723e00000| Untracked 
| 288|0x0000000724000000, 0x0000000724000000, 0x0000000724200000|  0%| F|  |TAMS 0x0000000724000000, 0x0000000724000000| Untracked 
| 289|0x0000000724200000, 0x0000000724200000, 0x0000000724400000|  0%| F|  |TAMS 0x0000000724200000, 0x0000000724200000| Untracked 
| 290|0x0000000724400000, 0x0000000724400000, 0x0000000724600000|  0%| F|  |TAMS 0x0000000724400000, 0x0000000724400000| Untracked 
| 291|0x0000000724600000, 0x0000000724600000, 0x0000000724800000|  0%| F|  |TAMS 0x0000000724600000, 0x0000000724600000| Untracked 
| 292|0x0000000724800000, 0x0000000724800000, 0x0000000724a00000|  0%| F|  |TAMS 0x0000000724800000, 0x0000000724800000| Untracked 
| 293|0x0000000724a00000, 0x0000000724a00000, 0x0000000724c00000|  0%| F|  |TAMS 0x0000000724a00000, 0x0000000724a00000| Untracked 
| 294|0x0000000724c00000, 0x0000000724c00000, 0x0000000724e00000|  0%| F|  |TAMS 0x0000000724c00000, 0x0000000724c00000| Untracked 
| 295|0x0000000724e00000, 0x0000000724e00000, 0x0000000725000000|  0%| F|  |TAMS 0x0000000724e00000, 0x0000000724e00000| Untracked 
| 296|0x0000000725000000, 0x0000000725000000, 0x0000000725200000|  0%| F|  |TAMS 0x0000000725000000, 0x0000000725000000| Untracked 
| 297|0x0000000725200000, 0x0000000725200000, 0x0000000725400000|  0%| F|  |TAMS 0x0000000725200000, 0x0000000725200000| Untracked 
| 298|0x0000000725400000, 0x0000000725400000, 0x0000000725600000|  0%| F|  |TAMS 0x0000000725400000, 0x0000000725400000| Untracked 
| 299|0x0000000725600000, 0x0000000725600000, 0x0000000725800000|  0%| F|  |TAMS 0x0000000725600000, 0x0000000725600000| Untracked 
| 300|0x0000000725800000, 0x0000000725800000, 0x0000000725a00000|  0%| F|  |TAMS 0x0000000725800000, 0x0000000725800000| Untracked 
| 301|0x0000000725a00000, 0x0000000725a00000, 0x0000000725c00000|  0%| F|  |TAMS 0x0000000725a00000, 0x0000000725a00000| Untracked 
| 302|0x0000000725c00000, 0x0000000725c00000, 0x0000000725e00000|  0%| F|  |TAMS 0x0000000725c00000, 0x0000000725c00000| Untracked 
| 303|0x0000000725e00000, 0x0000000725e00000, 0x0000000726000000|  0%| F|  |TAMS 0x0000000725e00000, 0x0000000725e00000| Untracked 
| 304|0x0000000726000000, 0x0000000726000000, 0x0000000726200000|  0%| F|  |TAMS 0x0000000726000000, 0x0000000726000000| Untracked 
| 305|0x0000000726200000, 0x0000000726200000, 0x0000000726400000|  0%| F|  |TAMS 0x0000000726200000, 0x0000000726200000| Untracked 
| 306|0x0000000726400000, 0x0000000726400000, 0x0000000726600000|  0%| F|  |TAMS 0x0000000726400000, 0x0000000726400000| Untracked 
| 307|0x0000000726600000, 0x0000000726600000, 0x0000000726800000|  0%| F|  |TAMS 0x0000000726600000, 0x0000000726600000| Untracked 
| 308|0x0000000726800000, 0x0000000726800000, 0x0000000726a00000|  0%| F|  |TAMS 0x0000000726800000, 0x0000000726800000| Untracked 
| 309|0x0000000726a00000, 0x0000000726a00000, 0x0000000726c00000|  0%| F|  |TAMS 0x0000000726a00000, 0x0000000726a00000| Untracked 
| 310|0x0000000726c00000, 0x0000000726c00000, 0x0000000726e00000|  0%| F|  |TAMS 0x0000000726c00000, 0x0000000726c00000| Untracked 
| 311|0x0000000726e00000, 0x0000000726e00000, 0x0000000727000000|  0%| F|  |TAMS 0x0000000726e00000, 0x0000000726e00000| Untracked 
| 312|0x0000000727000000, 0x0000000727000000, 0x0000000727200000|  0%| F|  |TAMS 0x0000000727000000, 0x0000000727000000| Untracked 
| 313|0x0000000727200000, 0x0000000727200000, 0x0000000727400000|  0%| F|  |TAMS 0x0000000727200000, 0x0000000727200000| Untracked 
| 314|0x0000000727400000, 0x0000000727400000, 0x0000000727600000|  0%| F|  |TAMS 0x0000000727400000, 0x0000000727400000| Untracked 
| 315|0x0000000727600000, 0x0000000727600000, 0x0000000727800000|  0%| F|  |TAMS 0x0000000727600000, 0x0000000727600000| Untracked 
| 316|0x0000000727800000, 0x0000000727800000, 0x0000000727a00000|  0%| F|  |TAMS 0x0000000727800000, 0x0000000727800000| Untracked 
| 317|0x0000000727a00000, 0x0000000727a00000, 0x0000000727c00000|  0%| F|  |TAMS 0x0000000727a00000, 0x0000000727a00000| Untracked 
| 318|0x0000000727c00000, 0x0000000727c00000, 0x0000000727e00000|  0%| F|  |TAMS 0x0000000727c00000, 0x0000000727c00000| Untracked 
| 319|0x0000000727e00000, 0x0000000727e00000, 0x0000000728000000|  0%| F|  |TAMS 0x0000000727e00000, 0x0000000727e00000| Untracked 
| 320|0x0000000728000000, 0x0000000728000000, 0x0000000728200000|  0%| F|  |TAMS 0x0000000728000000, 0x0000000728000000| Untracked 
| 321|0x0000000728200000, 0x0000000728200000, 0x0000000728400000|  0%| F|  |TAMS 0x0000000728200000, 0x0000000728200000| Untracked 
| 322|0x0000000728400000, 0x0000000728400000, 0x0000000728600000|  0%| F|  |TAMS 0x0000000728400000, 0x0000000728400000| Untracked 
| 323|0x0000000728600000, 0x0000000728600000, 0x0000000728800000|  0%| F|  |TAMS 0x0000000728600000, 0x0000000728600000| Untracked 
| 324|0x0000000728800000, 0x0000000728800000, 0x0000000728a00000|  0%| F|  |TAMS 0x0000000728800000, 0x0000000728800000| Untracked 
| 325|0x0000000728a00000, 0x0000000728a00000, 0x0000000728c00000|  0%| F|  |TAMS 0x0000000728a00000, 0x0000000728a00000| Untracked 
| 326|0x0000000728c00000, 0x0000000728c00000, 0x0000000728e00000|  0%| F|  |TAMS 0x0000000728c00000, 0x0000000728c00000| Untracked 
| 327|0x0000000728e00000, 0x0000000728e00000, 0x0000000729000000|  0%| F|  |TAMS 0x0000000728e00000, 0x0000000728e00000| Untracked 
| 328|0x0000000729000000, 0x0000000729000000, 0x0000000729200000|  0%| F|  |TAMS 0x0000000729000000, 0x0000000729000000| Untracked 
| 329|0x0000000729200000, 0x0000000729200000, 0x0000000729400000|  0%| F|  |TAMS 0x0000000729200000, 0x0000000729200000| Untracked 
| 330|0x0000000729400000, 0x0000000729400000, 0x0000000729600000|  0%| F|  |TAMS 0x0000000729400000, 0x0000000729400000| Untracked 
| 331|0x0000000729600000, 0x0000000729600000, 0x0000000729800000|  0%| F|  |TAMS 0x0000000729600000, 0x0000000729600000| Untracked 
| 332|0x0000000729800000, 0x0000000729800000, 0x0000000729a00000|  0%| F|  |TAMS 0x0000000729800000, 0x0000000729800000| Untracked 
| 333|0x0000000729a00000, 0x0000000729a00000, 0x0000000729c00000|  0%| F|  |TAMS 0x0000000729a00000, 0x0000000729a00000| Untracked 
| 334|0x0000000729c00000, 0x0000000729c00000, 0x0000000729e00000|  0%| F|  |TAMS 0x0000000729c00000, 0x0000000729c00000| Untracked 
| 335|0x0000000729e00000, 0x0000000729e00000, 0x000000072a000000|  0%| F|  |TAMS 0x0000000729e00000, 0x0000000729e00000| Untracked 
| 336|0x000000072a000000, 0x000000072a000000, 0x000000072a200000|  0%| F|  |TAMS 0x000000072a000000, 0x000000072a000000| Untracked 
| 337|0x000000072a200000, 0x000000072a200000, 0x000000072a400000|  0%| F|  |TAMS 0x000000072a200000, 0x000000072a200000| Untracked 
| 338|0x000000072a400000, 0x000000072a400000, 0x000000072a600000|  0%| F|  |TAMS 0x000000072a400000, 0x000000072a400000| Untracked 
| 339|0x000000072a600000, 0x000000072a600000, 0x000000072a800000|  0%| F|  |TAMS 0x000000072a600000, 0x000000072a600000| Untracked 
| 340|0x000000072a800000, 0x000000072a800000, 0x000000072aa00000|  0%| F|  |TAMS 0x000000072a800000, 0x000000072a800000| Untracked 
| 341|0x000000072aa00000, 0x000000072aa00000, 0x000000072ac00000|  0%| F|  |TAMS 0x000000072aa00000, 0x000000072aa00000| Untracked 
| 342|0x000000072ac00000, 0x000000072ac00000, 0x000000072ae00000|  0%| F|  |TAMS 0x000000072ac00000, 0x000000072ac00000| Untracked 
| 343|0x000000072ae00000, 0x000000072ae00000, 0x000000072b000000|  0%| F|  |TAMS 0x000000072ae00000, 0x000000072ae00000| Untracked 
| 344|0x000000072b000000, 0x000000072b000000, 0x000000072b200000|  0%| F|  |TAMS 0x000000072b000000, 0x000000072b000000| Untracked 
| 345|0x000000072b200000, 0x000000072b200000, 0x000000072b400000|  0%| F|  |TAMS 0x000000072b200000, 0x000000072b200000| Untracked 
| 346|0x000000072b400000, 0x000000072b400000, 0x000000072b600000|  0%| F|  |TAMS 0x000000072b400000, 0x000000072b400000| Untracked 
| 347|0x000000072b600000, 0x000000072b600000, 0x000000072b800000|  0%| F|  |TAMS 0x000000072b600000, 0x000000072b600000| Untracked 
| 348|0x000000072b800000, 0x000000072b800000, 0x000000072ba00000|  0%| F|  |TAMS 0x000000072b800000, 0x000000072b800000| Untracked 
| 349|0x000000072ba00000, 0x000000072ba00000, 0x000000072bc00000|  0%| F|  |TAMS 0x000000072ba00000, 0x000000072ba00000| Untracked 
| 350|0x000000072bc00000, 0x000000072bc00000, 0x000000072be00000|  0%| F|  |TAMS 0x000000072bc00000, 0x000000072bc00000| Untracked 
| 351|0x000000072be00000, 0x000000072be00000, 0x000000072c000000|  0%| F|  |TAMS 0x000000072be00000, 0x000000072be00000| Untracked 
| 352|0x000000072c000000, 0x000000072c000000, 0x000000072c200000|  0%| F|  |TAMS 0x000000072c000000, 0x000000072c000000| Untracked 
| 353|0x000000072c200000, 0x000000072c200000, 0x000000072c400000|  0%| F|  |TAMS 0x000000072c200000, 0x000000072c200000| Untracked 
| 354|0x000000072c400000, 0x000000072c400000, 0x000000072c600000|  0%| F|  |TAMS 0x000000072c400000, 0x000000072c400000| Untracked 
| 355|0x000000072c600000, 0x000000072c600000, 0x000000072c800000|  0%| F|  |TAMS 0x000000072c600000, 0x000000072c600000| Untracked 
| 356|0x000000072c800000, 0x000000072c800000, 0x000000072ca00000|  0%| F|  |TAMS 0x000000072c800000, 0x000000072c800000| Untracked 
| 357|0x000000072ca00000, 0x000000072cb04010, 0x000000072cc00000| 50%| E|  |TAMS 0x000000072ca00000, 0x000000072ca00000| Complete 
| 358|0x000000072cc00000, 0x000000072ce00000, 0x000000072ce00000|100%| E|CS|TAMS 0x000000072cc00000, 0x000000072cc00000| Complete 
| 359|0x000000072ce00000, 0x000000072d000000, 0x000000072d000000|100%| E|CS|TAMS 0x000000072ce00000, 0x000000072ce00000| Complete 
| 360|0x000000072d000000, 0x000000072d200000, 0x000000072d200000|100%| E|  |TAMS 0x000000072d000000, 0x000000072d000000| Complete 
| 361|0x000000072d200000, 0x000000072d400000, 0x000000072d400000|100%| E|CS|TAMS 0x000000072d200000, 0x000000072d200000| Complete 
| 362|0x000000072d400000, 0x000000072d600000, 0x000000072d600000|100%| E|CS|TAMS 0x000000072d400000, 0x000000072d400000| Complete 
| 363|0x000000072d600000, 0x000000072d800000, 0x000000072d800000|100%| E|CS|TAMS 0x000000072d600000, 0x000000072d600000| Complete 
| 364|0x000000072d800000, 0x000000072da00000, 0x000000072da00000|100%| E|CS|TAMS 0x000000072d800000, 0x000000072d800000| Complete 
| 365|0x000000072da00000, 0x000000072dc00000, 0x000000072dc00000|100%| E|CS|TAMS 0x000000072da00000, 0x000000072da00000| Complete 
| 366|0x000000072dc00000, 0x000000072de00000, 0x000000072de00000|100%| E|CS|TAMS 0x000000072dc00000, 0x000000072dc00000| Complete 
| 367|0x000000072de00000, 0x000000072e000000, 0x000000072e000000|100%| E|CS|TAMS 0x000000072de00000, 0x000000072de00000| Complete 
| 368|0x000000072e000000, 0x000000072e200000, 0x000000072e200000|100%| E|CS|TAMS 0x000000072e000000, 0x000000072e000000| Complete 
| 369|0x000000072e200000, 0x000000072e400000, 0x000000072e400000|100%| E|CS|TAMS 0x000000072e200000, 0x000000072e200000| Complete 
| 370|0x000000072e400000, 0x000000072e600000, 0x000000072e600000|100%| E|CS|TAMS 0x000000072e400000, 0x000000072e400000| Complete 
| 371|0x000000072e600000, 0x000000072e800000, 0x000000072e800000|100%| E|CS|TAMS 0x000000072e600000, 0x000000072e600000| Complete 
| 372|0x000000072e800000, 0x000000072ea00000, 0x000000072ea00000|100%| E|CS|TAMS 0x000000072e800000, 0x000000072e800000| Complete 
| 373|0x000000072ea00000, 0x000000072ec00000, 0x000000072ec00000|100%| E|CS|TAMS 0x000000072ea00000, 0x000000072ea00000| Complete 
| 374|0x000000072ec00000, 0x000000072ee00000, 0x000000072ee00000|100%| E|CS|TAMS 0x000000072ec00000, 0x000000072ec00000| Complete 
| 375|0x000000072ee00000, 0x000000072f000000, 0x000000072f000000|100%| E|CS|TAMS 0x000000072ee00000, 0x000000072ee00000| Complete 
| 376|0x000000072f000000, 0x000000072f200000, 0x000000072f200000|100%| E|CS|TAMS 0x000000072f000000, 0x000000072f000000| Complete 
| 377|0x000000072f200000, 0x000000072f400000, 0x000000072f400000|100%| E|CS|TAMS 0x000000072f200000, 0x000000072f200000| Complete 
| 378|0x000000072f400000, 0x000000072f600000, 0x000000072f600000|100%| E|CS|TAMS 0x000000072f400000, 0x000000072f400000| Complete 
| 379|0x000000072f600000, 0x000000072f800000, 0x000000072f800000|100%| E|CS|TAMS 0x000000072f600000, 0x000000072f600000| Complete 
| 380|0x000000072f800000, 0x000000072fa00000, 0x000000072fa00000|100%| E|CS|TAMS 0x000000072f800000, 0x000000072f800000| Complete 
| 381|0x000000072fa00000, 0x000000072fc00000, 0x000000072fc00000|100%| E|CS|TAMS 0x000000072fa00000, 0x000000072fa00000| Complete 
| 382|0x000000072fc00000, 0x000000072fe00000, 0x000000072fe00000|100%| E|CS|TAMS 0x000000072fc00000, 0x000000072fc00000| Complete 
| 383|0x000000072fe00000, 0x0000000730000000, 0x0000000730000000|100%| E|CS|TAMS 0x000000072fe00000, 0x000000072fe00000| Complete 
| 384|0x0000000730000000, 0x0000000730200000, 0x0000000730200000|100%| E|CS|TAMS 0x0000000730000000, 0x0000000730000000| Complete 
| 385|0x0000000730200000, 0x0000000730400000, 0x0000000730400000|100%| E|CS|TAMS 0x0000000730200000, 0x0000000730200000| Complete 
| 386|0x0000000730400000, 0x0000000730600000, 0x0000000730600000|100%| E|CS|TAMS 0x0000000730400000, 0x0000000730400000| Complete 
| 387|0x0000000730600000, 0x0000000730800000, 0x0000000730800000|100%| E|CS|TAMS 0x0000000730600000, 0x0000000730600000| Complete 
| 388|0x0000000730800000, 0x0000000730a00000, 0x0000000730a00000|100%| E|CS|TAMS 0x0000000730800000, 0x0000000730800000| Complete 
| 389|0x0000000730a00000, 0x0000000730c00000, 0x0000000730c00000|100%| E|CS|TAMS 0x0000000730a00000, 0x0000000730a00000| Complete 
| 390|0x0000000730c00000, 0x0000000730e00000, 0x0000000730e00000|100%| E|CS|TAMS 0x0000000730c00000, 0x0000000730c00000| Complete 
| 391|0x0000000730e00000, 0x0000000731000000, 0x0000000731000000|100%| E|CS|TAMS 0x0000000730e00000, 0x0000000730e00000| Complete 
| 392|0x0000000731000000, 0x0000000731200000, 0x0000000731200000|100%| E|CS|TAMS 0x0000000731000000, 0x0000000731000000| Complete 
| 393|0x0000000731200000, 0x0000000731400000, 0x0000000731400000|100%| E|CS|TAMS 0x0000000731200000, 0x0000000731200000| Complete 
| 394|0x0000000731400000, 0x0000000731600000, 0x0000000731600000|100%| E|CS|TAMS 0x0000000731400000, 0x0000000731400000| Complete 
| 395|0x0000000731600000, 0x0000000731800000, 0x0000000731800000|100%| E|CS|TAMS 0x0000000731600000, 0x0000000731600000| Complete 
| 396|0x0000000731800000, 0x0000000731a00000, 0x0000000731a00000|100%| E|CS|TAMS 0x0000000731800000, 0x0000000731800000| Complete 
| 397|0x0000000731a00000, 0x0000000731c00000, 0x0000000731c00000|100%| E|CS|TAMS 0x0000000731a00000, 0x0000000731a00000| Complete 
| 398|0x0000000731c00000, 0x0000000731e00000, 0x0000000731e00000|100%| E|CS|TAMS 0x0000000731c00000, 0x0000000731c00000| Complete 
| 399|0x0000000731e00000, 0x0000000732000000, 0x0000000732000000|100%| E|CS|TAMS 0x0000000731e00000, 0x0000000731e00000| Complete 
| 400|0x0000000732000000, 0x0000000732200000, 0x0000000732200000|100%| E|CS|TAMS 0x0000000732000000, 0x0000000732000000| Complete 
| 401|0x0000000732200000, 0x0000000732400000, 0x0000000732400000|100%| E|CS|TAMS 0x0000000732200000, 0x0000000732200000| Complete 
| 402|0x0000000732400000, 0x0000000732600000, 0x0000000732600000|100%| E|CS|TAMS 0x0000000732400000, 0x0000000732400000| Complete 
| 403|0x0000000732600000, 0x0000000732800000, 0x0000000732800000|100%| E|CS|TAMS 0x0000000732600000, 0x0000000732600000| Complete 
| 404|0x0000000732800000, 0x0000000732a00000, 0x0000000732a00000|100%| E|CS|TAMS 0x0000000732800000, 0x0000000732800000| Complete 
| 405|0x0000000732a00000, 0x0000000732c00000, 0x0000000732c00000|100%| E|CS|TAMS 0x0000000732a00000, 0x0000000732a00000| Complete 
| 406|0x0000000732c00000, 0x0000000732e00000, 0x0000000732e00000|100%| E|CS|TAMS 0x0000000732c00000, 0x0000000732c00000| Complete 
| 407|0x0000000732e00000, 0x0000000733000000, 0x0000000733000000|100%| E|CS|TAMS 0x0000000732e00000, 0x0000000732e00000| Complete 
| 408|0x0000000733000000, 0x0000000733200000, 0x0000000733200000|100%| E|CS|TAMS 0x0000000733000000, 0x0000000733000000| Complete 
| 409|0x0000000733200000, 0x0000000733400000, 0x0000000733400000|100%| E|CS|TAMS 0x0000000733200000, 0x0000000733200000| Complete 
| 410|0x0000000733400000, 0x0000000733600000, 0x0000000733600000|100%| E|CS|TAMS 0x0000000733400000, 0x0000000733400000| Complete 
| 411|0x0000000733600000, 0x0000000733800000, 0x0000000733800000|100%| E|CS|TAMS 0x0000000733600000, 0x0000000733600000| Complete 
| 412|0x0000000733800000, 0x0000000733a00000, 0x0000000733a00000|100%| E|CS|TAMS 0x0000000733800000, 0x0000000733800000| Complete 
| 413|0x0000000733a00000, 0x0000000733c00000, 0x0000000733c00000|100%| E|CS|TAMS 0x0000000733a00000, 0x0000000733a00000| Complete 
| 414|0x0000000733c00000, 0x0000000733e00000, 0x0000000733e00000|100%| E|CS|TAMS 0x0000000733c00000, 0x0000000733c00000| Complete 
| 415|0x0000000733e00000, 0x0000000734000000, 0x0000000734000000|100%| E|CS|TAMS 0x0000000733e00000, 0x0000000733e00000| Complete 
| 416|0x0000000734000000, 0x0000000734200000, 0x0000000734200000|100%| E|CS|TAMS 0x0000000734000000, 0x0000000734000000| Complete 
| 417|0x0000000734200000, 0x0000000734400000, 0x0000000734400000|100%| E|CS|TAMS 0x0000000734200000, 0x0000000734200000| Complete 
| 418|0x0000000734400000, 0x0000000734600000, 0x0000000734600000|100%| E|CS|TAMS 0x0000000734400000, 0x0000000734400000| Complete 
| 419|0x0000000734600000, 0x0000000734800000, 0x0000000734800000|100%| E|CS|TAMS 0x0000000734600000, 0x0000000734600000| Complete 
| 420|0x0000000734800000, 0x0000000734a00000, 0x0000000734a00000|100%| E|CS|TAMS 0x0000000734800000, 0x0000000734800000| Complete 
| 421|0x0000000734a00000, 0x0000000734c00000, 0x0000000734c00000|100%| E|CS|TAMS 0x0000000734a00000, 0x0000000734a00000| Complete 
| 422|0x0000000734c00000, 0x0000000734e00000, 0x0000000734e00000|100%| E|CS|TAMS 0x0000000734c00000, 0x0000000734c00000| Complete 
| 423|0x0000000734e00000, 0x0000000735000000, 0x0000000735000000|100%| E|CS|TAMS 0x0000000734e00000, 0x0000000734e00000| Complete 
| 424|0x0000000735000000, 0x0000000735200000, 0x0000000735200000|100%| E|CS|TAMS 0x0000000735000000, 0x0000000735000000| Complete 
| 425|0x0000000735200000, 0x0000000735400000, 0x0000000735400000|100%| E|CS|TAMS 0x0000000735200000, 0x0000000735200000| Complete 
| 426|0x0000000735400000, 0x0000000735600000, 0x0000000735600000|100%| E|CS|TAMS 0x0000000735400000, 0x0000000735400000| Complete 
| 427|0x0000000735600000, 0x0000000735800000, 0x0000000735800000|100%| E|CS|TAMS 0x0000000735600000, 0x0000000735600000| Complete 
| 428|0x0000000735800000, 0x0000000735a00000, 0x0000000735a00000|100%| E|CS|TAMS 0x0000000735800000, 0x0000000735800000| Complete 
| 429|0x0000000735a00000, 0x0000000735c00000, 0x0000000735c00000|100%| E|CS|TAMS 0x0000000735a00000, 0x0000000735a00000| Complete 
| 430|0x0000000735c00000, 0x0000000735e00000, 0x0000000735e00000|100%| E|CS|TAMS 0x0000000735c00000, 0x0000000735c00000| Complete 
| 431|0x0000000735e00000, 0x0000000736000000, 0x0000000736000000|100%| E|CS|TAMS 0x0000000735e00000, 0x0000000735e00000| Complete 
| 432|0x0000000736000000, 0x0000000736200000, 0x0000000736200000|100%| E|CS|TAMS 0x0000000736000000, 0x0000000736000000| Complete 
| 433|0x0000000736200000, 0x0000000736400000, 0x0000000736400000|100%| E|CS|TAMS 0x0000000736200000, 0x0000000736200000| Complete 
| 434|0x0000000736400000, 0x0000000736600000, 0x0000000736600000|100%| E|CS|TAMS 0x0000000736400000, 0x0000000736400000| Complete 
| 435|0x0000000736600000, 0x0000000736800000, 0x0000000736800000|100%| E|CS|TAMS 0x0000000736600000, 0x0000000736600000| Complete 
| 436|0x0000000736800000, 0x0000000736a00000, 0x0000000736a00000|100%| E|CS|TAMS 0x0000000736800000, 0x0000000736800000| Complete 
| 437|0x0000000736a00000, 0x0000000736c00000, 0x0000000736c00000|100%| E|CS|TAMS 0x0000000736a00000, 0x0000000736a00000| Complete 
| 438|0x0000000736c00000, 0x0000000736e00000, 0x0000000736e00000|100%| E|CS|TAMS 0x0000000736c00000, 0x0000000736c00000| Complete 
| 439|0x0000000736e00000, 0x0000000737000000, 0x0000000737000000|100%| E|CS|TAMS 0x0000000736e00000, 0x0000000736e00000| Complete 
| 440|0x0000000737000000, 0x0000000737200000, 0x0000000737200000|100%| E|CS|TAMS 0x0000000737000000, 0x0000000737000000| Complete 
| 441|0x0000000737200000, 0x0000000737400000, 0x0000000737400000|100%| E|CS|TAMS 0x0000000737200000, 0x0000000737200000| Complete 

Card table byte_map: [0x000002301ddd0000,0x000002301e5d0000] _byte_map_base: 0x000002301a5d0000

Marking Bits (Prev, Next): (CMBitMap*) 0x0000023004af7ae0, (CMBitMap*) 0x0000023004af7b20
 Prev Bits: [0x000002301edd0000, 0x0000023022dd0000)
 Next Bits: [0x0000023022dd0000, 0x0000023026dd0000)

Polling page: 0x0000023004b50000

Metaspace:

Usage:
  Non-class:     92.08 MB used.
      Class:     14.84 MB used.
       Both:    106.92 MB used.

Virtual space:
  Non-class space:      128.00 MB reserved,      93.06 MB ( 73%) committed,  2 nodes.
      Class space:      832.00 MB reserved,      15.56 MB (  2%) committed,  1 nodes.
             Both:      960.00 MB reserved,     108.62 MB ( 11%) committed. 

Chunk freelists:
   Non-Class:  2.47 MB
       Class:  386.00 KB
        Both:  2.85 MB

MaxMetaspaceSize: 1.00 GB
CompressedClassSpaceSize: 832.00 MB
Initial GC threshold: 21.00 MB
Current GC threshold: 175.75 MB
CDS: on
MetaspaceReclaimPolicy: balanced
 - commit_granule_bytes: 65536.
 - commit_granule_words: 8192.
 - virtual_space_node_default_size: 8388608.
 - enlarge_chunks_in_place: 1.
 - new_chunks_are_fully_committed: 0.
 - uncommit_free_chunks: 1.
 - use_allocation_guard: 0.
 - handle_deallocations: 1.


Internal statistics:

num_allocs_failed_limit: 6.
num_arena_births: 2098.
num_arena_deaths: 2.
num_vsnodes_births: 3.
num_vsnodes_deaths: 0.
num_space_committed: 1738.
num_space_uncommitted: 0.
num_chunks_returned_to_freelist: 9.
num_chunks_taken_from_freelist: 7382.
num_chunk_merges: 6.
num_chunk_splits: 4583.
num_chunks_enlarged: 2691.
num_inconsistent_stats: 0.

CodeHeap 'non-profiled nmethods': size=120000Kb used=13038Kb max_used=13038Kb free=106961Kb
 bounds [0x0000023015640000, 0x0000023016300000, 0x000002301cb70000]
CodeHeap 'profiled nmethods': size=120000Kb used=29067Kb max_used=29424Kb free=90932Kb
 bounds [0x000002300db70000, 0x000002300f890000, 0x00000230150a0000]
CodeHeap 'non-nmethods': size=5760Kb used=2448Kb max_used=2510Kb free=3311Kb
 bounds [0x00000230150a0000, 0x0000023015330000, 0x0000023015640000]
 total_blobs=15786 nmethods=14800 adapters=897
 compilation: enabled
              stopped_count=0, restarted_count=0
 full_count=0

Compilation events (20 events):
Event: 84.656 Thread 0x000002302978be50 nmethod 18010 0x000002300eaaed90 code [0x000002300eaaef80, 0x000002300eaaf7d8]
Event: 84.656 Thread 0x000002302978be50 18011       3       org.gradle.kotlin.dsl.provider.plugins.DefaultProjectSchemaProvider$schemaFor$2$2::invoke (9 bytes)
Event: 84.657 Thread 0x000002302978be50 nmethod 18011 0x000002300e238d10 code [0x000002300e238fe0, 0x000002300e239da8]
Event: 84.657 Thread 0x000002302978be50 18012       3       org.gradle.model.internal.type.ModelType::isClass (8 bytes)
Event: 84.657 Thread 0x000002302978be50 nmethod 18012 0x000002300ea1d610 code [0x000002300ea1d7a0, 0x000002300ea1d9b8]
Event: 84.657 Thread 0x000002302978be50 18013   !   3       org.gradle.model.internal.type.ClassTypeWrapper::getRepresentation (100 bytes)
Event: 84.657 Thread 0x000002302978be50 nmethod 18013 0x000002300e98f090 code [0x000002300e98f3a0, 0x000002300e990208]
Event: 84.658 Thread 0x000002302978be50 18016       1       org.gradle.kotlin.dsl.accessors.ProjectSchemaEntry::getTarget (5 bytes)
Event: 84.658 Thread 0x000002302978be50 nmethod 18016 0x00000230162fac90 code [0x00000230162fae20, 0x00000230162faef8]
Event: 84.658 Thread 0x000002302978be50 18017       1       org.gradle.kotlin.dsl.accessors.ProjectSchemaEntry::getName (5 bytes)
Event: 84.658 Thread 0x000002302978be50 nmethod 18017 0x00000230162faf90 code [0x00000230162fb120, 0x00000230162fb1f8]
Event: 84.658 Thread 0x000002302978be50 18018       1       org.gradle.kotlin.dsl.accessors.ProjectSchemaEntry::getType (5 bytes)
Event: 84.658 Thread 0x000002302978be50 nmethod 18018 0x00000230162fb290 code [0x00000230162fb420, 0x00000230162fb4f8]
Event: 84.658 Thread 0x000002302978be50 18015       3       org.gradle.model.internal.type.ModelType::isGenericArray (8 bytes)
Event: 84.658 Thread 0x000002302978be50 nmethod 18015 0x000002300ea2ea10 code [0x000002300ea2eba0, 0x000002300ea2edb8]
Event: 84.658 Thread 0x000002302978be50 18019       1       org.gradle.kotlin.dsl.accessors.ConfigurationEntry::getTarget (5 bytes)
Event: 84.658 Thread 0x000002302978be50 nmethod 18019 0x00000230162fb590 code [0x00000230162fb720, 0x00000230162fb7f8]
Event: 84.946 Thread 0x0000023064ed8a90 18020       4       org.gradle.internal.fingerprint.classpath.impl.ClasspathFingerprintingStrategy$ClasspathFingerprintingVisitor::visitEntry (20 bytes)
Event: 84.947 Thread 0x0000023064ed8540 18021   !   4       org.gradle.internal.snapshot.FileSystemLeafSnapshot::accept (36 bytes)
Event: 84.948 Thread 0x000002302978b540 18022       4       org.gradle.internal.snapshot.RegularFileSnapshot::accept (8 bytes)

GC Heap History (20 events):
Event: 72.351 GC heap before
{Heap before GC invocations=69 (full 0):
 garbage-first heap   total 368640K, used 279092K [0x0000000700000000, 0x0000000800000000)
  region size 2048K, 52 young (106496K), 6 survivors (12288K)
 Metaspace       used 106330K, committed 107648K, reserved 983040K
  class space    used 14812K, committed 15424K, reserved 851968K
}
Event: 72.362 GC heap after
{Heap after GC invocations=70 (full 0):
 garbage-first heap   total 368640K, used 196026K [0x0000000700000000, 0x0000000800000000)
  region size 2048K, 7 young (14336K), 7 survivors (14336K)
 Metaspace       used 106330K, committed 107648K, reserved 983040K
  class space    used 14812K, committed 15424K, reserved 851968K
}
Event: 72.492 GC heap before
{Heap before GC invocations=70 (full 0):
 garbage-first heap   total 368640K, used 200122K [0x0000000700000000, 0x0000000800000000)
  region size 2048K, 9 young (18432K), 7 survivors (14336K)
 Metaspace       used 106336K, committed 107648K, reserved 983040K
  class space    used 14812K, committed 15424K, reserved 851968K
}
Event: 72.500 GC heap after
{Heap after GC invocations=71 (full 0):
 garbage-first heap   total 368640K, used 188754K [0x0000000700000000, 0x0000000800000000)
  region size 2048K, 2 young (4096K), 2 survivors (4096K)
 Metaspace       used 106336K, committed 107648K, reserved 983040K
  class space    used 14812K, committed 15424K, reserved 851968K
}
Event: 73.497 GC heap before
{Heap before GC invocations=71 (full 0):
 garbage-first heap   total 368640K, used 280914K [0x0000000700000000, 0x0000000800000000)
  region size 2048K, 48 young (98304K), 2 survivors (4096K)
 Metaspace       used 106430K, committed 107712K, reserved 983040K
  class space    used 14817K, committed 15424K, reserved 851968K
}
Event: 73.503 GC heap after
{Heap after GC invocations=72 (full 0):
 garbage-first heap   total 368640K, used 195198K [0x0000000700000000, 0x0000000800000000)
  region size 2048K, 5 young (10240K), 5 survivors (10240K)
 Metaspace       used 106430K, committed 107712K, reserved 983040K
  class space    used 14817K, committed 15424K, reserved 851968K
}
Event: 73.853 GC heap before
{Heap before GC invocations=72 (full 0):
 garbage-first heap   total 368640K, used 279166K [0x0000000700000000, 0x0000000800000000)
  region size 2048K, 48 young (98304K), 5 survivors (10240K)
 Metaspace       used 106538K, committed 107840K, reserved 983040K
  class space    used 14829K, committed 15424K, reserved 851968K
}
Event: 73.860 GC heap after
{Heap after GC invocations=73 (full 0):
 garbage-first heap   total 368640K, used 200094K [0x0000000700000000, 0x0000000800000000)
  region size 2048K, 5 young (10240K), 5 survivors (10240K)
 Metaspace       used 106538K, committed 107840K, reserved 983040K
  class space    used 14829K, committed 15424K, reserved 851968K
}
Event: 74.439 GC heap before
{Heap before GC invocations=74 (full 0):
 garbage-first heap   total 368640K, used 298398K [0x0000000700000000, 0x0000000800000000)
  region size 2048K, 51 young (104448K), 5 survivors (10240K)
 Metaspace       used 106674K, committed 108032K, reserved 983040K
  class space    used 14842K, committed 15488K, reserved 851968K
}
Event: 74.448 GC heap after
{Heap after GC invocations=75 (full 0):
 garbage-first heap   total 368640K, used 215363K [0x0000000700000000, 0x0000000800000000)
  region size 2048K, 7 young (14336K), 7 survivors (14336K)
 Metaspace       used 106674K, committed 108032K, reserved 983040K
  class space    used 14842K, committed 15488K, reserved 851968K
}
Event: 74.458 GC heap before
{Heap before GC invocations=75 (full 0):
 garbage-first heap   total 368640K, used 219459K [0x0000000700000000, 0x0000000800000000)
  region size 2048K, 9 young (18432K), 7 survivors (14336K)
 Metaspace       used 106674K, committed 108032K, reserved 983040K
  class space    used 14842K, committed 15488K, reserved 851968K
}
Event: 74.469 GC heap after
{Heap after GC invocations=76 (full 0):
 garbage-first heap   total 368640K, used 210368K [0x0000000700000000, 0x0000000800000000)
  region size 2048K, 2 young (4096K), 2 survivors (4096K)
 Metaspace       used 106674K, committed 108032K, reserved 983040K
  class space    used 14842K, committed 15488K, reserved 851968K
}
Event: 75.763 GC heap before
{Heap before GC invocations=76 (full 0):
 garbage-first heap   total 368640K, used 294336K [0x0000000700000000, 0x0000000800000000)
  region size 2048K, 44 young (90112K), 2 survivors (4096K)
 Metaspace       used 107121K, committed 108544K, reserved 983040K
  class space    used 14887K, committed 15552K, reserved 851968K
}
Event: 75.773 GC heap after
{Heap after GC invocations=77 (full 0):
 garbage-first heap   total 905216K, used 219897K [0x0000000700000000, 0x0000000800000000)
  region size 2048K, 6 young (12288K), 6 survivors (12288K)
 Metaspace       used 107121K, committed 108544K, reserved 983040K
  class space    used 14887K, committed 15552K, reserved 851968K
}
Event: 78.508 GC heap before
{Heap before GC invocations=77 (full 0):
 garbage-first heap   total 905216K, used 545529K [0x0000000700000000, 0x0000000800000000)
  region size 2048K, 165 young (337920K), 6 survivors (12288K)
 Metaspace       used 107844K, committed 109376K, reserved 983040K
  class space    used 14977K, committed 15680K, reserved 851968K
}
Event: 78.533 GC heap after
{Heap after GC invocations=78 (full 0):
 garbage-first heap   total 905216K, used 247043K [0x0000000700000000, 0x0000000800000000)
  region size 2048K, 19 young (38912K), 19 survivors (38912K)
 Metaspace       used 107844K, committed 109376K, reserved 983040K
  class space    used 14977K, committed 15680K, reserved 851968K
}
Event: 81.224 GC heap before
{Heap before GC invocations=78 (full 0):
 garbage-first heap   total 905216K, used 664835K [0x0000000700000000, 0x0000000800000000)
  region size 2048K, 222 young (454656K), 19 survivors (38912K)
 Metaspace       used 109039K, committed 110720K, reserved 983040K
  class space    used 15144K, committed 15872K, reserved 851968K
}
Event: 81.271 GC heap after
{Heap after GC invocations=79 (full 0):
 garbage-first heap   total 905216K, used 279312K [0x0000000700000000, 0x0000000800000000)
  region size 2048K, 28 young (57344K), 28 survivors (57344K)
 Metaspace       used 109039K, committed 110720K, reserved 983040K
  class space    used 15144K, committed 15872K, reserved 851968K
}
Event: 84.167 GC heap before
{Heap before GC invocations=79 (full 0):
 garbage-first heap   total 905216K, used 654096K [0x0000000700000000, 0x0000000800000000)
  region size 2048K, 212 young (434176K), 28 survivors (57344K)
 Metaspace       used 109390K, committed 111104K, reserved 983040K
  class space    used 15192K, committed 15936K, reserved 851968K
}
Event: 84.200 GC heap after
{Heap after GC invocations=80 (full 0):
 garbage-first heap   total 905216K, used 297930K [0x0000000700000000, 0x0000000800000000)
  region size 2048K, 12 young (24576K), 12 survivors (24576K)
 Metaspace       used 109390K, committed 111104K, reserved 983040K
  class space    used 15192K, committed 15936K, reserved 851968K
}

Deoptimization events (20 events):
Event: 84.539 Thread 0x0000023029a3b310 Uncommon trap: trap_request=0xffffffbe fr.pc=0x00000230162f02fc relative=0x000000000000061c
Event: 84.539 Thread 0x0000023029a3b310 Uncommon trap: reason=profile_predicate action=maybe_recompile pc=0x00000230162f02fc method=java.util.regex.Pattern$Slice.match(Ljava/util/regex/Matcher;ILjava/lang/CharSequence;)Z @ 18 c2
Event: 84.540 Thread 0x0000023029a3b310 DEOPT PACKING pc=0x00000230162f02fc sp=0x000000b2503f7d50
Event: 84.540 Thread 0x0000023029a3b310 DEOPT UNPACKING pc=0x00000230150f23a3 sp=0x000000b2503f7b98 mode 2
Event: 84.543 Thread 0x0000023029a3b310 Uncommon trap: trap_request=0xffffffbe fr.pc=0x00000230162f02fc relative=0x000000000000061c
Event: 84.543 Thread 0x0000023029a3b310 Uncommon trap: reason=profile_predicate action=maybe_recompile pc=0x00000230162f02fc method=java.util.regex.Pattern$Slice.match(Ljava/util/regex/Matcher;ILjava/lang/CharSequence;)Z @ 18 c2
Event: 84.543 Thread 0x0000023029a3b310 DEOPT PACKING pc=0x00000230162f02fc sp=0x000000b2503f7d50
Event: 84.543 Thread 0x0000023029a3b310 DEOPT UNPACKING pc=0x00000230150f23a3 sp=0x000000b2503f7b98 mode 2
Event: 84.546 Thread 0x0000023029a3b310 Uncommon trap: trap_request=0xffffffbe fr.pc=0x00000230162f02fc relative=0x000000000000061c
Event: 84.546 Thread 0x0000023029a3b310 Uncommon trap: reason=profile_predicate action=maybe_recompile pc=0x00000230162f02fc method=java.util.regex.Pattern$Slice.match(Ljava/util/regex/Matcher;ILjava/lang/CharSequence;)Z @ 18 c2
Event: 84.546 Thread 0x0000023029a3b310 DEOPT PACKING pc=0x00000230162f02fc sp=0x000000b2503f7d50
Event: 84.546 Thread 0x0000023029a3b310 DEOPT UNPACKING pc=0x00000230150f23a3 sp=0x000000b2503f7b98 mode 2
Event: 84.547 Thread 0x0000023029a3b310 Uncommon trap: trap_request=0xffffffbe fr.pc=0x00000230162f02fc relative=0x000000000000061c
Event: 84.547 Thread 0x0000023029a3b310 Uncommon trap: reason=profile_predicate action=maybe_recompile pc=0x00000230162f02fc method=java.util.regex.Pattern$Slice.match(Ljava/util/regex/Matcher;ILjava/lang/CharSequence;)Z @ 18 c2
Event: 84.547 Thread 0x0000023029a3b310 DEOPT PACKING pc=0x00000230162f02fc sp=0x000000b2503f7d50
Event: 84.547 Thread 0x0000023029a3b310 DEOPT UNPACKING pc=0x00000230150f23a3 sp=0x000000b2503f7b98 mode 2
Event: 84.649 Thread 0x0000023029a3b310 Uncommon trap: trap_request=0xffffff45 fr.pc=0x00000230161089c4 relative=0x00000000000008e4
Event: 84.649 Thread 0x0000023029a3b310 Uncommon trap: reason=unstable_if action=reinterpret pc=0x00000230161089c4 method=kotlin.collections.CollectionsKt___CollectionsKt.joinToString$default(Ljava/lang/Iterable;Ljava/lang/CharSequence;Ljava/lang/CharSequence;Ljava/lang/CharSequence;ILjava/lang
Event: 84.649 Thread 0x0000023029a3b310 DEOPT PACKING pc=0x00000230161089c4 sp=0x000000b2503f99e0
Event: 84.649 Thread 0x0000023029a3b310 DEOPT UNPACKING pc=0x00000230150f23a3 sp=0x000000b2503f99c0 mode 2

Classes unloaded (1 events):
Event: 27.162 Thread 0x000002302976baa0 Unloading class 0x000002302b6e4400 'java/lang/invoke/LambdaForm$DMH+0x000002302b6e4400'

Classes redefined (0 events):
No events

Internal exceptions (20 events):
Event: 80.204 Thread 0x0000023029a3b310 Exception <a 'java/lang/ClassNotFoundException'{0x00000007280b2d50}: build_75nznseojacvj3ohg2640kl1f$_run_closure2$_closure6BeanInfo> (0x00000007280b2d50) 
thrown [s\open\src\hotspot\share\classfile\systemDictionary.cpp, line 256]
Event: 80.204 Thread 0x0000023029a3b310 Exception <a 'java/lang/ClassNotFoundException'{0x00000007280c2528}: build_75nznseojacvj3ohg2640kl1f$_run_closure2$_closure6Customizer> (0x00000007280c2528) 
thrown [s\open\src\hotspot\share\classfile\systemDictionary.cpp, line 256]
Event: 80.206 Thread 0x0000023029a3b310 Exception <a 'java/lang/ClassNotFoundException'{0x00000007280eeea0}: build_75nznseojacvj3ohg2640kl1f$_run_closure2BeanInfo> (0x00000007280eeea0) 
thrown [s\open\src\hotspot\share\classfile\systemDictionary.cpp, line 256]
Event: 80.206 Thread 0x0000023029a3b310 Exception <a 'java/lang/ClassNotFoundException'{0x00000007280fef28}: build_75nznseojacvj3ohg2640kl1f$_run_closure2Customizer> (0x00000007280fef28) 
thrown [s\open\src\hotspot\share\classfile\systemDictionary.cpp, line 256]
Event: 80.391 Thread 0x0000023029a3b310 Exception <a 'java/lang/ClassNotFoundException'{0x000000072747a040}: build_47z4fwfffrz9nj567mhrhffd2BeanInfo> (0x000000072747a040) 
thrown [s\open\src\hotspot\share\classfile\systemDictionary.cpp, line 256]
Event: 80.392 Thread 0x0000023029a3b310 Exception <a 'java/lang/ClassNotFoundException'{0x0000000727481628}: build_47z4fwfffrz9nj567mhrhffd2Customizer> (0x0000000727481628) 
thrown [s\open\src\hotspot\share\classfile\systemDictionary.cpp, line 256]
Event: 80.465 Thread 0x0000023029a3b310 Exception <a 'java/lang/ClassNotFoundException'{0x0000000726aca328}: build_47z4fwfffrz9nj567mhrhffd2BeanInfo> (0x0000000726aca328) 
thrown [s\open\src\hotspot\share\classfile\systemDictionary.cpp, line 256]
Event: 80.467 Thread 0x0000023029a3b310 Exception <a 'java/lang/ClassNotFoundException'{0x0000000726ad1890}: build_47z4fwfffrz9nj567mhrhffd2Customizer> (0x0000000726ad1890) 
thrown [s\open\src\hotspot\share\classfile\systemDictionary.cpp, line 256]
Event: 80.665 Thread 0x0000023029a3b310 Exception <a 'java/lang/ClassNotFoundException'{0x0000000725fe3208}: build_81ph0bcacblblr0afdklzlm27BeanInfo> (0x0000000725fe3208) 
thrown [s\open\src\hotspot\share\classfile\systemDictionary.cpp, line 256]
Event: 80.666 Thread 0x0000023029a3b310 Exception <a 'java/lang/ClassNotFoundException'{0x0000000725fea7f0}: build_81ph0bcacblblr0afdklzlm27Customizer> (0x0000000725fea7f0) 
thrown [s\open\src\hotspot\share\classfile\systemDictionary.cpp, line 256]
Event: 81.341 Thread 0x0000023029a3b310 Exception <a 'java/lang/ClassNotFoundException'{0x00000007357c4490}: build_81ph0bcacblblr0afdklzlm27BeanInfo> (0x00000007357c4490) 
thrown [s\open\src\hotspot\share\classfile\systemDictionary.cpp, line 256]
Event: 81.342 Thread 0x0000023029a3b310 Exception <a 'java/lang/ClassNotFoundException'{0x00000007357cb9f8}: build_81ph0bcacblblr0afdklzlm27Customizer> (0x00000007357cb9f8) 
thrown [s\open\src\hotspot\share\classfile\systemDictionary.cpp, line 256]
Event: 81.925 Thread 0x0000023029a3b310 Exception <a 'java/lang/ClassNotFoundException'{0x0000000734868ec8}: build_5lc53bd99oxffmmjqxlzhfetvBeanInfo> (0x0000000734868ec8) 
thrown [s\open\src\hotspot\share\classfile\systemDictionary.cpp, line 256]
Event: 81.927 Thread 0x0000023029a3b310 Exception <a 'java/lang/ClassNotFoundException'{0x00000007348704b0}: build_5lc53bd99oxffmmjqxlzhfetvCustomizer> (0x00000007348704b0) 
thrown [s\open\src\hotspot\share\classfile\systemDictionary.cpp, line 256]
Event: 82.756 Thread 0x0000023029a3b310 Exception <a 'java/lang/ClassNotFoundException'{0x000000072b2e0800}: build_5lc53bd99oxffmmjqxlzhfetvBeanInfo> (0x000000072b2e0800) 
thrown [s\open\src\hotspot\share\classfile\systemDictionary.cpp, line 256]
Event: 82.757 Thread 0x0000023029a3b310 Exception <a 'java/lang/ClassNotFoundException'{0x000000072b2e7d68}: build_5lc53bd99oxffmmjqxlzhfetvCustomizer> (0x000000072b2e7d68) 
thrown [s\open\src\hotspot\share\classfile\systemDictionary.cpp, line 256]
Event: 83.002 Thread 0x0000023029a3b310 Exception <a 'java/lang/ClassNotFoundException'{0x000000072a550ef8}: build_b0rjbt1t41q7pd7w7szgh1w73BeanInfo> (0x000000072a550ef8) 
thrown [s\open\src\hotspot\share\classfile\systemDictionary.cpp, line 256]
Event: 83.003 Thread 0x0000023029a3b310 Exception <a 'java/lang/ClassNotFoundException'{0x000000072a5584e0}: build_b0rjbt1t41q7pd7w7szgh1w73Customizer> (0x000000072a5584e0) 
thrown [s\open\src\hotspot\share\classfile\systemDictionary.cpp, line 256]
Event: 83.653 Thread 0x0000023029a3b310 Exception <a 'java/lang/ClassNotFoundException'{0x0000000722d5eee8}: build_b0rjbt1t41q7pd7w7szgh1w73BeanInfo> (0x0000000722d5eee8) 
thrown [s\open\src\hotspot\share\classfile\systemDictionary.cpp, line 256]
Event: 83.654 Thread 0x0000023029a3b310 Exception <a 'java/lang/ClassNotFoundException'{0x0000000722d66450}: build_b0rjbt1t41q7pd7w7szgh1w73Customizer> (0x0000000722d66450) 
thrown [s\open\src\hotspot\share\classfile\systemDictionary.cpp, line 256]

VM Operations (20 events):
Event: 78.508 Executing VM operation: G1CollectForAllocation
Event: 78.536 Executing VM operation: G1CollectForAllocation done
Event: 78.663 Executing VM operation: HandshakeAllThreads
Event: 78.664 Executing VM operation: HandshakeAllThreads done
Event: 78.719 Executing VM operation: HandshakeAllThreads
Event: 78.719 Executing VM operation: HandshakeAllThreads done
Event: 79.012 Executing VM operation: HandshakeAllThreads
Event: 79.013 Executing VM operation: HandshakeAllThreads done
Event: 79.507 Executing VM operation: ICBufferFull
Event: 79.507 Executing VM operation: ICBufferFull done
Event: 80.513 Executing VM operation: Cleanup
Event: 80.514 Executing VM operation: Cleanup done
Event: 81.224 Executing VM operation: G1CollectForAllocation
Event: 81.272 Executing VM operation: G1CollectForAllocation done
Event: 82.279 Executing VM operation: Cleanup
Event: 82.279 Executing VM operation: Cleanup done
Event: 83.284 Executing VM operation: Cleanup
Event: 83.284 Executing VM operation: Cleanup done
Event: 84.167 Executing VM operation: G1CollectForAllocation
Event: 84.202 Executing VM operation: G1CollectForAllocation done

Events (20 events):
Event: 79.035 Thread 0x0000023029794770 flushing nmethod 0x000002300f30f190
Event: 79.035 Thread 0x0000023029794770 flushing nmethod 0x000002300f319990
Event: 79.035 Thread 0x0000023029794770 flushing nmethod 0x000002300f31d390
Event: 79.036 Thread 0x0000023029794770 flushing nmethod 0x000002300f38e790
Event: 79.036 Thread 0x0000023029794770 flushing nmethod 0x000002300f3b8310
Event: 79.036 Thread 0x0000023029794770 flushing nmethod 0x000002300f401710
Event: 79.036 Thread 0x0000023029794770 flushing nmethod 0x000002300f405c90
Event: 79.036 Thread 0x0000023029794770 flushing nmethod 0x000002300f406f90
Event: 79.036 Thread 0x0000023029794770 flushing nmethod 0x000002300f444190
Event: 79.036 Thread 0x0000023029794770 flushing nmethod 0x000002300f44c390
Event: 79.037 Thread 0x0000023029794770 flushing nmethod 0x000002300f496f90
Event: 79.037 Thread 0x0000023029794770 flushing nmethod 0x000002300f5a5610
Event: 79.038 Thread 0x0000023029794770 flushing nmethod 0x000002300f751090
Event: 79.038 Thread 0x0000023029794770 flushing nmethod 0x000002300f777390
Event: 81.630 Thread 0x0000023064ed5570 Thread added: 0x0000023064ed5570
Event: 83.667 Thread 0x0000023064ed5570 Thread exited: 0x0000023064ed5570
Event: 84.110 Thread 0x0000023064ed8fe0 Thread added: 0x0000023064ed8fe0
Event: 84.490 Thread 0x0000023064ed8fe0 Thread exited: 0x0000023064ed8fe0
Event: 84.594 Thread 0x0000023064ed8540 Thread added: 0x0000023064ed8540
Event: 84.594 Thread 0x0000023064ed8a90 Thread added: 0x0000023064ed8a90


Dynamic libraries:
0x00007ff72b8d0000 - 0x00007ff72b8e0000 	C:\Program Files\Java\jdk-17\bin\java.exe
0x00007ffe64ea0000 - 0x00007ffe65107000 	C:\WINDOWS\SYSTEM32\ntdll.dll
0x00007ffe63640000 - 0x00007ffe63709000 	C:\WINDOWS\System32\KERNEL32.DLL
0x00007ffe618f0000 - 0x00007ffe61ce4000 	C:\WINDOWS\System32\KERNELBASE.dll
0x00007ffe61770000 - 0x00007ffe618bb000 	C:\WINDOWS\System32\ucrtbase.dll
0x00007ffe51700000 - 0x00007ffe51719000 	C:\Program Files\Java\jdk-17\bin\jli.dll
0x00007ffe5d1e0000 - 0x00007ffe5d1fb000 	C:\Program Files\Java\jdk-17\bin\VCRUNTIME140.dll
0x00007ffe63390000 - 0x00007ffe63446000 	C:\WINDOWS\System32\ADVAPI32.dll
0x00007ffe63710000 - 0x00007ffe637b9000 	C:\WINDOWS\System32\msvcrt.dll
0x00007ffe62dd0000 - 0x00007ffe62e77000 	C:\WINDOWS\System32\sechost.dll
0x00007ffe64000000 - 0x00007ffe64118000 	C:\WINDOWS\System32\RPCRT4.dll
0x00007ffe639a0000 - 0x00007ffe63b65000 	C:\WINDOWS\System32\USER32.dll
0x00007ffe618c0000 - 0x00007ffe618e7000 	C:\WINDOWS\System32\win32u.dll
0x00007ffe64bd0000 - 0x00007ffe64bfb000 	C:\WINDOWS\System32\GDI32.dll
0x00007ffe53f30000 - 0x00007ffe541c3000 	C:\WINDOWS\WinSxS\amd64_microsoft.windows.common-controls_6595b64144ccf1df_6.0.26100.8115_none_3e075c82e3354f9c\COMCTL32.dll
0x00007ffe61da0000 - 0x00007ffe61ecb000 	C:\WINDOWS\System32\gdi32full.dll
0x00007ffe62a10000 - 0x00007ffe62ab3000 	C:\WINDOWS\System32\msvcp_win.dll
0x00007ffe5b650000 - 0x00007ffe5b65b000 	C:\WINDOWS\SYSTEM32\VERSION.dll
0x00007ffe63340000 - 0x00007ffe63372000 	C:\WINDOWS\System32\IMM32.DLL
0x00007ffe5d230000 - 0x00007ffe5d23c000 	C:\Program Files\Java\jdk-17\bin\vcruntime140_1.dll
0x00007ffe3c100000 - 0x00007ffe3c18e000 	C:\Program Files\Java\jdk-17\bin\msvcp140.dll
0x00007ffde0f90000 - 0x00007ffde1b70000 	C:\Program Files\Java\jdk-17\bin\server\jvm.dll
0x00007ffe62c30000 - 0x00007ffe62c38000 	C:\WINDOWS\System32\PSAPI.DLL
0x00007ffe45720000 - 0x00007ffe4572a000 	C:\WINDOWS\SYSTEM32\WSOCK32.dll
0x00007ffe62d40000 - 0x00007ffe62dc0000 	C:\WINDOWS\System32\WS2_32.dll
0x00007ffe5b4b0000 - 0x00007ffe5b4e6000 	C:\WINDOWS\SYSTEM32\WINMM.dll
0x00007ffe604c0000 - 0x00007ffe604db000 	C:\WINDOWS\SYSTEM32\kernel.appcore.dll
0x00007ffe55520000 - 0x00007ffe5552a000 	C:\Program Files\Java\jdk-17\bin\jimage.dll
0x00007ffe54360000 - 0x00007ffe545a2000 	C:\WINDOWS\SYSTEM32\DBGHELP.DLL
0x00007ffe62e80000 - 0x00007ffe63202000 	C:\WINDOWS\System32\combase.dll
0x00007ffe62c40000 - 0x00007ffe62d18000 	C:\WINDOWS\System32\OLEAUT32.dll
0x00007ffe530b0000 - 0x00007ffe530eb000 	C:\WINDOWS\SYSTEM32\dbgcore.DLL
0x00007ffe61cf0000 - 0x00007ffe61d95000 	C:\WINDOWS\System32\bcryptPrimitives.dll
0x00007ffe517f0000 - 0x00007ffe517fe000 	C:\Program Files\Java\jdk-17\bin\instrument.dll
0x00007ffe51430000 - 0x00007ffe51455000 	C:\Program Files\Java\jdk-17\bin\java.dll
0x00007ffe395c0000 - 0x00007ffe39697000 	C:\Program Files\Java\jdk-17\bin\jsvml.dll
0x00007ffe643f0000 - 0x00007ffe64b57000 	C:\WINDOWS\System32\SHELL32.dll
0x00007ffe62ac0000 - 0x00007ffe62c2a000 	C:\WINDOWS\System32\wintypes.dll
0x00007ffe62020000 - 0x00007ffe62888000 	C:\WINDOWS\System32\windows.storage.dll
0x00007ffe63210000 - 0x00007ffe63308000 	C:\WINDOWS\System32\SHCORE.dll
0x00007ffe64b60000 - 0x00007ffe64bc6000 	C:\WINDOWS\System32\shlwapi.dll
0x00007ffe61690000 - 0x00007ffe616b9000 	C:\WINDOWS\SYSTEM32\profapi.dll
0x00007ffe51410000 - 0x00007ffe51428000 	C:\Program Files\Java\jdk-17\bin\zip.dll
0x00007ffe513f0000 - 0x00007ffe51409000 	C:\Program Files\Java\jdk-17\bin\net.dll
0x00007ffe5ba50000 - 0x00007ffe5bb7d000 	C:\WINDOWS\SYSTEM32\WINHTTP.dll
0x00007ffe60a10000 - 0x00007ffe60a7c000 	C:\WINDOWS\system32\mswsock.dll
0x00007ffe46950000 - 0x00007ffe46966000 	C:\Program Files\Java\jdk-17\bin\nio.dll
0x00007ffe51390000 - 0x00007ffe513a0000 	C:\Program Files\Java\jdk-17\bin\verify.dll
0x00007ffe3f6e0000 - 0x00007ffe3f707000 	C:\Users\Inurum_Four\.gradle\native\1def1411415f61bf3af743bc5b6707747c0891f09f0c88961ee8f79bc544acac\windows-amd64\native-platform.dll
0x00007ffe2eaf0000 - 0x00007ffe2eb68000 	C:\Users\Inurum_Four\.gradle\native\0.2.7\x86_64-windows-gnu\gradle-fileevents.dll
0x00007ffe4ead0000 - 0x00007ffe4eada000 	C:\Program Files\Java\jdk-17\bin\management.dll
0x00007ffe468d0000 - 0x00007ffe468db000 	C:\Program Files\Java\jdk-17\bin\management_ext.dll
0x00007ffe5fea0000 - 0x00007ffe5fed2000 	C:\WINDOWS\SYSTEM32\IPHLPAPI.DLL
0x00007ffe64c00000 - 0x00007ffe64c0a000 	C:\WINDOWS\System32\NSI.dll
0x00007ffe5b870000 - 0x00007ffe5b88d000 	C:\WINDOWS\SYSTEM32\dhcpcsvc6.DLL
0x00007ffe5b840000 - 0x00007ffe5b865000 	C:\WINDOWS\SYSTEM32\dhcpcsvc.DLL
0x00007ffe5ff30000 - 0x00007ffe60062000 	C:\WINDOWS\SYSTEM32\DNSAPI.dll
0x00007ffe60e10000 - 0x00007ffe60e2b000 	C:\WINDOWS\SYSTEM32\CRYPTSP.dll
0x00007ffe60420000 - 0x00007ffe60459000 	C:\WINDOWS\system32\rsaenh.dll
0x00007ffe60ac0000 - 0x00007ffe60af3000 	C:\WINDOWS\SYSTEM32\USERENV.dll
0x00007ffe61660000 - 0x00007ffe6168a000 	C:\WINDOWS\SYSTEM32\bcrypt.dll
0x00007ffe60c70000 - 0x00007ffe60c7c000 	C:\WINDOWS\SYSTEM32\CRYPTBASE.dll
0x00007ffe468c0000 - 0x00007ffe468ce000 	C:\Program Files\Java\jdk-17\bin\sunmscapi.dll
0x00007ffe62890000 - 0x00007ffe62a07000 	C:\WINDOWS\System32\CRYPT32.dll
0x00007ffe60f70000 - 0x00007ffe60fa0000 	C:\WINDOWS\SYSTEM32\ncrypt.dll
0x00007ffe60f20000 - 0x00007ffe60f5f000 	C:\WINDOWS\SYSTEM32\NTASN1.dll
0x00007ffe3fe30000 - 0x00007ffe3fe38000 	C:\WINDOWS\system32\wshunix.dll

dbghelp: loaded successfully - version: 4.0.5 - missing functions: none
symbol engine: initialized successfully - sym options: 0x614 - pdb path: .;C:\Program Files\Java\jdk-17\bin;C:\WINDOWS\SYSTEM32;C:\WINDOWS\WinSxS\amd64_microsoft.windows.common-controls_6595b64144ccf1df_6.0.26100.8115_none_3e075c82e3354f9c;C:\Program Files\Java\jdk-17\bin\server;C:\Users\Inurum_Four\.gradle\native\1def1411415f61bf3af743bc5b6707747c0891f09f0c88961ee8f79bc544acac\windows-amd64;C:\Users\Inurum_Four\.gradle\native\0.2.7\x86_64-windows-gnu

VM Arguments:
jvm_args: --add-opens=java.base/java.lang=ALL-UNNAMED --add-opens=java.base/java.lang.invoke=ALL-UNNAMED --add-opens=java.base/java.util=ALL-UNNAMED --add-opens=java.prefs/java.util.prefs=ALL-UNNAMED --add-exports=jdk.compiler/com.sun.tools.javac.api=ALL-UNNAMED --add-exports=jdk.compiler/com.sun.tools.javac.util=ALL-UNNAMED --add-opens=java.base/java.util=ALL-UNNAMED --add-opens=java.prefs/java.util.prefs=ALL-UNNAMED --add-opens=java.base/java.nio.charset=ALL-UNNAMED --add-opens=java.base/java.net=ALL-UNNAMED --add-opens=java.base/java.util.concurrent.atomic=ALL-UNNAMED --add-opens=java.xml/javax.xml.namespace=ALL-UNNAMED -XX:MaxMetaspaceSize=1G -Xmx4G -Dfile.encoding=UTF-8 -Duser.country=IN -Duser.language=en -Duser.variant -javaagent:C:\Users\Inurum_Four\.gradle\wrapper\dists\gradle-8.14-all\c2qonpi39x1mddn7hk5gh9iqj\gradle-8.14\lib\agents\gradle-instrumentation-agent-8.14.jar 
java_command: org.gradle.launcher.daemon.bootstrap.GradleDaemon 8.14
java_class_path (initial): C:\Users\Inurum_Four\.gradle\wrapper\dists\gradle-8.14-all\c2qonpi39x1mddn7hk5gh9iqj\gradle-8.14\lib\gradle-daemon-main-8.14.jar
Launcher Type: SUN_STANDARD

[Global flags]
     intx CICompilerCount                          = 4                                         {product} {ergonomic}
   size_t CompressedClassSpaceSize                 = 872415232                                 {product} {ergonomic}
     uint ConcGCThreads                            = 2                                         {product} {ergonomic}
     uint G1ConcRefinementThreads                  = 8                                         {product} {ergonomic}
   size_t G1HeapRegionSize                         = 2097152                                   {product} {ergonomic}
    uintx GCDrainStackTargetSize                   = 64                                        {product} {ergonomic}
   size_t InitialHeapSize                          = 266338304                                 {product} {ergonomic}
   size_t MarkStackSize                            = 4194304                                   {product} {ergonomic}
   size_t MaxHeapSize                              = 4294967296                                {product} {command line}
   size_t MaxMetaspaceSize                         = 1073741824                                {product} {command line}
   size_t MaxNewSize                               = 2575302656                                {product} {ergonomic}
   size_t MinHeapDeltaBytes                        = 2097152                                   {product} {ergonomic}
   size_t MinHeapSize                              = 8388608                                   {product} {ergonomic}
    uintx NonNMethodCodeHeapSize                   = 5839372                                {pd product} {ergonomic}
    uintx NonProfiledCodeHeapSize                  = 122909434                              {pd product} {ergonomic}
    uintx ProfiledCodeHeapSize                     = 122909434                              {pd product} {ergonomic}
    uintx ReservedCodeCacheSize                    = 251658240                              {pd product} {ergonomic}
     bool SegmentedCodeCache                       = true                                      {product} {ergonomic}
   size_t SoftMaxHeapSize                          = 4294967296                             {manageable} {ergonomic}
     bool UseCompressedClassPointers               = true                           {product lp64_product} {ergonomic}
     bool UseCompressedOops                        = true                           {product lp64_product} {ergonomic}
     bool UseG1GC                                  = true                                      {product} {ergonomic}
     bool UseLargePagesIndividualAllocation        = false                                  {pd product} {ergonomic}

Logging:
Log output configuration:
 #0: stdout all=warning uptime,level,tags
 #1: stderr all=off uptime,level,tags

Environment Variables:
JAVA_HOME=C:\Program Files\Java\jdk-17
CLASSPATH=D:\InurumFlutter\mg\driver-and-customer\mahilasaarthi\driver\android\\gradle\wrapper\gradle-wrapper.jar
PATH=C:\Program Files\Java\jdk-17\bin;C:\Program Files\Common Files\Oracle\Java\javapath;C:\WINDOWS\system32;C:\WINDOWS;C:\WINDOWS\System32\Wbem;C:\WINDOWS\System32\WindowsPowerShell\v1.0\;C:\WINDOWS\System32\OpenSSH\;C:\src\flutter\bin;C:\Program Files\Git\cmd;C:\Users\Inurum_Four\AppData\Roaming\npm;C:\Program Files\nodejs\;C:\Users\Inurum_Four\AppData\Local\Programs\Python\Python311\Scripts\;C:\Users\Inurum_Four\AppData\Local\Programs\Python\Python311\;C:\Users\Inurum_Four\AppData\Local\Programs\Python\Python314\Scripts\;C:\Users\Inurum_Four\AppData\Local\Programs\Python\Python314\;C:\Users\Inurum_Four\AppData\Local\Microsoft\WindowsApps;C:\src\flutter\bin;C:\Users\Inurum_Four\AppData\Local\Programs\Microsoft VS Code\bin;C:\Program Files\nodejs\;C:\Users\Inurum_Four\AppData\Local\Pub\Cache\bin;C:\Users\Inurum_Four\AppData\Roaming\npm;C:\Users\Inurum_Four\AppData\Local\Programs\Antigravity\bin;C:\Program Files\SDCC\bin;C:\Users\Inurum_Four\AppData\Local\Programs\Antigravity IDE\bin;C:\Users\Inurum_Four\AppData\Local\GitHubDesktop\bin;C:\src\flutter\bin\mingit\cmd;C:\src\flutter\bin\mingit\cmd
USERNAME=Inurum_Four
OS=Windows_NT
PROCESSOR_IDENTIFIER=Intel64 Family 6 Model 151 Stepping 5, GenuineIntel



---------------  S Y S T E M  ---------------

OS:
 Windows 11 , 64 bit Build 26100 (10.0.26100.8246)
OS uptime: 0 days 1:37 hours
Hyper-V role detected

CPU: total 8 (initial active 8) (4 cores per cpu, 2 threads per core) family 6 model 151 stepping 5 microcode 0x18, cx8, cmov, fxsr, ht, mmx, 3dnowpref, sse, sse2, sse3, ssse3, sse4.1, sse4.2, popcnt, lzcnt, tsc, tscinvbit, avx, avx2, aes, erms, clmul, bmi1, bmi2, adx, sha, fma, vzeroupper, clflush, clflushopt, clwb, hv

Memory: 4k page, system-wide physical 16197M (950M free)
TotalPageFile size 29361M (AvailPageFile size 3M)
current process WorkingSet (physical memory assigned to process): 1075M, peak: 1133M
current process commit charge ("private bytes"): 1314M, peak: 1317M

vm_info: Java HotSpot(TM) 64-Bit Server VM (17.0.12+8-LTS-286) for windows-amd64 JRE (17.0.12+8-LTS-286), built on Jun  5 2024 06:46:59 by "mach5one" with MS VC++ 17.6 (VS2022)

END.
